{"type":"FeatureCollection","features":[{"type":"Feature","properties":{"id":"OCD-00001","so_to":10,"so_thua":1,"dia_chi":"","dien_tich":3258.4,"osm_id":37934708},"geometry":{"type":"Polygon","coordinates":[[[105.8329728,21.0290981],[105.8329603,21.029036],[105.8330278,21.0289716],[105.8331217,21.0290273],[105.8331449,21.0289921],[105.8333828,21.0291349],[105.8335061,21.029503],[105.8334726,21.0295106],[105.83348,21.0295338],[105.8335135,21.0295254],[105.8336255,21.0298419],[105.8335929,21.0298509],[105.8336007,21.0298739],[105.8336333,21.0298656],[105.8337542,21.0302303],[105.8336356,21.0304662],[105.8335879,21.0305419],[105.8334794,21.0305745],[105.8334478,21.0304868],[105.8335929,21.0302142],[105.8332476,21.0292479],[105.8329728,21.0290981]]]}},{"type":"Feature","properties":{"id":"OCD-00002","so_to":10,"so_thua":2,"dia_chi":"","dien_tich":2090.4,"osm_id":37934709},"geometry":{"type":"Polygon","coordinates":[[[105.8320955,21.0294103],[105.8321719,21.0294183],[105.8321895,21.0294206],[105.8322118,21.0294862],[105.8322675,21.029469],[105.8323368,21.0296648],[105.8323816,21.0297909],[105.8325208,21.0301843],[105.8325693,21.0303206],[105.8326605,21.0305774],[105.8326035,21.0305951],[105.8326132,21.0306265],[105.8326021,21.0306355],[105.8325419,21.030683],[105.8324299,21.0303638],[105.832382,21.030227],[105.8322439,21.0298335],[105.8321999,21.0297078],[105.8320955,21.0294103]]]}},{"type":"Feature","properties":{"id":"OCD-00003","so_to":10,"so_thua":3,"dia_chi":"59 Phố Hoàng Cầu","dien_tich":4388.5,"osm_id":148202946},"geometry":{"type":"Polygon","coordinates":[[[105.8248047,21.0177688],[105.8253548,21.0175138],[105.8250282,21.0168998],[105.8244789,21.0171544],[105.8245584,21.0173038],[105.8246556,21.0172587],[105.8247173,21.0173755],[105.824785,21.0175053],[105.8248246,21.0175796],[105.8247279,21.0176245],[105.8248047,21.0177688]]]}},{"type":"Feature","properties":{"id":"OCD-00004","so_to":10,"so_thua":4,"dia_chi":"12 Phố Trịnh Hoài Đức","dien_tich":1857,"osm_id":180075508},"geometry":{"type":"Polygon","coordinates":[[[105.8317125,21.0301218],[105.8317372,21.0301142],[105.8320498,21.0300181],[105.8318974,21.0295857],[105.83156,21.0296894],[105.8317125,21.0301218]]]}},{"type":"Feature","properties":{"id":"OCD-00005","so_to":10,"so_thua":5,"dia_chi":"","dien_tich":658.8,"osm_id":196903985},"geometry":{"type":"Polygon","coordinates":[[[105.8280024,21.0265779],[105.8279395,21.0263857],[105.8283752,21.0262614],[105.8284318,21.0264344],[105.8283532,21.0264568],[105.8283218,21.0263611],[105.8280628,21.026435],[105.8281005,21.02655],[105.8280024,21.0265779]]]}},{"type":"Feature","properties":{"id":"OCD-00006","so_to":10,"so_thua":6,"dia_chi":"","dien_tich":218.8,"osm_id":196903988},"geometry":{"type":"Polygon","coordinates":[[[105.8295902,21.027702],[105.8295377,21.0276766],[105.8295311,21.0276102],[105.8296867,21.0275968],[105.8296826,21.0276215],[105.8297618,21.0276144],[105.8297618,21.0276845],[105.8295902,21.027702]]]}},{"type":"Feature","properties":{"id":"OCD-00007","so_to":10,"so_thua":7,"dia_chi":"","dien_tich":2123.7,"osm_id":196903990},"geometry":{"type":"Polygon","coordinates":[[[105.8262559,21.0230915],[105.8265112,21.0230309],[105.826578,21.023276],[105.8265357,21.023286],[105.8265812,21.023453],[105.8260012,21.0235909],[105.825848,21.0230294],[105.8259492,21.0230048],[105.8260757,21.0234687],[105.8264577,21.0233779],[105.8264401,21.0233135],[105.8263239,21.0233411],[105.8262559,21.0230915]]]}},{"type":"Feature","properties":{"id":"OCD-00008","so_to":10,"so_thua":8,"dia_chi":"","dien_tich":279.4,"osm_id":196903991},"geometry":{"type":"Polygon","coordinates":[[[105.831149,21.0277682],[105.8312102,21.0277594],[105.8312143,21.0277841],[105.8312812,21.0277745],[105.8312766,21.0277466],[105.8314117,21.0277272],[105.8314,21.0276565],[105.8313826,21.0276466],[105.8311348,21.0276822],[105.831149,21.0277682]]]}},{"type":"Feature","properties":{"id":"OCD-00009","so_to":10,"so_thua":9,"dia_chi":"20 Phố An Trạch","dien_tich":755,"osm_id":196903993},"geometry":{"type":"Polygon","coordinates":[[[105.8306233,21.0278168],[105.8306011,21.0277044],[105.8306384,21.0276979],[105.8306263,21.0276366],[105.8306998,21.0276239],[105.83071,21.0276754],[105.8309698,21.0276306],[105.8309714,21.0276389],[105.8310906,21.0276183],[105.8311176,21.0277546],[105.8310618,21.0277642],[105.8310574,21.0277419],[105.8306233,21.0278168]]]}},{"type":"Feature","properties":{"id":"OCD-00010","so_to":10,"so_thua":10,"dia_chi":"","dien_tich":570.9,"osm_id":196903994},"geometry":{"type":"Polygon","coordinates":[[[105.828394,21.027006],[105.8283699,21.0269133],[105.8288178,21.0267706],[105.828843,21.0268804],[105.8288243,21.026923],[105.8287856,21.0269384],[105.828789,21.0268913],[105.828394,21.027006]]]}},{"type":"Feature","properties":{"id":"OCD-00011","so_to":10,"so_thua":11,"dia_chi":"40 Phố Cát Linh","dien_tich":2279.6,"osm_id":200543135},"geometry":{"type":"Polygon","coordinates":[[[105.8288063,21.0294942],[105.8288856,21.0298366],[105.8292641,21.0299668],[105.829205,21.0301045],[105.828836,21.0299877],[105.8285545,21.0302256],[105.8284406,21.0301145],[105.8286679,21.029934],[105.8286406,21.029914],[105.8286362,21.0298883],[105.8286595,21.0298633],[105.8286968,21.0298631],[105.8286284,21.0295262],[105.8288063,21.0294942]]]}},{"type":"Feature","properties":{"id":"OCD-00012","so_to":10,"so_thua":12,"dia_chi":"29 Đường La Thành","dien_tich":1288.2,"osm_id":207982235},"geometry":{"type":"Polygon","coordinates":[[[105.829118,21.0190996],[105.8293892,21.0189355],[105.8295696,21.0189627],[105.8296391,21.0190958],[105.8292618,21.0193244],[105.829118,21.0190996]]]}},{"type":"Feature","properties":{"id":"OCD-00013","so_to":10,"so_thua":13,"dia_chi":"185 Giảng Võ","dien_tich":683.2,"osm_id":218118463},"geometry":{"type":"Polygon","coordinates":[[[105.8248572,21.0270607],[105.8250464,21.0272291],[105.8248782,21.0273938],[105.824689,21.0272253],[105.8248572,21.0270607]]]}},{"type":"Feature","properties":{"id":"OCD-00014","so_to":10,"so_thua":14,"dia_chi":"192 Phố Hào Nam","dien_tich":6018,"osm_id":512285543},"geometry":{"type":"Polygon","coordinates":[[[105.8270515,21.0291123],[105.8271562,21.0281288],[105.8271668,21.0278013],[105.8272067,21.027353],[105.8273356,21.027363],[105.8275093,21.0273763],[105.8274695,21.0278262],[105.8274411,21.0281474],[105.8273963,21.028653],[105.8273536,21.0291357],[105.8272909,21.0291309],[105.8271993,21.0291238],[105.8271602,21.0291207],[105.8271188,21.0291174],[105.8270788,21.0291144],[105.8270515,21.0291123]]]}},{"type":"Feature","properties":{"id":"OCD-00015","so_to":10,"so_thua":15,"dia_chi":"","dien_tich":2417.7,"osm_id":512285546},"geometry":{"type":"Polygon","coordinates":[[[105.8254393,21.0205876],[105.825083,21.0198788],[105.8250333,21.0197799],[105.8251094,21.0197466],[105.8251751,21.0197178],[105.8252468,21.0196864],[105.8253073,21.0198066],[105.8256529,21.0204941],[105.8255742,21.0205286],[105.8255013,21.0205605],[105.8254393,21.0205876]]]}},{"type":"Feature","properties":{"id":"OCD-00016","so_to":10,"so_thua":16,"dia_chi":"139 Phố Nguyễn Thái Học","dien_tich":397.8,"osm_id":702790691},"geometry":{"type":"Polygon","coordinates":[[[105.8352923,21.0304019],[105.8355351,21.0303318],[105.8355954,21.0303818],[105.8356068,21.0304363],[105.8353285,21.0305208],[105.8352923,21.0304019]]]}},{"type":"Feature","properties":{"id":"OCD-00017","so_to":10,"so_thua":17,"dia_chi":"36 Phố Hoàng Cầu","dien_tich":1629.1,"osm_id":839881655},"geometry":{"type":"Polygon","coordinates":[[[105.8239308,21.0189713],[105.8237909,21.0186843],[105.8242003,21.0185104],[105.8243402,21.0187974],[105.8239308,21.0189713]]]}},{"type":"Feature","properties":{"id":"OCD-00018","so_to":10,"so_thua":18,"dia_chi":"36 Phố Hoàng Cầu","dien_tich":1470.3,"osm_id":839881656},"geometry":{"type":"Polygon","coordinates":[[[105.8241529,21.0193501],[105.8240145,21.0190722],[105.8243932,21.0189079],[105.8245317,21.0191858],[105.8241529,21.0193501]]]}},{"type":"Feature","properties":{"id":"OCD-00019","so_to":10,"so_thua":19,"dia_chi":"36 Phố Hoàng Cầu","dien_tich":1736.6,"osm_id":839881657},"geometry":{"type":"Polygon","coordinates":[[[105.8238638,21.0191519],[105.8234369,21.0193368],[105.8235817,21.0196282],[105.8240086,21.0194434],[105.8238638,21.0191519]]]}},{"type":"Feature","properties":{"id":"OCD-00020","so_to":10,"so_thua":20,"dia_chi":"","dien_tich":1071.9,"osm_id":839881660},"geometry":{"type":"Polygon","coordinates":[[[105.8229968,21.0198862],[105.8229809,21.0196211],[105.8233318,21.0196028],[105.8233477,21.0198679],[105.8229968,21.0198862]]]}},{"type":"Feature","properties":{"id":"OCD-00021","so_to":10,"so_thua":21,"dia_chi":"","dien_tich":2223.4,"osm_id":839881661},"geometry":{"type":"Polygon","coordinates":[[[105.8224792,21.0199362],[105.8227491,21.0199513],[105.8227434,21.0195772],[105.8226175,21.0195766],[105.8226107,21.0195213],[105.8227201,21.0194895],[105.8225495,21.0191306],[105.8223253,21.0192282],[105.8224656,21.0195176],[105.8224916,21.0196108],[105.8224792,21.0199362]]]}},{"type":"Feature","properties":{"id":"OCD-00022","so_to":10,"so_thua":22,"dia_chi":"Ngõ 34 Hoàng Cầu","dien_tich":1151.7,"osm_id":839881663},"geometry":{"type":"Polygon","coordinates":[[[105.8217638,21.019641],[105.8222198,21.0194412],[105.8221293,21.0192611],[105.8216732,21.0194607],[105.8217638,21.019641]]]}},{"type":"Feature","properties":{"id":"OCD-00023","so_to":10,"so_thua":23,"dia_chi":"","dien_tich":1004.8,"osm_id":840439576},"geometry":{"type":"Polygon","coordinates":[[[105.8289732,21.0185879],[105.8288837,21.0186333],[105.828778,21.0184985],[105.8285264,21.0186705],[105.828635,21.0188084],[105.8285516,21.0188741],[105.828411,21.0186948],[105.8284316,21.0186808],[105.8284147,21.0186592],[105.8284188,21.0186389],[105.8284465,21.01862],[105.8284349,21.0186052],[105.8287929,21.0183605],[105.8289732,21.0185879]]]}},{"type":"Feature","properties":{"id":"OCD-00024","so_to":10,"so_thua":24,"dia_chi":"","dien_tich":810.8,"osm_id":841190425},"geometry":{"type":"Polygon","coordinates":[[[105.8204592,21.020738],[105.8204589,21.0206584],[105.8207141,21.0206578],[105.8207132,21.0203737],[105.8207973,21.0203735],[105.8207982,21.0206551],[105.8210388,21.0206545],[105.821039,21.0207364],[105.8204592,21.020738]]]}},{"type":"Feature","properties":{"id":"OCD-00025","so_to":10,"so_thua":25,"dia_chi":"162A Phố Tôn Đức Thắng","dien_tich":683.6,"osm_id":860294713},"geometry":{"type":"Polygon","coordinates":[[[105.832148,21.0247364],[105.8322253,21.0247145],[105.8322175,21.0246903],[105.8324137,21.0246348],[105.8323932,21.0245716],[105.8324077,21.0245676],[105.8323917,21.0245181],[105.8323807,21.0245212],[105.8323662,21.0244763],[105.8321744,21.0245302],[105.8321658,21.0245034],[105.8320796,21.0245277],[105.8320593,21.0245943],[105.8320841,21.0246892],[105.832148,21.0247364]]]}},{"type":"Feature","properties":{"id":"OCD-00026","so_to":10,"so_thua":26,"dia_chi":"","dien_tich":426.7,"osm_id":862095201},"geometry":{"type":"Polygon","coordinates":[[[105.8233434,21.0238773],[105.823779,21.0237376],[105.8237509,21.0236613],[105.8233154,21.023801],[105.8233434,21.0238773]]]}},{"type":"Feature","properties":{"id":"OCD-00027","so_to":10,"so_thua":27,"dia_chi":"","dien_tich":416.5,"osm_id":862095202},"geometry":{"type":"Polygon","coordinates":[[[105.8241293,21.0236436],[105.8245707,21.0235074],[105.8245445,21.0234334],[105.824103,21.0235695],[105.8241293,21.0236436]]]}},{"type":"Feature","properties":{"id":"OCD-00028","so_to":10,"so_thua":28,"dia_chi":"","dien_tich":253.8,"osm_id":862095203},"geometry":{"type":"Polygon","coordinates":[[[105.824532,21.023753],[105.8246309,21.0237218],[105.8245595,21.0235219],[105.8244601,21.0235529],[105.8244897,21.0236364],[105.824532,21.023753]]]}},{"type":"Feature","properties":{"id":"OCD-00029","so_to":10,"so_thua":29,"dia_chi":"","dien_tich":495.8,"osm_id":862095204},"geometry":{"type":"Polygon","coordinates":[[[105.8242,21.0238581],[105.824532,21.023753],[105.8244897,21.0236364],[105.8241576,21.0237415],[105.8242,21.0238581]]]}},{"type":"Feature","properties":{"id":"OCD-00030","so_to":10,"so_thua":30,"dia_chi":"","dien_tich":200.7,"osm_id":862095207},"geometry":{"type":"Polygon","coordinates":[[[105.8238706,21.0238505],[105.8241219,21.02377],[105.824099,21.0237078],[105.8238477,21.0237883],[105.8238706,21.0238505]]]}},{"type":"Feature","properties":{"id":"OCD-00031","so_to":10,"so_thua":31,"dia_chi":"","dien_tich":570.7,"osm_id":862095208},"geometry":{"type":"Polygon","coordinates":[[[105.8234323,21.0240965],[105.8239652,21.0239258],[105.8239959,21.0240091],[105.823463,21.02418],[105.8234323,21.0240965]]]}},{"type":"Feature","properties":{"id":"OCD-00032","so_to":10,"so_thua":32,"dia_chi":"","dien_tich":260.5,"osm_id":862095209},"geometry":{"type":"Polygon","coordinates":[[[105.8233457,21.0240603],[105.8234483,21.0240274],[105.8234351,21.0239918],[105.8235388,21.0239585],[105.8235069,21.0238718],[105.8234265,21.0238976],[105.8234468,21.023953],[105.8234211,21.0239613],[105.8234001,21.0239041],[105.8233,21.0239362],[105.8233457,21.0240603]]]}},{"type":"Feature","properties":{"id":"OCD-00033","so_to":10,"so_thua":33,"dia_chi":"187 Phố Giảng Võ","dien_tich":1763.6,"osm_id":862423875},"geometry":{"type":"Polygon","coordinates":[[[105.8231853,21.0259291],[105.8234122,21.0256944],[105.8234441,21.0257213],[105.8237422,21.0259739],[105.8237718,21.0259989],[105.8235449,21.0262334],[105.8234467,21.0261506],[105.8232809,21.0260105],[105.8231853,21.0259291]]]}},{"type":"Feature","properties":{"id":"OCD-00034","so_to":10,"so_thua":34,"dia_chi":"185 Phố Giảng Võ","dien_tich":610.5,"osm_id":862423877},"geometry":{"type":"Polygon","coordinates":[[[105.8236154,21.0263634],[105.8237457,21.0262363],[105.823964,21.0264314],[105.8238337,21.0265584],[105.8236154,21.0263634]]]}},{"type":"Feature","properties":{"id":"OCD-00035","so_to":10,"so_thua":35,"dia_chi":"83 Phố Hào Nam","dien_tich":964.8,"osm_id":865980168},"geometry":{"type":"Polygon","coordinates":[[[105.8262417,21.024158],[105.8261283,21.0237421],[105.8262755,21.0237072],[105.8263327,21.0237414],[105.8264338,21.0241123],[105.8262417,21.024158]]]}},{"type":"Feature","properties":{"id":"OCD-00036","so_to":10,"so_thua":36,"dia_chi":"","dien_tich":1552,"osm_id":865980169},"geometry":{"type":"Polygon","coordinates":[[[105.8265786,21.0241484],[105.8266174,21.0241389],[105.826634,21.0241972],[105.8268329,21.0241481],[105.8266944,21.0236601],[105.8266687,21.0236664],[105.8266619,21.0236424],[105.8265871,21.0236047],[105.8264783,21.0236304],[105.8264653,21.0236566],[105.826483,21.0237189],[105.8264583,21.023725],[105.8265786,21.0241484]]]}},{"type":"Feature","properties":{"id":"OCD-00037","so_to":10,"so_thua":37,"dia_chi":"Ngõ 34 Hoàng Cầu","dien_tich":2423,"osm_id":871599859},"geometry":{"type":"Polygon","coordinates":[[[105.8223047,21.0199954],[105.8218277,21.0200022],[105.8216774,21.0200043],[105.8215429,21.0199541],[105.821375,21.0195813],[105.8215326,21.0195195],[105.8216349,21.0197466],[105.8217199,21.0197902],[105.8218206,21.0197888],[105.8223012,21.0197819],[105.8223047,21.0199954]]]}},{"type":"Feature","properties":{"id":"OCD-00038","so_to":10,"so_thua":38,"dia_chi":"","dien_tich":162.1,"osm_id":871599862},"geometry":{"type":"Polygon","coordinates":[[[105.824785,21.0175053],[105.8246971,21.0175452],[105.8246294,21.0174154],[105.8247173,21.0173755],[105.824785,21.0175053]]]}},{"type":"Feature","properties":{"id":"OCD-00039","so_to":10,"so_thua":39,"dia_chi":"","dien_tich":1411.4,"osm_id":871889201},"geometry":{"type":"Polygon","coordinates":[[[105.8324905,21.0253759],[105.8324964,21.0253887],[105.8326185,21.0253399],[105.8325697,21.0252337],[105.8324545,21.0252797],[105.832439,21.025246],[105.8323371,21.0252867],[105.8323564,21.0253288],[105.8321072,21.0254282],[105.8320939,21.0253993],[105.8320068,21.025434],[105.8320177,21.0254577],[105.8317676,21.0255573],[105.8317633,21.0255272],[105.8315476,21.0256135],[105.8316018,21.0257315],[105.8324905,21.0253759]]]}},{"type":"Feature","properties":{"id":"OCD-00040","so_to":10,"so_thua":40,"dia_chi":"","dien_tich":925.9,"osm_id":872969928},"geometry":{"type":"Polygon","coordinates":[[[105.8241667,21.0263714],[105.8241007,21.0264386],[105.8247524,21.0269964],[105.8248184,21.0269292],[105.8241667,21.0263714]]]}},{"type":"Feature","properties":{"id":"OCD-00041","so_to":10,"so_thua":41,"dia_chi":"","dien_tich":350.8,"osm_id":884063645},"geometry":{"type":"Polygon","coordinates":[[[105.8275745,21.0179389],[105.8276145,21.0179146],[105.8276019,21.0178965],[105.8276887,21.0178438],[105.8277042,21.017866],[105.8277466,21.0178402],[105.8276497,21.0177011],[105.8274804,21.0178039],[105.8275745,21.0179389]]]}},{"type":"Feature","properties":{"id":"OCD-00042","so_to":10,"so_thua":42,"dia_chi":"","dien_tich":547.2,"osm_id":884063647},"geometry":{"type":"Polygon","coordinates":[[[105.8275431,21.0179843],[105.8277406,21.0183079],[105.8278275,21.0183261],[105.8279729,21.0182488],[105.8279116,21.0181483],[105.8277714,21.0182228],[105.827744,21.0181763],[105.8276892,21.0180887],[105.8276056,21.0179511],[105.8275431,21.0179843]]]}},{"type":"Feature","properties":{"id":"OCD-00043","so_to":10,"so_thua":43,"dia_chi":"","dien_tich":257.7,"osm_id":884063649},"geometry":{"type":"Polygon","coordinates":[[[105.827744,21.0181763],[105.8278883,21.0180977],[105.8278257,21.0179977],[105.8278011,21.0180111],[105.8277758,21.0179706],[105.8277042,21.0180096],[105.8277373,21.0180625],[105.8276892,21.0180887],[105.827744,21.0181763]]]}},{"type":"Feature","properties":{"id":"OCD-00044","so_to":10,"so_thua":44,"dia_chi":"","dien_tich":676.7,"osm_id":885854283},"geometry":{"type":"Polygon","coordinates":[[[105.8258483,21.0188301],[105.8260308,21.019132],[105.8261788,21.019054],[105.8259963,21.0187521],[105.8258483,21.0188301]]]}},{"type":"Feature","properties":{"id":"OCD-00045","so_to":10,"so_thua":45,"dia_chi":"170 Đường La Thành","dien_tich":2951.9,"osm_id":893661058},"geometry":{"type":"Polygon","coordinates":[[[105.8277463,21.020992],[105.8278115,21.0210929],[105.8278313,21.0210818],[105.827842,21.0210984],[105.8278251,21.0211078],[105.8279924,21.0213682],[105.8280106,21.021358],[105.8280237,21.0213783],[105.8280084,21.0213868],[105.8280679,21.02148],[105.828189,21.0214127],[105.8281721,21.021386],[105.82818,21.0213816],[105.8281978,21.0214097],[105.8282258,21.0213942],[105.8282487,21.0214302],[105.8283324,21.0213838],[105.828314,21.0213548],[105.8283276,21.0213472],[105.8283436,21.0213724],[105.828419,21.0213306],[105.8283911,21.0212868],[105.8284166,21.0212726],[105.8283918,21.0212338],[105.828411,21.0212231],[105.8283684,21.0211566],[105.8283926,21.0211431],[105.8283676,21.0211043],[105.8283889,21.0210923],[105.8283576,21.0210438],[105.8280712,21.0212052],[105.8280085,21.0211082],[105.8283106,21.0209378],[105.8282943,21.0209126],[105.8283351,21.0208896],[105.8282921,21.0208233],[105.8283081,21.0208143],[105.8282387,21.0207076],[105.828069,21.0208037],[105.8280876,21.0208325],[105.828067,21.0208441],[105.8280512,21.0208198],[105.8278815,21.0209159],[105.8279017,21.0209469],[105.8278885,21.0209544],[105.8278684,21.0209233],[105.8277463,21.020992]]]}},{"type":"Feature","properties":{"id":"OCD-00046","so_to":10,"so_thua":46,"dia_chi":"21 Phố Cát Linh","dien_tich":1165.8,"osm_id":909125233},"geometry":{"type":"Polygon","coordinates":[[[105.8306701,21.0286897],[105.8306065,21.0283819],[105.8308842,21.0283319],[105.8309285,21.0285458],[105.8310602,21.0285221],[105.8310796,21.028616],[105.8309472,21.0286398],[105.8306701,21.0286897]]]}},{"type":"Feature","properties":{"id":"OCD-00047","so_to":10,"so_thua":47,"dia_chi":"16 Phố Cát Linh","dien_tich":597.4,"osm_id":909125237},"geometry":{"type":"Polygon","coordinates":[[[105.8321008,21.0290333],[105.8320271,21.0288712],[105.832299,21.0287635],[105.8323727,21.0289256],[105.8321008,21.0290333]]]}},{"type":"Feature","properties":{"id":"OCD-00048","so_to":10,"so_thua":48,"dia_chi":"11B Phố Cát Linh","dien_tich":1811.4,"osm_id":909125238},"geometry":{"type":"Polygon","coordinates":[[[105.8326615,21.0280769],[105.8324357,21.027528],[105.8326627,21.0274465],[105.8327068,21.0275536],[105.8327357,21.0275432],[105.8329175,21.0279852],[105.8326615,21.0280769]]]}},{"type":"Feature","properties":{"id":"OCD-00049","so_to":10,"so_thua":49,"dia_chi":"","dien_tich":287.1,"osm_id":939977284},"geometry":{"type":"Polygon","coordinates":[[[105.8293612,21.0223021],[105.8293768,21.0223292],[105.8294114,21.0223892],[105.8296338,21.0222776],[105.829601,21.0222205],[105.8295836,21.0221904],[105.8293612,21.0223021]]]}},{"type":"Feature","properties":{"id":"OCD-00050","so_to":10,"so_thua":50,"dia_chi":"","dien_tich":745.8,"osm_id":939977286},"geometry":{"type":"Polygon","coordinates":[[[105.8288842,21.0212722],[105.8289179,21.0212601],[105.8288904,21.0211931],[105.8287467,21.0212444],[105.8287484,21.0212866],[105.8288457,21.0215224],[105.8288946,21.0215049],[105.8289062,21.021533],[105.82889,21.0215388],[105.8289179,21.0216066],[105.8289331,21.0216012],[105.8289457,21.021632],[105.8289686,21.0216238],[105.8289966,21.021692],[105.8290024,21.0216899],[105.829145,21.021639],[105.8291159,21.021568],[105.8290196,21.0216024],[105.8288842,21.0212722]]]}},{"type":"Feature","properties":{"id":"OCD-00051","so_to":10,"so_thua":51,"dia_chi":"","dien_tich":32.5,"osm_id":939977288},"geometry":{"type":"Polygon","coordinates":[[[105.8295836,21.0221904],[105.8296567,21.0221531],[105.829674,21.0221825],[105.829601,21.0222205],[105.8295836,21.0221904]]]}},{"type":"Feature","properties":{"id":"OCD-00052","so_to":10,"so_thua":52,"dia_chi":"","dien_tich":518.2,"osm_id":939977292},"geometry":{"type":"Polygon","coordinates":[[[105.829674,21.0221825],[105.8296567,21.0221531],[105.8294369,21.0217793],[105.8295229,21.0217353],[105.82976,21.0221384],[105.829674,21.0221825]]]}},{"type":"Feature","properties":{"id":"OCD-00053","so_to":10,"so_thua":53,"dia_chi":"","dien_tich":593.2,"osm_id":939977295},"geometry":{"type":"Polygon","coordinates":[[[105.8291058,21.0280166],[105.8294622,21.0279541],[105.8294421,21.0278542],[105.8291888,21.0278986],[105.8291609,21.0277601],[105.8290578,21.0277782],[105.8291058,21.0280166]]]}},{"type":"Feature","properties":{"id":"OCD-00054","so_to":10,"so_thua":54,"dia_chi":"","dien_tich":688.5,"osm_id":939977296},"geometry":{"type":"Polygon","coordinates":[[[105.8290021,21.0219832],[105.8292974,21.0224883],[105.8293888,21.0224417],[105.829335,21.0223496],[105.8293192,21.0223227],[105.8290936,21.0219366],[105.8290021,21.0219832]]]}},{"type":"Feature","properties":{"id":"OCD-00055","so_to":10,"so_thua":55,"dia_chi":"","dien_tich":1885.6,"osm_id":939977297},"geometry":{"type":"Polygon","coordinates":[[[105.8289997,21.0285362],[105.8296883,21.0283956],[105.8296659,21.0283],[105.8295844,21.0283167],[105.8295256,21.0280662],[105.8295675,21.0280576],[105.8295522,21.0279926],[105.8288965,21.0281267],[105.8289165,21.0282118],[105.8294106,21.0281109],[105.8294606,21.0283242],[105.8289733,21.0284237],[105.8289997,21.0285362]]]}},{"type":"Feature","properties":{"id":"OCD-00056","so_to":10,"so_thua":56,"dia_chi":"","dien_tich":1315.9,"osm_id":939977298},"geometry":{"type":"Polygon","coordinates":[[[105.8289895,21.0285513],[105.8297384,21.0284084],[105.8297476,21.0284473],[105.8297628,21.0285153],[105.8297047,21.0285265],[105.8294753,21.0285729],[105.8294666,21.0285747],[105.8291214,21.0286422],[105.8291778,21.0288997],[105.8290703,21.0289202],[105.8289895,21.0285513]]]}},{"type":"Feature","properties":{"id":"OCD-00057","so_to":10,"so_thua":57,"dia_chi":"","dien_tich":650.5,"osm_id":939977300},"geometry":{"type":"Polygon","coordinates":[[[105.8299242,21.0219044],[105.830093,21.0218252],[105.8299489,21.0215574],[105.82978,21.0216366],[105.8299242,21.0219044]]]}},{"type":"Feature","properties":{"id":"OCD-00058","so_to":10,"so_thua":58,"dia_chi":"","dien_tich":1029.6,"osm_id":939977303},"geometry":{"type":"Polygon","coordinates":[[[105.8301882,21.0217534],[105.830628,21.0215258],[105.8304719,21.021263],[105.8303897,21.0213056],[105.8304933,21.02148],[105.8302346,21.0216138],[105.8301424,21.0214586],[105.8300435,21.0215098],[105.8301882,21.0217534]]]}},{"type":"Feature","properties":{"id":"OCD-00059","so_to":10,"so_thua":59,"dia_chi":"","dien_tich":16.7,"osm_id":939977309},"geometry":{"type":"Polygon","coordinates":[[[105.8293612,21.0223021],[105.8293192,21.0223227],[105.829335,21.0223496],[105.8293768,21.0223292],[105.8293612,21.0223021]]]}},{"type":"Feature","properties":{"id":"OCD-00060","so_to":10,"so_thua":60,"dia_chi":"","dien_tich":599.3,"osm_id":962831142},"geometry":{"type":"Polygon","coordinates":[[[105.831608,21.026338],[105.8317024,21.0263021],[105.8320326,21.0261747],[105.832071,21.0262625],[105.8317345,21.0263907],[105.8317733,21.0264795],[105.831686,21.0265127],[105.831608,21.026338]]]}},{"type":"Feature","properties":{"id":"OCD-00061","so_to":10,"so_thua":61,"dia_chi":"","dien_tich":394.8,"osm_id":962831144},"geometry":{"type":"Polygon","coordinates":[[[105.831608,21.026338],[105.8316097,21.0263373],[105.8317024,21.0263021],[105.8316124,21.0260957],[105.8315662,21.0259898],[105.8314718,21.0260257],[105.831608,21.026338]]]}},{"type":"Feature","properties":{"id":"OCD-00062","so_to":10,"so_thua":62,"dia_chi":"","dien_tich":560.8,"osm_id":962831159},"geometry":{"type":"Polygon","coordinates":[[[105.8315662,21.0259898],[105.8316124,21.0260957],[105.8319379,21.0259669],[105.8320091,21.0259387],[105.8319619,21.0258349],[105.8315662,21.0259898]]]}},{"type":"Feature","properties":{"id":"OCD-00063","so_to":10,"so_thua":63,"dia_chi":"","dien_tich":344.9,"osm_id":962831163},"geometry":{"type":"Polygon","coordinates":[[[105.8319379,21.0259669],[105.8320326,21.0261747],[105.832071,21.0262625],[105.8320993,21.0263262],[105.8321711,21.0262979],[105.8320091,21.0259387],[105.8319379,21.0259669]]]}},{"type":"Feature","properties":{"id":"OCD-00064","so_to":10,"so_thua":64,"dia_chi":"","dien_tich":741.9,"osm_id":971896359},"geometry":{"type":"Polygon","coordinates":[[[105.8321545,21.0292939],[105.8322281,21.029335],[105.8322631,21.0292805],[105.8324234,21.029232],[105.8324084,21.0291888],[105.8329603,21.029036],[105.8330278,21.0289716],[105.8330004,21.028956],[105.8322262,21.0291821],[105.8321545,21.0292939]]]}},{"type":"Feature","properties":{"id":"OCD-00065","so_to":10,"so_thua":65,"dia_chi":"147 Phố Giảng Võ","dien_tich":487.1,"osm_id":1000828750},"geometry":{"type":"Polygon","coordinates":[[[105.8260528,21.0284476],[105.8261919,21.0282618],[105.8263288,21.0283511],[105.8262596,21.0284436],[105.8262793,21.0284565],[105.8262103,21.0285487],[105.8261742,21.0285252],[105.8261638,21.0285391],[105.8260664,21.0284756],[105.826076,21.0284627],[105.8260528,21.0284476]]]}},{"type":"Feature","properties":{"id":"OCD-00066","so_to":10,"so_thua":66,"dia_chi":"32 Phố Cát Linh","dien_tich":2058.6,"osm_id":1016775831},"geometry":{"type":"Polygon","coordinates":[[[105.8302574,21.0296928],[105.8303288,21.0296762],[105.8303202,21.0296442],[105.8305971,21.0295794],[105.8306057,21.0296114],[105.8306854,21.0295927],[105.8306966,21.0296344],[105.8307078,21.0296761],[105.8307856,21.0299661],[105.8306359,21.0300011],[105.8304952,21.030034],[105.8303576,21.0300662],[105.8302798,21.0297762],[105.8302683,21.0297334],[105.8302574,21.0296928]]]}},{"type":"Feature","properties":{"id":"OCD-00067","so_to":10,"so_thua":67,"dia_chi":"","dien_tich":548.2,"osm_id":1016775837},"geometry":{"type":"Polygon","coordinates":[[[105.8301268,21.0270307],[105.8300799,21.0268911],[105.8297697,21.0269799],[105.8298147,21.0271207],[105.8301268,21.0270307]]]}},{"type":"Feature","properties":{"id":"OCD-00068","so_to":10,"so_thua":68,"dia_chi":"","dien_tich":451.3,"osm_id":1016775838},"geometry":{"type":"Polygon","coordinates":[[[105.8299608,21.0272054],[105.8300729,21.0275307],[105.8299635,21.0275636],[105.8298513,21.0272383],[105.8299608,21.0272054]]]}},{"type":"Feature","properties":{"id":"OCD-00069","so_to":10,"so_thua":69,"dia_chi":"","dien_tich":417.4,"osm_id":1016775854},"geometry":{"type":"Polygon","coordinates":[[[105.830162,21.027137],[105.8301268,21.0270307],[105.8298147,21.0271207],[105.8298499,21.027227],[105.830162,21.027137]]]}},{"type":"Feature","properties":{"id":"OCD-00070","so_to":10,"so_thua":70,"dia_chi":"5 Phố Trịnh Hoài Đức","dien_tich":187.5,"osm_id":1023485670},"geometry":{"type":"Polygon","coordinates":[[[105.832743,21.0307529],[105.8327501,21.030775],[105.8326738,21.0307964],[105.8326955,21.0308636],[105.8326862,21.0308662],[105.8326997,21.0309081],[105.8328233,21.0308733],[105.8328148,21.0308465],[105.8328267,21.0308432],[105.8327935,21.0307389],[105.832743,21.0307529]]]}},{"type":"Feature","properties":{"id":"OCD-00071","so_to":10,"so_thua":71,"dia_chi":"7 Phố Trịnh Hoài Đức","dien_tich":167.2,"osm_id":1023485671},"geometry":{"type":"Polygon","coordinates":[[[105.8328363,21.0309104],[105.8329185,21.0308858],[105.8328809,21.0307676],[105.8328648,21.030772],[105.8328613,21.0307611],[105.8328975,21.0307494],[105.8328869,21.0307131],[105.8327935,21.0307389],[105.8328267,21.0308432],[105.8328148,21.0308465],[105.8328233,21.0308733],[105.8328363,21.0309104]]]}},{"type":"Feature","properties":{"id":"OCD-00072","so_to":10,"so_thua":72,"dia_chi":"","dien_tich":65.9,"osm_id":1040449657},"geometry":{"type":"Polygon","coordinates":[[[105.8225481,21.0218765],[105.8225367,21.0217795],[105.8224783,21.0217855],[105.8224897,21.0218825],[105.8225481,21.0218765]]]}},{"type":"Feature","properties":{"id":"OCD-00073","so_to":10,"so_thua":73,"dia_chi":"","dien_tich":435.1,"osm_id":1040449919},"geometry":{"type":"Polygon","coordinates":[[[105.8225134,21.0238637],[105.8225605,21.0239816],[105.8227394,21.0239192],[105.8228246,21.0238895],[105.8228129,21.0238601],[105.8228464,21.0238485],[105.8228183,21.0237783],[105.8227716,21.0237947],[105.8227642,21.0237762],[105.8225134,21.0238637]]]}},{"type":"Feature","properties":{"id":"OCD-00074","so_to":10,"so_thua":74,"dia_chi":"","dien_tich":258.9,"osm_id":1040449946},"geometry":{"type":"Polygon","coordinates":[[[105.8226841,21.0254053],[105.8227679,21.0254819],[105.822912,21.0253446],[105.8228283,21.025268],[105.8226841,21.0254053]]]}},{"type":"Feature","properties":{"id":"OCD-00075","so_to":10,"so_thua":75,"dia_chi":"","dien_tich":49.2,"osm_id":1040470254},"geometry":{"type":"Polygon","coordinates":[[[105.8206397,21.0223904],[105.8206075,21.0223116],[105.82056,21.0223285],[105.8205922,21.0224073],[105.8206397,21.0223904]]]}},{"type":"Feature","properties":{"id":"OCD-00076","so_to":10,"so_thua":76,"dia_chi":"","dien_tich":33.8,"osm_id":1040470588},"geometry":{"type":"Polygon","coordinates":[[[105.8213215,21.0215116],[105.8213729,21.0215049],[105.8213645,21.0214488],[105.821313,21.0214556],[105.8213215,21.0215116]]]}},{"type":"Feature","properties":{"id":"OCD-00077","so_to":10,"so_thua":77,"dia_chi":"","dien_tich":66.6,"osm_id":1040470661},"geometry":{"type":"Polygon","coordinates":[[[105.8227848,21.0224687],[105.8227513,21.0223961],[105.8226839,21.0224232],[105.8227174,21.0224958],[105.8227848,21.0224687]]]}},{"type":"Feature","properties":{"id":"OCD-00078","so_to":10,"so_thua":78,"dia_chi":"","dien_tich":26.9,"osm_id":1040487209},"geometry":{"type":"Polygon","coordinates":[[[105.8284319,21.0225162],[105.8284644,21.0225105],[105.8284503,21.022441],[105.8284178,21.0224467],[105.8284319,21.0225162]]]}},{"type":"Feature","properties":{"id":"OCD-00079","so_to":10,"so_thua":79,"dia_chi":"","dien_tich":36.7,"osm_id":1040487210},"geometry":{"type":"Polygon","coordinates":[[[105.8284037,21.0225582],[105.8284335,21.0225494],[105.8284006,21.0224518],[105.8283708,21.0224605],[105.8284037,21.0225582]]]}},{"type":"Feature","properties":{"id":"OCD-00080","so_to":10,"so_thua":80,"dia_chi":"","dien_tich":53.8,"osm_id":1040487211},"geometry":{"type":"Polygon","coordinates":[[[105.8286113,21.0223385],[105.8287601,21.0223134],[105.8287542,21.0222829],[105.8286054,21.022308],[105.8286113,21.0223385]]]}},{"type":"Feature","properties":{"id":"OCD-00081","so_to":10,"so_thua":81,"dia_chi":"","dien_tich":19.5,"osm_id":1040487212},"geometry":{"type":"Polygon","coordinates":[[[105.8285348,21.0223529],[105.8286005,21.0223297],[105.8285914,21.0223071],[105.8285257,21.0223302],[105.8285348,21.0223529]]]}},{"type":"Feature","properties":{"id":"OCD-00082","so_to":10,"so_thua":82,"dia_chi":"","dien_tich":234.4,"osm_id":1040487213},"geometry":{"type":"Polygon","coordinates":[[[105.8283511,21.0223817],[105.8284864,21.0223493],[105.8284475,21.0222078],[105.8283122,21.0222402],[105.8283511,21.0223817]]]}},{"type":"Feature","properties":{"id":"OCD-00083","so_to":10,"so_thua":83,"dia_chi":"","dien_tich":206.1,"osm_id":1040487214},"geometry":{"type":"Polygon","coordinates":[[[105.8281124,21.0224355],[105.8282424,21.0224017],[105.8282042,21.0222736],[105.8280742,21.0223074],[105.8281124,21.0224355]]]}},{"type":"Feature","properties":{"id":"OCD-00084","so_to":10,"so_thua":84,"dia_chi":"","dien_tich":54.7,"osm_id":1040487270},"geometry":{"type":"Polygon","coordinates":[[[105.8311439,21.0234489],[105.8312365,21.0234075],[105.831215,21.0233657],[105.8311225,21.023407],[105.8311439,21.0234489]]]}},{"type":"Feature","properties":{"id":"OCD-00085","so_to":10,"so_thua":85,"dia_chi":"","dien_tich":550,"osm_id":1040487305},"geometry":{"type":"Polygon","coordinates":[[[105.8298319,21.0230511],[105.8298722,21.0230342],[105.8300157,21.0233317],[105.8301096,21.0232922],[105.829924,21.0229075],[105.8299215,21.0229086],[105.8299208,21.0229072],[105.8297892,21.0229626],[105.8298319,21.0230511]]]}},{"type":"Feature","properties":{"id":"OCD-00086","so_to":10,"so_thua":86,"dia_chi":"","dien_tich":36.3,"osm_id":1040487306},"geometry":{"type":"Polygon","coordinates":[[[105.8297445,21.022848],[105.8297584,21.0228734],[105.829857,21.0228265],[105.8298431,21.022801],[105.8297445,21.022848]]]}},{"type":"Feature","properties":{"id":"OCD-00087","so_to":10,"so_thua":87,"dia_chi":"","dien_tich":304.7,"osm_id":1040487316},"geometry":{"type":"Polygon","coordinates":[[[105.8297468,21.0227507],[105.8298285,21.0227168],[105.8296927,21.0224417],[105.8296146,21.0224756],[105.8297468,21.0227507]]]}},{"type":"Feature","properties":{"id":"OCD-00088","so_to":10,"so_thua":88,"dia_chi":"","dien_tich":33,"osm_id":1040487322},"geometry":{"type":"Polygon","coordinates":[[[105.8251411,21.0235753],[105.8251484,21.0235998],[105.8252571,21.0235716],[105.8252498,21.0235471],[105.8251411,21.0235753]]]}},{"type":"Feature","properties":{"id":"OCD-00089","so_to":10,"so_thua":89,"dia_chi":"","dien_tich":150.2,"osm_id":1040487323},"geometry":{"type":"Polygon","coordinates":[[[105.8250935,21.0234395],[105.8251311,21.0235427],[105.8252447,21.0235067],[105.8252072,21.0234035],[105.8250935,21.0234395]]]}},{"type":"Feature","properties":{"id":"OCD-00090","so_to":10,"so_thua":90,"dia_chi":"Ngõ 45 Phố Hào Nam","dien_tich":577.1,"osm_id":1040487325},"geometry":{"type":"Polygon","coordinates":[[[105.8248971,21.0233984],[105.8247755,21.0234297],[105.8247854,21.0234632],[105.8247385,21.0234753],[105.8248012,21.0236878],[105.8248394,21.023678],[105.8248548,21.0237301],[105.8249852,21.0236965],[105.8249464,21.0235651],[105.8249189,21.0234723],[105.8248971,21.0233984]]]}},{"type":"Feature","properties":{"id":"OCD-00091","so_to":10,"so_thua":91,"dia_chi":"","dien_tich":239,"osm_id":1040487334},"geometry":{"type":"Polygon","coordinates":[[[105.8250976,21.0242131],[105.8251807,21.0244071],[105.8252732,21.0243726],[105.8251901,21.0241786],[105.8250976,21.0242131]]]}},{"type":"Feature","properties":{"id":"OCD-00092","so_to":10,"so_thua":92,"dia_chi":"","dien_tich":51.7,"osm_id":1040487335},"geometry":{"type":"Polygon","coordinates":[[[105.8252424,21.0245179],[105.8252723,21.0243863],[105.8251975,21.0244146],[105.8252424,21.0245179]]]}},{"type":"Feature","properties":{"id":"OCD-00093","so_to":10,"so_thua":93,"dia_chi":"","dien_tich":232.9,"osm_id":1040487364},"geometry":{"type":"Polygon","coordinates":[[[105.8260216,21.0242782],[105.8260489,21.0244289],[105.8261797,21.0244083],[105.8261523,21.0242575],[105.8260216,21.0242782]]]}},{"type":"Feature","properties":{"id":"OCD-00094","so_to":10,"so_thua":94,"dia_chi":"","dien_tich":70.2,"osm_id":1040487370},"geometry":{"type":"Polygon","coordinates":[[[105.8295836,21.0244234],[105.8296513,21.0243558],[105.829603,21.0243137],[105.8295353,21.0243813],[105.8295836,21.0244234]]]}},{"type":"Feature","properties":{"id":"OCD-00095","so_to":10,"so_thua":95,"dia_chi":"","dien_tich":20.4,"osm_id":1040487371},"geometry":{"type":"Polygon","coordinates":[[[105.8295675,21.0245711],[105.829597,21.0246212],[105.8296242,21.0246072],[105.8295947,21.0245571],[105.8295675,21.0245711]]]}},{"type":"Feature","properties":{"id":"OCD-00096","so_to":10,"so_thua":96,"dia_chi":"","dien_tich":28.3,"osm_id":1040487372},"geometry":{"type":"Polygon","coordinates":[[[105.8294803,21.0246099],[105.8295004,21.024636],[105.8295627,21.024594],[105.8295427,21.024568],[105.8294803,21.0246099]]]}},{"type":"Feature","properties":{"id":"OCD-00097","so_to":10,"so_thua":97,"dia_chi":"","dien_tich":41.7,"osm_id":1040487373},"geometry":{"type":"Polygon","coordinates":[[[105.8295219,21.0244872],[105.8294793,21.0245264],[105.8295249,21.0245696],[105.8295675,21.0245304],[105.8295219,21.0244872]]]}},{"type":"Feature","properties":{"id":"OCD-00098","so_to":10,"so_thua":98,"dia_chi":"","dien_tich":163.3,"osm_id":1040487940},"geometry":{"type":"Polygon","coordinates":[[[105.8327718,21.0288416],[105.8328015,21.0288364],[105.8327854,21.028757],[105.8326655,21.028778],[105.8326807,21.0288537],[105.8327099,21.0288485],[105.8327249,21.0289229],[105.832786,21.0289122],[105.8327718,21.0288416]]]}},{"type":"Feature","properties":{"id":"OCD-00099","so_to":10,"so_thua":99,"dia_chi":"10 Phố Trịnh Hoài Đức","dien_tich":231.4,"osm_id":1040487941},"geometry":{"type":"Polygon","coordinates":[[[105.832164,21.0302264],[105.8320349,21.0302616],[105.8320434,21.0302886],[105.8319994,21.0303005],[105.8320189,21.0303627],[105.8320625,21.0303508],[105.832073,21.0303843],[105.8322023,21.0303491],[105.832164,21.0302264]]]}},{"type":"Feature","properties":{"id":"OCD-00100","so_to":10,"so_thua":100,"dia_chi":"","dien_tich":71,"osm_id":1040487951},"geometry":{"type":"Polygon","coordinates":[[[105.8319146,21.0294633],[105.8319758,21.0294428],[105.8319413,21.0293533],[105.8318801,21.0293739],[105.8319146,21.0294633]]]}},{"type":"Feature","properties":{"id":"OCD-00101","so_to":10,"so_thua":101,"dia_chi":"","dien_tich":126.4,"osm_id":1040487952},"geometry":{"type":"Polygon","coordinates":[[[105.83151,21.0290581],[105.8315452,21.0291503],[105.8316702,21.0291088],[105.8316451,21.0290429],[105.8315783,21.0290651],[105.8315682,21.0290388],[105.83151,21.0290581]]]}},{"type":"Feature","properties":{"id":"OCD-00102","so_to":10,"so_thua":102,"dia_chi":"","dien_tich":229.5,"osm_id":1040487953},"geometry":{"type":"Polygon","coordinates":[[[105.8317092,21.029512],[105.83185,21.0294682],[105.8318044,21.0293405],[105.8316636,21.0293843],[105.8317092,21.029512]]]}},{"type":"Feature","properties":{"id":"OCD-00103","so_to":10,"so_thua":103,"dia_chi":"","dien_tich":519.7,"osm_id":1040487954},"geometry":{"type":"Polygon","coordinates":[[[105.8315334,21.0295584],[105.8316665,21.0295185],[105.8315603,21.0292104],[105.8314272,21.0292504],[105.8315334,21.0295584]]]}},{"type":"Feature","properties":{"id":"OCD-00104","so_to":10,"so_thua":104,"dia_chi":"","dien_tich":174.5,"osm_id":1040487955},"geometry":{"type":"Polygon","coordinates":[[[105.8347018,21.0291929],[105.8347705,21.0291561],[105.8346681,21.0289898],[105.8345994,21.0290267],[105.8347018,21.0291929]]]}},{"type":"Feature","properties":{"id":"OCD-00105","so_to":10,"so_thua":105,"dia_chi":"","dien_tich":475.9,"osm_id":1040487956},"geometry":{"type":"Polygon","coordinates":[[[105.8341393,21.0297373],[105.833869,21.0298222],[105.8339186,21.0299599],[105.8341889,21.029875],[105.8341393,21.0297373]]]}},{"type":"Feature","properties":{"id":"OCD-00106","so_to":10,"so_thua":106,"dia_chi":"","dien_tich":198.8,"osm_id":1040487957},"geometry":{"type":"Polygon","coordinates":[[[105.8328114,21.0287128],[105.8328208,21.0287626],[105.8329164,21.0287468],[105.832907,21.0286972],[105.8329351,21.0286926],[105.8329207,21.0286163],[105.8327628,21.0286422],[105.8327773,21.0287185],[105.8328114,21.0287128]]]}},{"type":"Feature","properties":{"id":"OCD-00107","so_to":10,"so_thua":107,"dia_chi":"","dien_tich":126.8,"osm_id":1040487958},"geometry":{"type":"Polygon","coordinates":[[[105.8325912,21.0287584],[105.832632,21.0287499],[105.8326175,21.0286895],[105.832475,21.0287195],[105.8324899,21.0287815],[105.8325404,21.0287709],[105.8325485,21.0288048],[105.8325998,21.0287941],[105.8325912,21.0287584]]]}},{"type":"Feature","properties":{"id":"OCD-00108","so_to":10,"so_thua":108,"dia_chi":"","dien_tich":612.3,"osm_id":1040487959},"geometry":{"type":"Polygon","coordinates":[[[105.8314741,21.0285899],[105.8316242,21.0285608],[105.8315487,21.0282204],[105.8313985,21.0282494],[105.8314741,21.0285899]]]}},{"type":"Feature","properties":{"id":"OCD-00109","so_to":10,"so_thua":109,"dia_chi":"","dien_tich":37.2,"osm_id":1040488871},"geometry":{"type":"Polygon","coordinates":[[[105.825463,21.0260457],[105.8255381,21.0260194],[105.8255229,21.0259816],[105.8254478,21.0260078],[105.825463,21.0260457]]]}},{"type":"Feature","properties":{"id":"OCD-00110","so_to":10,"so_thua":110,"dia_chi":"","dien_tich":87.2,"osm_id":1040488872},"geometry":{"type":"Polygon","coordinates":[[[105.825473,21.0260939],[105.8255106,21.0261847],[105.8255834,21.0261584],[105.8255458,21.0260677],[105.825473,21.0260939]]]}},{"type":"Feature","properties":{"id":"OCD-00111","so_to":10,"so_thua":111,"dia_chi":"","dien_tich":42.8,"osm_id":1040488873},"geometry":{"type":"Polygon","coordinates":[[[105.8254047,21.0260683],[105.8254382,21.0261546],[105.8254764,21.0261417],[105.8254428,21.0260554],[105.8254047,21.0260683]]]}},{"type":"Feature","properties":{"id":"OCD-00112","so_to":10,"so_thua":112,"dia_chi":"","dien_tich":715.5,"osm_id":1040488874},"geometry":{"type":"Polygon","coordinates":[[[105.8251579,21.0259916],[105.8250149,21.0261371],[105.8252473,21.0263361],[105.8253904,21.0261905],[105.8251579,21.0259916]]]}},{"type":"Feature","properties":{"id":"OCD-00113","so_to":10,"so_thua":113,"dia_chi":"","dien_tich":1397.7,"osm_id":1040488875},"geometry":{"type":"Polygon","coordinates":[[[105.8246589,21.0263444],[105.8250371,21.0259643],[105.8248652,21.0258153],[105.824487,21.0261954],[105.8246589,21.0263444]]]}},{"type":"Feature","properties":{"id":"OCD-00114","so_to":10,"so_thua":114,"dia_chi":"","dien_tich":649.6,"osm_id":1040488876},"geometry":{"type":"Polygon","coordinates":[[[105.8240072,21.0260508],[105.8242197,21.0262335],[105.8243618,21.0260896],[105.8241494,21.0259068],[105.8240072,21.0260508]]]}},{"type":"Feature","properties":{"id":"OCD-00115","so_to":10,"so_thua":115,"dia_chi":"","dien_tich":775.9,"osm_id":1040488877},"geometry":{"type":"Polygon","coordinates":[[[105.823511,21.0256314],[105.8238745,21.0259031],[105.8239716,21.0257898],[105.8236082,21.0255182],[105.823511,21.0256314]]]}},{"type":"Feature","properties":{"id":"OCD-00116","so_to":10,"so_thua":116,"dia_chi":"","dien_tich":690.8,"osm_id":1040488878},"geometry":{"type":"Polygon","coordinates":[[[105.8229672,21.0252834],[105.8233447,21.0256007],[105.8234296,21.0255128],[105.8230521,21.0251954],[105.8229672,21.0252834]]]}},{"type":"Feature","properties":{"id":"OCD-00117","so_to":10,"so_thua":117,"dia_chi":"","dien_tich":610.6,"osm_id":1040488879},"geometry":{"type":"Polygon","coordinates":[[[105.8228546,21.0254249],[105.8232254,21.0257422],[105.8233019,21.0256643],[105.8229311,21.025347],[105.8228546,21.0254249]]]}},{"type":"Feature","properties":{"id":"OCD-00118","so_to":10,"so_thua":118,"dia_chi":"","dien_tich":1206.2,"osm_id":1040488880},"geometry":{"type":"Polygon","coordinates":[[[105.8221897,21.0235739],[105.8222237,21.0236588],[105.8221955,21.0236686],[105.8222086,21.0237012],[105.8222388,21.0236907],[105.8222701,21.0237688],[105.8224321,21.0237123],[105.8224237,21.0236912],[105.8224574,21.0236795],[105.8224656,21.0236998],[105.8225412,21.0236734],[105.8225313,21.0236486],[105.8225638,21.0236373],[105.8225751,21.0236655],[105.8227328,21.0236105],[105.8227002,21.0235291],[105.8227438,21.0235139],[105.8227313,21.0234825],[105.8226929,21.0234959],[105.8226586,21.0234102],[105.8221897,21.0235739]]]}},{"type":"Feature","properties":{"id":"OCD-00119","so_to":10,"so_thua":119,"dia_chi":"","dien_tich":62.9,"osm_id":1040488886},"geometry":{"type":"Polygon","coordinates":[[[105.8230678,21.0224724],[105.8231121,21.0225676],[105.8231605,21.0225479],[105.8231162,21.0224528],[105.8230678,21.0224724]]]}},{"type":"Feature","properties":{"id":"OCD-00120","so_to":10,"so_thua":120,"dia_chi":"","dien_tich":47.7,"osm_id":1040488887},"geometry":{"type":"Polygon","coordinates":[[[105.8253892,21.0230244],[105.8254054,21.0230783],[105.8254768,21.0230595],[105.8254606,21.0230056],[105.8253892,21.0230244]]]}},{"type":"Feature","properties":{"id":"OCD-00121","so_to":10,"so_thua":121,"dia_chi":"","dien_tich":13.7,"osm_id":1040488888},"geometry":{"type":"Polygon","coordinates":[[[105.8253852,21.0229912],[105.8253931,21.023014],[105.8254404,21.0229996],[105.8254324,21.0229768],[105.8253852,21.0229912]]]}},{"type":"Feature","properties":{"id":"OCD-00122","so_to":10,"so_thua":122,"dia_chi":"","dien_tich":96.8,"osm_id":1040488889},"geometry":{"type":"Polygon","coordinates":[[[105.8253506,21.0228938],[105.8253672,21.0229502],[105.8255061,21.0229145],[105.8254894,21.0228581],[105.8253506,21.0228938]]]}},{"type":"Feature","properties":{"id":"OCD-00123","so_to":10,"so_thua":123,"dia_chi":"","dien_tich":65.2,"osm_id":1040488890},"geometry":{"type":"Polygon","coordinates":[[[105.8253394,21.0228558],[105.8253506,21.0228938],[105.8254894,21.0228581],[105.8254782,21.0228201],[105.8253394,21.0228558]]]}},{"type":"Feature","properties":{"id":"OCD-00124","so_to":10,"so_thua":124,"dia_chi":"","dien_tich":69.9,"osm_id":1040488891},"geometry":{"type":"Polygon","coordinates":[[[105.8253274,21.022815],[105.8253394,21.0228558],[105.8254782,21.0228201],[105.8254662,21.0227794],[105.8253274,21.022815]]]}},{"type":"Feature","properties":{"id":"OCD-00125","so_to":10,"so_thua":125,"dia_chi":"","dien_tich":61.2,"osm_id":1040488892},"geometry":{"type":"Polygon","coordinates":[[[105.8253168,21.0227793],[105.8253274,21.022815],[105.8254662,21.0227794],[105.8254556,21.0227437],[105.8253168,21.0227793]]]}},{"type":"Feature","properties":{"id":"OCD-00126","so_to":10,"so_thua":126,"dia_chi":"","dien_tich":63.4,"osm_id":1040488893},"geometry":{"type":"Polygon","coordinates":[[[105.8253059,21.0227424],[105.8253168,21.0227793],[105.8254556,21.0227437],[105.8254447,21.0227067],[105.8253059,21.0227424]]]}},{"type":"Feature","properties":{"id":"OCD-00127","so_to":10,"so_thua":127,"dia_chi":"","dien_tich":49,"osm_id":1040488894},"geometry":{"type":"Polygon","coordinates":[[[105.8252975,21.0227138],[105.8253059,21.0227424],[105.8254447,21.0227067],[105.8254363,21.0226781],[105.8252975,21.0227138]]]}},{"type":"Feature","properties":{"id":"OCD-00128","so_to":10,"so_thua":128,"dia_chi":"","dien_tich":57,"osm_id":1040488895},"geometry":{"type":"Polygon","coordinates":[[[105.8252854,21.0226656],[105.825297,21.0227018],[105.825423,21.0226667],[105.8254115,21.0226306],[105.8252854,21.0226656]]]}},{"type":"Feature","properties":{"id":"OCD-00129","so_to":10,"so_thua":129,"dia_chi":"","dien_tich":56.6,"osm_id":1040488896},"geometry":{"type":"Polygon","coordinates":[[[105.8252739,21.0225544],[105.8252868,21.0226073],[105.8253753,21.0225885],[105.8253624,21.0225356],[105.8252739,21.0225544]]]}},{"type":"Feature","properties":{"id":"OCD-00130","so_to":10,"so_thua":130,"dia_chi":"","dien_tich":56,"osm_id":1040488897},"geometry":{"type":"Polygon","coordinates":[[[105.8252491,21.0225062],[105.8252676,21.0225456],[105.8253716,21.022503],[105.825353,21.0224637],[105.8252491,21.0225062]]]}},{"type":"Feature","properties":{"id":"OCD-00131","so_to":10,"so_thua":131,"dia_chi":"","dien_tich":65.1,"osm_id":1040488898},"geometry":{"type":"Polygon","coordinates":[[[105.8252263,21.0224461],[105.8252443,21.0224848],[105.8253677,21.0224347],[105.8253497,21.0223961],[105.8252263,21.0224461]]]}},{"type":"Feature","properties":{"id":"OCD-00132","so_to":10,"so_thua":132,"dia_chi":"","dien_tich":1067.9,"osm_id":1040488900},"geometry":{"type":"Polygon","coordinates":[[[105.8256436,21.0223476],[105.8257481,21.0226967],[105.8258512,21.0226717],[105.8257748,21.0224165],[105.8260743,21.0223384],[105.8261032,21.0224351],[105.8261959,21.0224109],[105.8261882,21.0223854],[105.8262161,21.0223781],[105.826175,21.0222409],[105.826149,21.0222476],[105.8261402,21.0222181],[105.8256436,21.0223476]]]}},{"type":"Feature","properties":{"id":"OCD-00133","so_to":10,"so_thua":133,"dia_chi":"","dien_tich":2084.9,"osm_id":1040488901},"geometry":{"type":"Polygon","coordinates":[[[105.8256999,21.0227084],[105.8257931,21.0230427],[105.825848,21.0230294],[105.8259492,21.0230048],[105.8262811,21.0229243],[105.8262578,21.0228406],[105.8262823,21.0228143],[105.8262931,21.0227768],[105.8262902,21.0227444],[105.826275,21.0227081],[105.8262432,21.0226821],[105.8262126,21.0226713],[105.8261898,21.0225894],[105.8258512,21.0226717],[105.8257481,21.0226967],[105.8256999,21.0227084]]]}},{"type":"Feature","properties":{"id":"OCD-00134","so_to":10,"so_thua":134,"dia_chi":"","dien_tich":61.8,"osm_id":1040488902},"geometry":{"type":"Polygon","coordinates":[[[105.8267444,21.0225926],[105.8267853,21.0227203],[105.826824,21.0227095],[105.8267831,21.0225818],[105.8267444,21.0225926]]]}},{"type":"Feature","properties":{"id":"OCD-00135","so_to":10,"so_thua":135,"dia_chi":"","dien_tich":38.3,"osm_id":1040488907},"geometry":{"type":"Polygon","coordinates":[[[105.8279645,21.0223832],[105.8279742,21.0224276],[105.8280463,21.0224138],[105.8280366,21.0223695],[105.8279645,21.0223832]]]}},{"type":"Feature","properties":{"id":"OCD-00136","so_to":10,"so_thua":136,"dia_chi":"","dien_tich":58.3,"osm_id":1040488908},"geometry":{"type":"Polygon","coordinates":[[[105.8278602,21.0223898],[105.8278815,21.0224549],[105.8279529,21.0224345],[105.8279316,21.0223695],[105.8278602,21.0223898]]]}},{"type":"Feature","properties":{"id":"OCD-00137","so_to":10,"so_thua":137,"dia_chi":"","dien_tich":95.4,"osm_id":1040488909},"geometry":{"type":"Polygon","coordinates":[[[105.830753,21.024041],[105.8308207,21.0241705],[105.8308725,21.0241469],[105.8308048,21.0240174],[105.830753,21.024041]]]}},{"type":"Feature","properties":{"id":"OCD-00138","so_to":10,"so_thua":138,"dia_chi":"","dien_tich":205.9,"osm_id":1040488910},"geometry":{"type":"Polygon","coordinates":[[[105.830863,21.0240178],[105.8311352,21.0239377],[105.831115,21.0238778],[105.8308427,21.0239579],[105.830863,21.0240178]]]}},{"type":"Feature","properties":{"id":"OCD-00139","so_to":10,"so_thua":139,"dia_chi":"","dien_tich":278,"osm_id":1040488911},"geometry":{"type":"Polygon","coordinates":[[[105.8307865,21.024891],[105.8308187,21.0249627],[105.8311057,21.0248507],[105.8310735,21.0247789],[105.8307865,21.024891]]]}},{"type":"Feature","properties":{"id":"OCD-00140","so_to":10,"so_thua":140,"dia_chi":"","dien_tich":246.4,"osm_id":1040488912},"geometry":{"type":"Polygon","coordinates":[[[105.8305116,21.0246387],[105.8306289,21.024931],[105.8306933,21.0249085],[105.8305759,21.0246162],[105.8305116,21.0246387]]]}},{"type":"Feature","properties":{"id":"OCD-00141","so_to":10,"so_thua":141,"dia_chi":"","dien_tich":331,"osm_id":1040488913},"geometry":{"type":"Polygon","coordinates":[[[105.8306296,21.0245999],[105.8309984,21.0244647],[105.8309699,21.024397],[105.8306011,21.0245322],[105.8306296,21.0245999]]]}},{"type":"Feature","properties":{"id":"OCD-00142","so_to":10,"so_thua":142,"dia_chi":"","dien_tich":392.8,"osm_id":1040488914},"geometry":{"type":"Polygon","coordinates":[[[105.8297284,21.0243208],[105.8297632,21.0244044],[105.8301186,21.0242754],[105.8300838,21.0241918],[105.8297284,21.0243208]]]}},{"type":"Feature","properties":{"id":"OCD-00143","so_to":10,"so_thua":143,"dia_chi":"","dien_tich":1246.8,"osm_id":1040488915},"geometry":{"type":"Polygon","coordinates":[[[105.8294883,21.0240541],[105.8295692,21.0242357],[105.8300788,21.0240379],[105.829998,21.0238563],[105.8294883,21.0240541]]]}},{"type":"Feature","properties":{"id":"OCD-00144","so_to":10,"so_thua":144,"dia_chi":"","dien_tich":1097.6,"osm_id":1040488917},"geometry":{"type":"Polygon","coordinates":[[[105.8293474,21.0236239],[105.8294937,21.0239707],[105.8298668,21.0238336],[105.8298564,21.0238088],[105.8298843,21.0237985],[105.8298554,21.0237301],[105.8295861,21.0238292],[105.8295207,21.0236746],[105.8296486,21.0236275],[105.8296067,21.0235284],[105.8293474,21.0236239]]]}},{"type":"Feature","properties":{"id":"OCD-00145","so_to":10,"so_thua":145,"dia_chi":"","dien_tich":441.5,"osm_id":1040496860},"geometry":{"type":"Polygon","coordinates":[[[105.8338149,21.0305393],[105.833656,21.030588],[105.8336874,21.0306771],[105.8337156,21.0306685],[105.8337792,21.0308492],[105.8338654,21.0308228],[105.833841,21.0307536],[105.8338855,21.0307399],[105.8338149,21.0305393]]]}},{"type":"Feature","properties":{"id":"OCD-00146","so_to":10,"so_thua":146,"dia_chi":"","dien_tich":364.3,"osm_id":1040496861},"geometry":{"type":"Polygon","coordinates":[[[105.8334781,21.0308486],[105.8334477,21.0308572],[105.8334199,21.0308652],[105.8333895,21.0308736],[105.8333589,21.0308823],[105.8333293,21.0308907],[105.8333219,21.0308928],[105.833385,21.0310787],[105.8335408,21.0310331],[105.8334781,21.0308486]]]}},{"type":"Feature","properties":{"id":"OCD-00147","so_to":10,"so_thua":147,"dia_chi":"","dien_tich":206.4,"osm_id":1040702646},"geometry":{"type":"Polygon","coordinates":[[[105.8306122,21.0272387],[105.8305256,21.0272566],[105.8305725,21.0274544],[105.8306591,21.0274365],[105.8306122,21.0272387]]]}},{"type":"Feature","properties":{"id":"OCD-00148","so_to":10,"so_thua":148,"dia_chi":"","dien_tich":107,"osm_id":1040702647},"geometry":{"type":"Polygon","coordinates":[[[105.8305974,21.0271161],[105.8306287,21.0271929],[105.8307346,21.0271554],[105.8307034,21.0270785],[105.8305974,21.0271161]]]}},{"type":"Feature","properties":{"id":"OCD-00149","so_to":10,"so_thua":149,"dia_chi":"","dien_tich":425.1,"osm_id":1040702648},"geometry":{"type":"Polygon","coordinates":[[[105.8308013,21.0271811],[105.8311191,21.0270522],[105.8310735,21.0269542],[105.8307557,21.0270832],[105.8308013,21.0271811]]]}},{"type":"Feature","properties":{"id":"OCD-00150","so_to":11,"so_thua":150,"dia_chi":"","dien_tich":33.7,"osm_id":1040702656},"geometry":{"type":"Polygon","coordinates":[[[105.8226219,21.0225156],[105.8226889,21.0224874],[105.8226714,21.0224511],[105.8226043,21.0224792],[105.8226219,21.0225156]]]}},{"type":"Feature","properties":{"id":"OCD-00151","so_to":11,"so_thua":151,"dia_chi":"","dien_tich":53.8,"osm_id":1040702658},"geometry":{"type":"Polygon","coordinates":[[[105.8222618,21.0225206],[105.8222322,21.0225308],[105.8222871,21.0226698],[105.8223168,21.0226596],[105.8222618,21.0225206]]]}},{"type":"Feature","properties":{"id":"OCD-00152","so_to":11,"so_thua":152,"dia_chi":"","dien_tich":19.5,"osm_id":1040702659},"geometry":{"type":"Polygon","coordinates":[[[105.824596,21.0224749],[105.8246188,21.0225269],[105.8246467,21.0225162],[105.8246239,21.0224642],[105.824596,21.0224749]]]}},{"type":"Feature","properties":{"id":"OCD-00153","so_to":11,"so_thua":153,"dia_chi":"","dien_tich":18.5,"osm_id":1040702660},"geometry":{"type":"Polygon","coordinates":[[[105.8245336,21.0225181],[105.8245105,21.0225276],[105.824538,21.0225859],[105.8245611,21.0225763],[105.8245336,21.0225181]]]}},{"type":"Feature","properties":{"id":"OCD-00154","so_to":11,"so_thua":154,"dia_chi":"","dien_tich":23.2,"osm_id":1040702661},"geometry":{"type":"Polygon","coordinates":[[[105.8245591,21.0224806],[105.8245388,21.0224888],[105.8245777,21.0225727],[105.824598,21.0225644],[105.8245591,21.0224806]]]}},{"type":"Feature","properties":{"id":"OCD-00155","so_to":11,"so_thua":155,"dia_chi":"","dien_tich":29.9,"osm_id":1040702662},"geometry":{"type":"Polygon","coordinates":[[[105.824478,21.0224305],[105.8245068,21.0224874],[105.8245442,21.0224709],[105.8245154,21.022414],[105.824478,21.0224305]]]}},{"type":"Feature","properties":{"id":"OCD-00156","so_to":11,"so_thua":156,"dia_chi":"","dien_tich":39.8,"osm_id":1040702663},"geometry":{"type":"Polygon","coordinates":[[[105.8244056,21.0225957],[105.8244226,21.0226322],[105.8245024,21.0225997],[105.8244853,21.0225632],[105.8244056,21.0225957]]]}},{"type":"Feature","properties":{"id":"OCD-00157","so_to":11,"so_thua":157,"dia_chi":"","dien_tich":42.8,"osm_id":1040702664},"geometry":{"type":"Polygon","coordinates":[[[105.8243874,21.0225895],[105.8245055,21.0225444],[105.8244936,21.0225174],[105.8243756,21.0225624],[105.8243874,21.0225895]]]}},{"type":"Feature","properties":{"id":"OCD-00158","so_to":11,"so_thua":158,"dia_chi":"","dien_tich":72.7,"osm_id":1040702665},"geometry":{"type":"Polygon","coordinates":[[[105.8243506,21.0224962],[105.824378,21.0225437],[105.8244813,21.0224918],[105.8244538,21.0224443],[105.8243506,21.0224962]]]}},{"type":"Feature","properties":{"id":"OCD-00159","so_to":11,"so_thua":159,"dia_chi":"","dien_tich":55.8,"osm_id":1040702666},"geometry":{"type":"Polygon","coordinates":[[[105.8243465,21.0224624],[105.8244652,21.0224098],[105.8244482,21.0223764],[105.8243295,21.022429],[105.8243465,21.0224624]]]}},{"type":"Feature","properties":{"id":"OCD-00160","so_to":11,"so_thua":160,"dia_chi":"","dien_tich":33.8,"osm_id":1040730407},"geometry":{"type":"Polygon","coordinates":[[[105.8281687,21.0166894],[105.8281872,21.0167215],[105.8282583,21.0166859],[105.8282398,21.0166538],[105.8281687,21.0166894]]]}},{"type":"Feature","properties":{"id":"OCD-00161","so_to":11,"so_thua":161,"dia_chi":"","dien_tich":52.9,"osm_id":1040743463},"geometry":{"type":"Polygon","coordinates":[[[105.8249418,21.0160135],[105.8249737,21.0159968],[105.8249078,21.0158869],[105.8248759,21.0159036],[105.8249418,21.0160135]]]}},{"type":"Feature","properties":{"id":"OCD-00162","so_to":11,"so_thua":162,"dia_chi":"","dien_tich":77.7,"osm_id":1040748872},"geometry":{"type":"Polygon","coordinates":[[[105.8265443,21.0164956],[105.8265818,21.0165569],[105.826665,21.0165125],[105.8266274,21.0164512],[105.8265443,21.0164956]]]}},{"type":"Feature","properties":{"id":"OCD-00163","so_to":11,"so_thua":163,"dia_chi":"","dien_tich":557.1,"osm_id":1040776466},"geometry":{"type":"Polygon","coordinates":[[[105.8290123,21.0206734],[105.829096,21.0206234],[105.828847,21.0202593],[105.8287222,21.0203337],[105.828788,21.0204299],[105.8288005,21.0204225],[105.828829,21.0204055],[105.8290123,21.0206734]]]}},{"type":"Feature","properties":{"id":"OCD-00164","so_to":11,"so_thua":164,"dia_chi":"","dien_tich":47.5,"osm_id":1040776467},"geometry":{"type":"Polygon","coordinates":[[[105.8280842,21.0188852],[105.8281157,21.0188652],[105.8280503,21.0187755],[105.8280188,21.0187955],[105.8280842,21.0188852]]]}},{"type":"Feature","properties":{"id":"OCD-00165","so_to":11,"so_thua":165,"dia_chi":"","dien_tich":68.2,"osm_id":1040776468},"geometry":{"type":"Polygon","coordinates":[[[105.8224269,21.0216524],[105.8224639,21.0216297],[105.8223854,21.0215176],[105.8223483,21.0215403],[105.8224269,21.0216524]]]}},{"type":"Feature","properties":{"id":"OCD-00166","so_to":11,"so_thua":166,"dia_chi":"","dien_tich":52.4,"osm_id":1040776470},"geometry":{"type":"Polygon","coordinates":[[[105.8228974,21.0216232],[105.8229417,21.021601],[105.8228911,21.0215144],[105.8228542,21.0215393],[105.8228974,21.0216232]]]}},{"type":"Feature","properties":{"id":"OCD-00167","so_to":11,"so_thua":167,"dia_chi":"","dien_tich":51.7,"osm_id":1040776471},"geometry":{"type":"Polygon","coordinates":[[[105.8243962,21.0206723],[105.8244577,21.0206412],[105.8244249,21.0205846],[105.8243634,21.0206157],[105.8243962,21.0206723]]]}},{"type":"Feature","properties":{"id":"OCD-00168","so_to":11,"so_thua":168,"dia_chi":"","dien_tich":53.6,"osm_id":1040776472},"geometry":{"type":"Polygon","coordinates":[[[105.8237833,21.0208738],[105.8238249,21.0208381],[105.8237649,21.0207773],[105.8237233,21.0208129],[105.8237833,21.0208738]]]}},{"type":"Feature","properties":{"id":"OCD-00169","so_to":11,"so_thua":169,"dia_chi":"","dien_tich":56.8,"osm_id":1040776473},"geometry":{"type":"Polygon","coordinates":[[[105.8232234,21.0211542],[105.8232765,21.0211483],[105.8232648,21.0210565],[105.8232117,21.0210624],[105.8232234,21.0211542]]]}},{"type":"Feature","properties":{"id":"OCD-00170","so_to":11,"so_thua":170,"dia_chi":"","dien_tich":40.3,"osm_id":1040776474},"geometry":{"type":"Polygon","coordinates":[[[105.8233092,21.0211204],[105.8233521,21.0211157],[105.8233418,21.021035],[105.8232989,21.0210398],[105.8233092,21.0211204]]]}},{"type":"Feature","properties":{"id":"OCD-00171","so_to":11,"so_thua":171,"dia_chi":"","dien_tich":158.5,"osm_id":1040776475},"geometry":{"type":"Polygon","coordinates":[[[105.8255026,21.0212225],[105.8256204,21.0211605],[105.8255668,21.0210716],[105.8254489,21.0211336],[105.8255026,21.0212225]]]}},{"type":"Feature","properties":{"id":"OCD-00172","so_to":11,"so_thua":172,"dia_chi":"","dien_tich":69.1,"osm_id":1040776476},"geometry":{"type":"Polygon","coordinates":[[[105.8248307,21.0215323],[105.8248778,21.0215023],[105.8248141,21.0214152],[105.824767,21.0214453],[105.8248307,21.0215323]]]}},{"type":"Feature","properties":{"id":"OCD-00173","so_to":11,"so_thua":173,"dia_chi":"96 Phố Ô Chợ Dừa","dien_tich":311.6,"osm_id":1040776479},"geometry":{"type":"Polygon","coordinates":[[[105.8265425,21.0206674],[105.8268489,21.0205012],[105.8268077,21.020435],[105.8265013,21.0206012],[105.8265425,21.0206674]]]}},{"type":"Feature","properties":{"id":"OCD-00174","so_to":11,"so_thua":174,"dia_chi":"","dien_tich":316.7,"osm_id":1040776481},"geometry":{"type":"Polygon","coordinates":[[[105.8307502,21.0214082],[105.8308238,21.0213744],[105.8306644,21.0210727],[105.8305909,21.0211064],[105.8307502,21.0214082]]]}},{"type":"Feature","properties":{"id":"OCD-00175","so_to":11,"so_thua":175,"dia_chi":"","dien_tich":54.4,"osm_id":1040776482},"geometry":{"type":"Polygon","coordinates":[[[105.8306622,21.021517],[105.8307317,21.0214847],[105.8307028,21.0214301],[105.8306331,21.0214625],[105.8306622,21.021517]]]}},{"type":"Feature","properties":{"id":"OCD-00176","so_to":11,"so_thua":176,"dia_chi":"","dien_tich":39,"osm_id":1040776483},"geometry":{"type":"Polygon","coordinates":[[[105.8310936,21.0215936],[105.8311319,21.021576],[105.8310943,21.0215047],[105.831056,21.0215223],[105.8310936,21.0215936]]]}},{"type":"Feature","properties":{"id":"OCD-00177","so_to":11,"so_thua":177,"dia_chi":"","dien_tich":210.1,"osm_id":1040776485},"geometry":{"type":"Polygon","coordinates":[[[105.8288893,21.0206904],[105.8289535,21.0206556],[105.8288005,21.0204225],[105.828788,21.0204299],[105.8287596,21.0204512],[105.828791,21.0205302],[105.8288893,21.0206904]]]}},{"type":"Feature","properties":{"id":"OCD-00178","so_to":11,"so_thua":178,"dia_chi":"","dien_tich":37.9,"osm_id":1040776487},"geometry":{"type":"Polygon","coordinates":[[[105.8300812,21.0206748],[105.8301142,21.0206551],[105.8300656,21.020584],[105.8300326,21.0206037],[105.8300812,21.0206748]]]}},{"type":"Feature","properties":{"id":"OCD-00179","so_to":11,"so_thua":179,"dia_chi":"","dien_tich":31.4,"osm_id":1040776488},"geometry":{"type":"Polygon","coordinates":[[[105.8299118,21.0201535],[105.8299613,21.0201242],[105.8299345,21.0200848],[105.829885,21.0201141],[105.8299118,21.0201535]]]}},{"type":"Feature","properties":{"id":"OCD-00180","so_to":11,"so_thua":180,"dia_chi":"","dien_tich":60,"osm_id":1040776489},"geometry":{"type":"Polygon","coordinates":[[[105.8300838,21.0202009],[105.8301567,21.020163],[105.830124,21.0201083],[105.8300511,21.0201462],[105.8300838,21.0202009]]]}},{"type":"Feature","properties":{"id":"OCD-00181","so_to":11,"so_thua":181,"dia_chi":"","dien_tich":228.4,"osm_id":1040776490},"geometry":{"type":"Polygon","coordinates":[[[105.8298001,21.0203825],[105.8299766,21.0202818],[105.8299229,21.0201997],[105.8297464,21.0203004],[105.8297761,21.0203454],[105.8298001,21.0203825]]]}},{"type":"Feature","properties":{"id":"OCD-00182","so_to":11,"so_thua":182,"dia_chi":"","dien_tich":374.6,"osm_id":1040776491},"geometry":{"type":"Polygon","coordinates":[[[105.8256615,21.0191513],[105.8257812,21.0190887],[105.8256568,21.0188813],[105.8255371,21.0189439],[105.8256615,21.0191513]]]}},{"type":"Feature","properties":{"id":"OCD-00183","so_to":11,"so_thua":183,"dia_chi":"","dien_tich":374,"osm_id":1040776492},"geometry":{"type":"Polygon","coordinates":[[[105.8255006,21.0198392],[105.8257004,21.0197428],[105.8256292,21.0196142],[105.8254294,21.0197106],[105.8255006,21.0198392]]]}},{"type":"Feature","properties":{"id":"OCD-00184","so_to":11,"so_thua":184,"dia_chi":"","dien_tich":47.5,"osm_id":1040776493},"geometry":{"type":"Polygon","coordinates":[[[105.8254382,21.019622],[105.8255014,21.0195921],[105.8254731,21.01954],[105.8254099,21.0195699],[105.8254382,21.019622]]]}},{"type":"Feature","properties":{"id":"OCD-00185","so_to":11,"so_thua":185,"dia_chi":"","dien_tich":103.7,"osm_id":1040776494},"geometry":{"type":"Polygon","coordinates":[[[105.8254038,21.0195533],[105.8255758,21.0194719],[105.8255531,21.0194301],[105.8253811,21.0195116],[105.8254038,21.0195533]]]}},{"type":"Feature","properties":{"id":"OCD-00186","so_to":11,"so_thua":186,"dia_chi":"","dien_tich":84.2,"osm_id":1040776495},"geometry":{"type":"Polygon","coordinates":[[[105.8255488,21.0196407],[105.8256221,21.019606],[105.8255788,21.0195264],[105.8255056,21.0195611],[105.8255488,21.0196407]]]}},{"type":"Feature","properties":{"id":"OCD-00187","so_to":11,"so_thua":187,"dia_chi":"","dien_tich":328.9,"osm_id":1040776496},"geometry":{"type":"Polygon","coordinates":[[[105.8257104,21.0194899],[105.8258888,21.0194048],[105.8258286,21.0192948],[105.8257837,21.0193162],[105.8257639,21.0192801],[105.8256785,21.0193209],[105.8256983,21.019357],[105.8256502,21.0193799],[105.8257104,21.0194899]]]}},{"type":"Feature","properties":{"id":"OCD-00188","so_to":11,"so_thua":188,"dia_chi":"","dien_tich":619.6,"osm_id":1040776497},"geometry":{"type":"Polygon","coordinates":[[[105.8257091,21.019724],[105.8260015,21.0195763],[105.8259187,21.0194336],[105.8256264,21.0195813],[105.8257091,21.019724]]]}},{"type":"Feature","properties":{"id":"OCD-00189","so_to":11,"so_thua":189,"dia_chi":"","dien_tich":320.7,"osm_id":1040776498},"geometry":{"type":"Polygon","coordinates":[[[105.8263843,21.0182117],[105.8265796,21.0181165],[105.8265167,21.0180041],[105.8263215,21.0180994],[105.8263843,21.0182117]]]}},{"type":"Feature","properties":{"id":"OCD-00190","so_to":11,"so_thua":190,"dia_chi":"","dien_tich":150.9,"osm_id":1040776499},"geometry":{"type":"Polygon","coordinates":[[[105.8262008,21.0185852],[105.826303,21.0185357],[105.8262466,21.0184344],[105.8261445,21.0184839],[105.8262008,21.0185852]]]}},{"type":"Feature","properties":{"id":"OCD-00191","so_to":11,"so_thua":191,"dia_chi":"","dien_tich":774.5,"osm_id":1040806946},"geometry":{"type":"Polygon","coordinates":[[[105.8260494,21.0281043],[105.8261477,21.027977],[105.8262378,21.0280376],[105.8262231,21.0280567],[105.8262938,21.0281043],[105.8263087,21.028085],[105.8265638,21.0282567],[105.8266181,21.0281863],[105.826159,21.0278773],[105.8261308,21.0279138],[105.8260988,21.0278923],[105.8259742,21.0280537],[105.8260494,21.0281043]]]}},{"type":"Feature","properties":{"id":"OCD-00192","so_to":11,"so_thua":192,"dia_chi":"","dien_tich":220.3,"osm_id":1040806947},"geometry":{"type":"Polygon","coordinates":[[[105.8263595,21.0282627],[105.8265057,21.0283641],[105.826573,21.0282796],[105.8264268,21.0281782],[105.8263595,21.0282627]]]}},{"type":"Feature","properties":{"id":"OCD-00193","so_to":11,"so_thua":193,"dia_chi":"","dien_tich":115.2,"osm_id":1046113996},"geometry":{"type":"Polygon","coordinates":[[[105.8224871,21.0255081],[105.8225897,21.0254011],[105.8225377,21.0253576],[105.8224351,21.0254646],[105.8224871,21.0255081]]]}},{"type":"Feature","properties":{"id":"OCD-00194","so_to":11,"so_thua":194,"dia_chi":"","dien_tich":66,"osm_id":1046120528},"geometry":{"type":"Polygon","coordinates":[[[105.8280232,21.02858],[105.8281385,21.0285562],[105.8281273,21.0285087],[105.8280119,21.0285325],[105.8280232,21.02858]]]}},{"type":"Feature","properties":{"id":"OCD-00195","so_to":11,"so_thua":195,"dia_chi":"","dien_tich":39.5,"osm_id":1046120529},"geometry":{"type":"Polygon","coordinates":[[[105.826375,21.0284411],[105.8264063,21.0284629],[105.8264627,21.0283923],[105.8264313,21.0283705],[105.826375,21.0284411]]]}},{"type":"Feature","properties":{"id":"OCD-00196","so_to":11,"so_thua":196,"dia_chi":"","dien_tich":46.6,"osm_id":1046120532},"geometry":{"type":"Polygon","coordinates":[[[105.8267232,21.0284797],[105.8267568,21.0285029],[105.8268186,21.0284247],[105.826785,21.0284016],[105.8267232,21.0284797]]]}},{"type":"Feature","properties":{"id":"OCD-00197","so_to":11,"so_thua":197,"dia_chi":"","dien_tich":21.3,"osm_id":1046123161},"geometry":{"type":"Polygon","coordinates":[[[105.82793,21.0279682],[105.8279663,21.0279626],[105.8279574,21.027913],[105.8279211,21.0279186],[105.82793,21.0279682]]]}},{"type":"Feature","properties":{"id":"OCD-00198","so_to":11,"so_thua":198,"dia_chi":"","dien_tich":35.3,"osm_id":1046123162},"geometry":{"type":"Polygon","coordinates":[[[105.8277564,21.0278486],[105.8277651,21.0278966],[105.8278273,21.0278868],[105.8278186,21.0278387],[105.8277564,21.0278486]]]}},{"type":"Feature","properties":{"id":"OCD-00199","so_to":11,"so_thua":199,"dia_chi":"","dien_tich":35.5,"osm_id":1046123753},"geometry":{"type":"Polygon","coordinates":[[[105.8266707,21.0286497],[105.8266966,21.0286692],[105.8267592,21.0285969],[105.8267333,21.0285774],[105.8266707,21.0286497]]]}},{"type":"Feature","properties":{"id":"OCD-00200","so_to":11,"so_thua":200,"dia_chi":"","dien_tich":32.4,"osm_id":1046123754},"geometry":{"type":"Polygon","coordinates":[[[105.8268093,21.0285372],[105.8268514,21.0284885],[105.8268164,21.028462],[105.8267742,21.0285107],[105.8268093,21.0285372]]]}},{"type":"Feature","properties":{"id":"OCD-00201","so_to":11,"so_thua":201,"dia_chi":"","dien_tich":161.8,"osm_id":1046125632},"geometry":{"type":"Polygon","coordinates":[[[105.8350888,21.0255858],[105.8350382,21.025639],[105.8351863,21.0257616],[105.8352369,21.0257084],[105.8350888,21.0255858]]]}},{"type":"Feature","properties":{"id":"OCD-00202","so_to":11,"so_thua":202,"dia_chi":"","dien_tich":39.7,"osm_id":1046125633},"geometry":{"type":"Polygon","coordinates":[[[105.8358318,21.0254574],[105.8358529,21.0255068],[105.8359133,21.0254843],[105.8358921,21.0254349],[105.8358318,21.0254574]]]}},{"type":"Feature","properties":{"id":"OCD-00203","so_to":11,"so_thua":203,"dia_chi":"","dien_tich":211.1,"osm_id":1046125634},"geometry":{"type":"Polygon","coordinates":[[[105.8356635,21.025718],[105.8357999,21.0256627],[105.8357243,21.0255001],[105.8356606,21.0255259],[105.8357036,21.0256183],[105.8356308,21.0256478],[105.8356635,21.025718]]]}},{"type":"Feature","properties":{"id":"OCD-00204","so_to":11,"so_thua":204,"dia_chi":"25A Cát Linh","dien_tich":500.4,"osm_id":1046126563},"geometry":{"type":"Polygon","coordinates":[[[105.8303158,21.0288197],[105.830631,21.0287572],[105.8305961,21.0286041],[105.8303781,21.0286474],[105.8303935,21.0287149],[105.8302963,21.0287342],[105.8303158,21.0288197]]]}},{"type":"Feature","properties":{"id":"OCD-00205","so_to":11,"so_thua":205,"dia_chi":"","dien_tich":26.7,"osm_id":1046126564},"geometry":{"type":"Polygon","coordinates":[[[105.8310574,21.0283594],[105.8310975,21.0283541],[105.8310889,21.0282973],[105.8310488,21.0283026],[105.8310574,21.0283594]]]}},{"type":"Feature","properties":{"id":"OCD-00206","so_to":11,"so_thua":206,"dia_chi":"","dien_tich":306.3,"osm_id":1046126565},"geometry":{"type":"Polygon","coordinates":[[[105.8303721,21.0285681],[105.8304819,21.0285467],[105.8304298,21.028314],[105.83032,21.0283354],[105.8303721,21.0285681]]]}},{"type":"Feature","properties":{"id":"OCD-00207","so_to":11,"so_thua":207,"dia_chi":"","dien_tich":23.4,"osm_id":1046126599},"geometry":{"type":"Polygon","coordinates":[[[105.8348414,21.0272406],[105.8348737,21.0272645],[105.8349066,21.0272257],[105.8348742,21.0272018],[105.8348414,21.0272406]]]}},{"type":"Feature","properties":{"id":"OCD-00208","so_to":11,"so_thua":208,"dia_chi":"","dien_tich":21.8,"osm_id":1046126600},"geometry":{"type":"Polygon","coordinates":[[[105.8347599,21.0273099],[105.8347847,21.0273469],[105.8348215,21.0273255],[105.8347967,21.0272884],[105.8347599,21.0273099]]]}},{"type":"Feature","properties":{"id":"OCD-00209","so_to":11,"so_thua":209,"dia_chi":"","dien_tich":36.4,"osm_id":1046126601},"geometry":{"type":"Polygon","coordinates":[[[105.8346824,21.0271029],[105.834719,21.0271376],[105.8347653,21.027095],[105.8347287,21.0270603],[105.8346824,21.0271029]]]}},{"type":"Feature","properties":{"id":"OCD-00210","so_to":11,"so_thua":210,"dia_chi":"","dien_tich":31.4,"osm_id":1046126602},"geometry":{"type":"Polygon","coordinates":[[[105.8349292,21.0271799],[105.8349761,21.0271273],[105.8349454,21.0271034],[105.8348985,21.027156],[105.8349292,21.0271799]]]}},{"type":"Feature","properties":{"id":"OCD-00211","so_to":11,"so_thua":211,"dia_chi":"","dien_tich":21.9,"osm_id":1046126603},"geometry":{"type":"Polygon","coordinates":[[[105.8348179,21.0274202],[105.8348436,21.0274121],[105.8348195,21.0273457],[105.8347937,21.0273539],[105.8348179,21.0274202]]]}},{"type":"Feature","properties":{"id":"OCD-00212","so_to":11,"so_thua":212,"dia_chi":"","dien_tich":31,"osm_id":1046128509},"geometry":{"type":"Polygon","coordinates":[[[105.8258838,21.0281045],[105.8259237,21.0281313],[105.825958,21.0280867],[105.8259181,21.02806],[105.8258838,21.0281045]]]}},{"type":"Feature","properties":{"id":"OCD-00213","so_to":11,"so_thua":213,"dia_chi":"","dien_tich":39.1,"osm_id":1046128510},"geometry":{"type":"Polygon","coordinates":[[[105.8257149,21.027924],[105.8257839,21.0279744],[105.8258096,21.0279438],[105.8257405,21.0278934],[105.8257149,21.027924]]]}},{"type":"Feature","properties":{"id":"OCD-00214","so_to":11,"so_thua":214,"dia_chi":"","dien_tich":30,"osm_id":1046132009},"geometry":{"type":"Polygon","coordinates":[[[105.8282304,21.0290244],[105.8282619,21.0290179],[105.8282431,21.028939],[105.8282116,21.0289455],[105.8282304,21.0290244]]]}},{"type":"Feature","properties":{"id":"OCD-00215","so_to":11,"so_thua":215,"dia_chi":"","dien_tich":55.2,"osm_id":1046399341},"geometry":{"type":"Polygon","coordinates":[[[105.8243056,21.0196689],[105.8243566,21.0196385],[105.8243108,21.0195716],[105.8242598,21.019602],[105.8243056,21.0196689]]]}},{"type":"Feature","properties":{"id":"OCD-00216","so_to":11,"so_thua":216,"dia_chi":"","dien_tich":97,"osm_id":1046399342},"geometry":{"type":"Polygon","coordinates":[[[105.824258,21.0198586],[105.8243232,21.0198184],[105.8242595,21.0197282],[105.8241943,21.0197684],[105.824258,21.0198586]]]}},{"type":"Feature","properties":{"id":"OCD-00217","so_to":11,"so_thua":217,"dia_chi":"","dien_tich":64.7,"osm_id":1046399343},"geometry":{"type":"Polygon","coordinates":[[[105.8246239,21.0196177],[105.8245556,21.0195135],[105.8245163,21.019536],[105.8245846,21.0196402],[105.8246239,21.0196177]]]}},{"type":"Feature","properties":{"id":"OCD-00218","so_to":11,"so_thua":218,"dia_chi":"","dien_tich":76,"osm_id":1046399614},"geometry":{"type":"Polygon","coordinates":[[[105.8249147,21.0183305],[105.8249457,21.0183142],[105.8248478,21.0181521],[105.8248168,21.0181684],[105.8249147,21.0183305]]]}},{"type":"Feature","properties":{"id":"OCD-00219","so_to":11,"so_thua":219,"dia_chi":"","dien_tich":26.6,"osm_id":1046402463},"geometry":{"type":"Polygon","coordinates":[[[105.8345094,21.0307231],[105.8345417,21.0307146],[105.8345216,21.0306482],[105.8344893,21.0306567],[105.8345094,21.0307231]]]}},{"type":"Feature","properties":{"id":"OCD-00220","so_to":11,"so_thua":220,"dia_chi":"","dien_tich":29.6,"osm_id":1046402464},"geometry":{"type":"Polygon","coordinates":[[[105.8344839,21.0306473],[105.8345318,21.0306351],[105.8345171,21.030585],[105.8344692,21.0305973],[105.8344839,21.0306473]]]}},{"type":"Feature","properties":{"id":"OCD-00221","so_to":11,"so_thua":221,"dia_chi":"139 Phố Nguyễn Thái Học","dien_tich":731.6,"osm_id":1046402465},"geometry":{"type":"Polygon","coordinates":[[[105.8349706,21.0304013],[105.8349624,21.030376],[105.8350897,21.0303404],[105.8350949,21.0303566],[105.8351599,21.0303384],[105.8351483,21.0303022],[105.8351356,21.0303058],[105.8351205,21.0302589],[105.835116,21.0302449],[105.8346457,21.0303767],[105.8346663,21.0304408],[105.8346524,21.0304447],[105.8346855,21.0305479],[105.8347364,21.0305337],[105.8347395,21.0305434],[105.8348533,21.0305117],[105.8348304,21.0304405],[105.8349706,21.0304013]]]}},{"type":"Feature","properties":{"id":"OCD-00222","so_to":11,"so_thua":222,"dia_chi":"","dien_tich":524.7,"osm_id":1046404468},"geometry":{"type":"Polygon","coordinates":[[[105.8245648,21.0200418],[105.8248547,21.0198519],[105.8247754,21.0197463],[105.8244854,21.0199363],[105.8245648,21.0200418]]]}},{"type":"Feature","properties":{"id":"OCD-00223","so_to":11,"so_thua":223,"dia_chi":"","dien_tich":53,"osm_id":1046404469},"geometry":{"type":"Polygon","coordinates":[[[105.8247261,21.0201183],[105.8247698,21.0201916],[105.8248179,21.0201665],[105.8247742,21.0200933],[105.8247261,21.0201183]]]}},{"type":"Feature","properties":{"id":"OCD-00224","so_to":11,"so_thua":224,"dia_chi":"","dien_tich":32.8,"osm_id":1046404470},"geometry":{"type":"Polygon","coordinates":[[[105.8248662,21.0199556],[105.8249059,21.0200221],[105.8249386,21.020005],[105.824899,21.0199385],[105.8248662,21.0199556]]]}},{"type":"Feature","properties":{"id":"OCD-00225","so_to":11,"so_thua":225,"dia_chi":"","dien_tich":38.6,"osm_id":1046404471},"geometry":{"type":"Polygon","coordinates":[[[105.8256353,21.02001],[105.8256601,21.0200515],[105.8257218,21.0200194],[105.8256971,21.0199779],[105.8256353,21.02001]]]}},{"type":"Feature","properties":{"id":"OCD-00226","so_to":11,"so_thua":226,"dia_chi":"","dien_tich":49.6,"osm_id":1046404472},"geometry":{"type":"Polygon","coordinates":[[[105.8257302,21.0200957],[105.82576,21.0201457],[105.825826,21.0201114],[105.8257962,21.0200614],[105.8257302,21.0200957]]]}},{"type":"Feature","properties":{"id":"OCD-00227","so_to":11,"so_thua":227,"dia_chi":"","dien_tich":79,"osm_id":1046404473},"geometry":{"type":"Polygon","coordinates":[[[105.8255053,21.0200282],[105.8255562,21.0201158],[105.8256292,21.0200788],[105.825595,21.0200201],[105.8255576,21.0200391],[105.8255408,21.0200102],[105.8255053,21.0200282]]]}},{"type":"Feature","properties":{"id":"OCD-00228","so_to":11,"so_thua":228,"dia_chi":"","dien_tich":18.7,"osm_id":1046405047},"geometry":{"type":"Polygon","coordinates":[[[105.8230738,21.0202754],[105.8231558,21.0203086],[105.8231503,21.0202667],[105.8230738,21.0202754]]]}},{"type":"Feature","properties":{"id":"OCD-00229","so_to":11,"so_thua":229,"dia_chi":"","dien_tich":60.4,"osm_id":1046405048},"geometry":{"type":"Polygon","coordinates":[[[105.8230705,21.020211],[105.8230753,21.020265],[105.8231719,21.0202575],[105.823167,21.0202034],[105.8230705,21.020211]]]}},{"type":"Feature","properties":{"id":"OCD-00230","so_to":11,"so_thua":230,"dia_chi":"","dien_tich":759.9,"osm_id":1046405936},"geometry":{"type":"Polygon","coordinates":[[[105.8271816,21.0213895],[105.82726,21.021514],[105.8276549,21.0212973],[105.8275765,21.0211728],[105.8271816,21.0213895]]]}},{"type":"Feature","properties":{"id":"OCD-00231","so_to":11,"so_thua":231,"dia_chi":"240 Phố Tôn Đức Thắng","dien_tich":1461.5,"osm_id":1089514013},"geometry":{"type":"Polygon","coordinates":[[[105.8307028,21.0214301],[105.8307317,21.0214847],[105.8307503,21.0215198],[105.8310977,21.0213661],[105.8308999,21.0209603],[105.8306644,21.0210727],[105.8308238,21.0213744],[105.8307502,21.0214082],[105.8307028,21.0214301]]]}},{"type":"Feature","properties":{"id":"OCD-00232","so_to":11,"so_thua":232,"dia_chi":"","dien_tich":5.7,"osm_id":1093137701},"geometry":{"type":"Polygon","coordinates":[[[105.832186,21.0293629],[105.8321979,21.0293431],[105.8322075,21.0293481],[105.832184,21.0293873],[105.8321744,21.0293823],[105.832186,21.0293629]]]}},{"type":"Feature","properties":{"id":"OCD-00233","so_to":11,"so_thua":233,"dia_chi":"","dien_tich":7.7,"osm_id":1093137702},"geometry":{"type":"Polygon","coordinates":[[[105.8326606,21.0306707],[105.8326841,21.0306802],[105.8326894,21.0306688],[105.8326399,21.0306488],[105.8326346,21.0306602],[105.8326606,21.0306707]]]}},{"type":"Feature","properties":{"id":"OCD-00234","so_to":11,"so_thua":234,"dia_chi":"","dien_tich":173.6,"osm_id":1110519441},"geometry":{"type":"Polygon","coordinates":[[[105.8357277,21.0303847],[105.8356333,21.0302995],[105.8357251,21.0302227],[105.8357429,21.0302372],[105.8357526,21.0302269],[105.8357998,21.03029],[105.8357966,21.0303222],[105.8357277,21.0303847]]]}},{"type":"Feature","properties":{"id":"OCD-00235","so_to":11,"so_thua":235,"dia_chi":"","dien_tich":826.7,"osm_id":1114709922},"geometry":{"type":"Polygon","coordinates":[[[105.8245886,21.0148065],[105.82479,21.0147057],[105.8246015,21.0143775],[105.824396,21.0144803],[105.8244457,21.014567],[105.8244875,21.0145461],[105.8245093,21.0145841],[105.824563,21.0145572],[105.8246125,21.0146435],[105.8245653,21.0146671],[105.8245817,21.0146956],[105.8245376,21.0147177],[105.8245886,21.0148065]]]}},{"type":"Feature","properties":{"id":"OCD-00236","so_to":11,"so_thua":236,"dia_chi":"","dien_tich":162.5,"osm_id":1114709923},"geometry":{"type":"Polygon","coordinates":[[[105.8243076,21.0152293],[105.824469,21.0151436],[105.8244378,21.0150925],[105.8243767,21.0151249],[105.8243619,21.0151006],[105.8242616,21.0151539],[105.8243076,21.0152293]]]}},{"type":"Feature","properties":{"id":"OCD-00237","so_to":11,"so_thua":237,"dia_chi":"","dien_tich":136.6,"osm_id":1114709924},"geometry":{"type":"Polygon","coordinates":[[[105.8243484,21.0153107],[105.8245145,21.0152213],[105.8244813,21.0151676],[105.8243152,21.015257],[105.8243484,21.0153107]]]}},{"type":"Feature","properties":{"id":"OCD-00238","so_to":11,"so_thua":238,"dia_chi":"","dien_tich":86.6,"osm_id":1114709926},"geometry":{"type":"Polygon","coordinates":[[[105.8246596,21.0150756],[105.8246361,21.0150324],[105.8244974,21.0150982],[105.8245209,21.0151414],[105.8245338,21.0151353],[105.8246596,21.0150756]]]}},{"type":"Feature","properties":{"id":"OCD-00239","so_to":11,"so_thua":239,"dia_chi":"","dien_tich":99.1,"osm_id":1114709927},"geometry":{"type":"Polygon","coordinates":[[[105.8245338,21.0151353],[105.8245604,21.0151842],[105.8247006,21.0151177],[105.8246739,21.0150688],[105.8246596,21.0150756],[105.8245338,21.0151353]]]}},{"type":"Feature","properties":{"id":"OCD-00240","so_to":11,"so_thua":240,"dia_chi":"","dien_tich":306.9,"osm_id":1114709928},"geometry":{"type":"Polygon","coordinates":[[[105.8246151,21.015339],[105.8247706,21.0152652],[105.8246962,21.0151287],[105.8245407,21.0152025],[105.8246151,21.015339]]]}},{"type":"Feature","properties":{"id":"OCD-00241","so_to":11,"so_thua":241,"dia_chi":"","dien_tich":640.2,"osm_id":1114709929},"geometry":{"type":"Polygon","coordinates":[[[105.8251198,21.0151529],[105.8249308,21.0148218],[105.824732,21.0149207],[105.824783,21.01501],[105.824925,21.0149394],[105.824954,21.0149903],[105.824918,21.0150082],[105.8249683,21.0150962],[105.82502,21.0150705],[105.8250564,21.0151342],[105.8249787,21.0151729],[105.8249455,21.0151147],[105.8248702,21.0151521],[105.8249257,21.0152494],[105.8251198,21.0151529]]]}},{"type":"Feature","properties":{"id":"OCD-00242","so_to":11,"so_thua":242,"dia_chi":"","dien_tich":392.5,"osm_id":1114709945},"geometry":{"type":"Polygon","coordinates":[[[105.825292,21.0188114],[105.8255545,21.0186776],[105.8254959,21.0185773],[105.8252334,21.0187111],[105.825292,21.0188114]]]}},{"type":"Feature","properties":{"id":"OCD-00243","so_to":11,"so_thua":243,"dia_chi":"","dien_tich":539.2,"osm_id":1114709946},"geometry":{"type":"Polygon","coordinates":[[[105.8250707,21.0184796],[105.8254016,21.018311],[105.8253376,21.0182017],[105.8250068,21.0183703],[105.8250707,21.0184796]]]}},{"type":"Feature","properties":{"id":"OCD-00244","so_to":11,"so_thua":244,"dia_chi":"","dien_tich":175.2,"osm_id":1114709947},"geometry":{"type":"Polygon","coordinates":[[[105.8261234,21.0184337],[105.826208,21.0183994],[105.826135,21.01825],[105.8260488,21.0182901],[105.8261234,21.0184337]]]}},{"type":"Feature","properties":{"id":"OCD-00245","so_to":11,"so_thua":245,"dia_chi":"","dien_tich":186.3,"osm_id":1114709948},"geometry":{"type":"Polygon","coordinates":[[[105.8261114,21.0181886],[105.8262457,21.0181201],[105.8261912,21.0180271],[105.826057,21.0180955],[105.8261114,21.0181886]]]}},{"type":"Feature","properties":{"id":"OCD-00246","so_to":11,"so_thua":246,"dia_chi":"","dien_tich":201.2,"osm_id":1114709949},"geometry":{"type":"Polygon","coordinates":[[[105.8260196,21.0181034],[105.8261806,21.0180214],[105.8261316,21.0179376],[105.8259705,21.0180196],[105.8260196,21.0181034]]]}},{"type":"Feature","properties":{"id":"OCD-00247","so_to":11,"so_thua":247,"dia_chi":"","dien_tich":96.9,"osm_id":1114709950},"geometry":{"type":"Polygon","coordinates":[[[105.8259787,21.0179782],[105.8261047,21.017914],[105.8260746,21.0178624],[105.8259485,21.0179267],[105.8259787,21.0179782]]]}},{"type":"Feature","properties":{"id":"OCD-00248","so_to":11,"so_thua":248,"dia_chi":"","dien_tich":135.2,"osm_id":1114709951},"geometry":{"type":"Polygon","coordinates":[[[105.8259311,21.0179238],[105.8260827,21.0178465],[105.8260477,21.0177867],[105.8258961,21.017864],[105.8259311,21.0179238]]]}},{"type":"Feature","properties":{"id":"OCD-00249","so_to":11,"so_thua":249,"dia_chi":"","dien_tich":167.2,"osm_id":1114709952},"geometry":{"type":"Polygon","coordinates":[[[105.8258834,21.0178593],[105.8260405,21.0177792],[105.8259988,21.0177078],[105.8258417,21.0177879],[105.8258834,21.0178593]]]}},{"type":"Feature","properties":{"id":"OCD-00250","so_to":11,"so_thua":250,"dia_chi":"","dien_tich":265.8,"osm_id":1114709953},"geometry":{"type":"Polygon","coordinates":[[[105.825811,21.0177811],[105.825988,21.0176909],[105.825929,21.0175902],[105.8257521,21.0176804],[105.825811,21.0177811]]]}},{"type":"Feature","properties":{"id":"OCD-00251","so_to":11,"so_thua":251,"dia_chi":"","dien_tich":210.5,"osm_id":1114709954},"geometry":{"type":"Polygon","coordinates":[[[105.8255342,21.0178509],[105.8257187,21.0177653],[105.8256768,21.0176843],[105.8254961,21.0177684],[105.8255342,21.0178509]]]}},{"type":"Feature","properties":{"id":"OCD-00252","so_to":11,"so_thua":252,"dia_chi":"","dien_tich":116.5,"osm_id":1114709955},"geometry":{"type":"Polygon","coordinates":[[[105.8275216,21.0181178],[105.827583,21.0180844],[105.8275059,21.0179611],[105.8274445,21.0179945],[105.8275216,21.0181178]]]}},{"type":"Feature","properties":{"id":"OCD-00253","so_to":11,"so_thua":253,"dia_chi":"","dien_tich":325.5,"osm_id":1114709956},"geometry":{"type":"Polygon","coordinates":[[[105.8275766,21.0184164],[105.8277362,21.018335],[105.8276733,21.0182275],[105.8276373,21.0182459],[105.8276152,21.0182081],[105.8274916,21.0182712],[105.8275766,21.0184164]]]}},{"type":"Feature","properties":{"id":"OCD-00254","so_to":11,"so_thua":254,"dia_chi":"","dien_tich":255.8,"osm_id":1114709957},"geometry":{"type":"Polygon","coordinates":[[[105.8273741,21.0185284],[105.8275518,21.0184339],[105.827494,21.0183393],[105.8273163,21.0184338],[105.8273741,21.0185284]]]}},{"type":"Feature","properties":{"id":"OCD-00255","so_to":11,"so_thua":255,"dia_chi":"","dien_tich":502.9,"osm_id":1114709958},"geometry":{"type":"Polygon","coordinates":[[[105.8272869,21.0183814],[105.8274649,21.0182841],[105.8273499,21.0181009],[105.827172,21.0181982],[105.8272869,21.0183814]]]}},{"type":"Feature","properties":{"id":"OCD-00256","so_to":11,"so_thua":256,"dia_chi":"","dien_tich":144.6,"osm_id":1114709968},"geometry":{"type":"Polygon","coordinates":[[[105.8329135,21.0247414],[105.8331091,21.0246646],[105.8330845,21.0246099],[105.8328889,21.0246867],[105.8329135,21.0247414]]]}},{"type":"Feature","properties":{"id":"OCD-00257","so_to":11,"so_thua":257,"dia_chi":"","dien_tich":80.6,"osm_id":1114709969},"geometry":{"type":"Polygon","coordinates":[[[105.8328887,21.0246832],[105.8330233,21.0246304],[105.8330034,21.0245861],[105.8328688,21.0246389],[105.8328887,21.0246832]]]}},{"type":"Feature","properties":{"id":"OCD-00258","so_to":11,"so_thua":258,"dia_chi":"","dien_tich":204,"osm_id":1114709970},"geometry":{"type":"Polygon","coordinates":[[[105.8328612,21.0246268],[105.8330609,21.0245485],[105.8330268,21.0244729],[105.8328272,21.0245512],[105.8328612,21.0246268]]]}},{"type":"Feature","properties":{"id":"OCD-00259","so_to":11,"so_thua":259,"dia_chi":"","dien_tich":85.7,"osm_id":1114709971},"geometry":{"type":"Polygon","coordinates":[[[105.8330758,21.0243583],[105.8330373,21.0242729],[105.8329631,21.024302],[105.8330016,21.0243874],[105.8330758,21.0243583]]]}},{"type":"Feature","properties":{"id":"OCD-00260","so_to":11,"so_thua":260,"dia_chi":"","dien_tich":211,"osm_id":1114709972},"geometry":{"type":"Polygon","coordinates":[[[105.8329584,21.0242926],[105.8332188,21.0241904],[105.8331918,21.0241305],[105.8329314,21.0242326],[105.8329584,21.0242926]]]}},{"type":"Feature","properties":{"id":"OCD-00261","so_to":11,"so_thua":261,"dia_chi":"","dien_tich":223.5,"osm_id":1114709973},"geometry":{"type":"Polygon","coordinates":[[[105.832717,21.0243045],[105.8329082,21.0242295],[105.8328693,21.024143],[105.8326781,21.024218],[105.832717,21.0243045]]]}},{"type":"Feature","properties":{"id":"OCD-00262","so_to":11,"so_thua":262,"dia_chi":"","dien_tich":596.7,"osm_id":1114709974},"geometry":{"type":"Polygon","coordinates":[[[105.8328069,21.0245273],[105.8330175,21.0244447],[105.832923,21.024235],[105.8327125,21.0243176],[105.8328069,21.0245273]]]}},{"type":"Feature","properties":{"id":"OCD-00263","so_to":11,"so_thua":263,"dia_chi":"","dien_tich":360.8,"osm_id":1114709975},"geometry":{"type":"Polygon","coordinates":[[[105.8320317,21.0240353],[105.8322886,21.0239584],[105.8322504,21.0238475],[105.8319936,21.0239245],[105.8320317,21.0240353]]]}},{"type":"Feature","properties":{"id":"OCD-00264","so_to":11,"so_thua":264,"dia_chi":"","dien_tich":234.4,"osm_id":1114709976},"geometry":{"type":"Polygon","coordinates":[[[105.8321182,21.0241217],[105.8323496,21.0240366],[105.8323174,21.0239602],[105.832086,21.0240454],[105.8321182,21.0241217]]]}},{"type":"Feature","properties":{"id":"OCD-00265","so_to":11,"so_thua":265,"dia_chi":"","dien_tich":467.6,"osm_id":1114709977},"geometry":{"type":"Polygon","coordinates":[[[105.8321267,21.0242724],[105.8324197,21.0241645],[105.832369,21.0240443],[105.8320759,21.0241521],[105.8321267,21.0242724]]]}},{"type":"Feature","properties":{"id":"OCD-00266","so_to":11,"so_thua":266,"dia_chi":"","dien_tich":379.6,"osm_id":1114709978},"geometry":{"type":"Polygon","coordinates":[[[105.8309072,21.0241887],[105.8312358,21.024086],[105.8312034,21.0239956],[105.8308748,21.0240982],[105.8309072,21.0241887]]]}},{"type":"Feature","properties":{"id":"OCD-00267","so_to":11,"so_thua":267,"dia_chi":"","dien_tich":467,"osm_id":1114709979},"geometry":{"type":"Polygon","coordinates":[[[105.831305,21.0235285],[105.8316444,21.0233738],[105.8316002,21.0232892],[105.8313833,21.0233881],[105.831358,21.0233398],[105.8312713,21.0233793],[105.8312974,21.0234293],[105.8312617,21.0234457],[105.831305,21.0235285]]]}},{"type":"Feature","properties":{"id":"OCD-00268","so_to":11,"so_thua":268,"dia_chi":"","dien_tich":153.6,"osm_id":1114709980},"geometry":{"type":"Polygon","coordinates":[[[105.8313411,21.0212625],[105.8315208,21.0211857],[105.8314906,21.0211242],[105.8313109,21.021201],[105.8313411,21.0212625]]]}},{"type":"Feature","properties":{"id":"OCD-00269","so_to":11,"so_thua":269,"dia_chi":"","dien_tich":380.4,"osm_id":1114709981},"geometry":{"type":"Polygon","coordinates":[[[105.8313017,21.0211971],[105.8315557,21.0210886],[105.8315028,21.0209808],[105.8312488,21.0210893],[105.8313017,21.0211971]]]}},{"type":"Feature","properties":{"id":"OCD-00270","so_to":11,"so_thua":270,"dia_chi":"","dien_tich":41.8,"osm_id":1114709982},"geometry":{"type":"Polygon","coordinates":[[[105.8307952,21.0208394],[105.8308728,21.0208056],[105.8308536,21.0207671],[105.830776,21.0208008],[105.8307952,21.0208394]]]}},{"type":"Feature","properties":{"id":"OCD-00271","so_to":11,"so_thua":271,"dia_chi":"","dien_tich":119,"osm_id":1114709983},"geometry":{"type":"Polygon","coordinates":[[[105.830633,21.0209339],[105.8307976,21.0208623],[105.8307718,21.0208106],[105.8306072,21.0208822],[105.830633,21.0209339]]]}},{"type":"Feature","properties":{"id":"OCD-00272","so_to":11,"so_thua":272,"dia_chi":"","dien_tich":113,"osm_id":1114709984},"geometry":{"type":"Polygon","coordinates":[[[105.8308449,21.0209439],[105.8309257,21.0209088],[105.8308757,21.0208087],[105.8307949,21.0208439],[105.8308449,21.0209439]]]}},{"type":"Feature","properties":{"id":"OCD-00273","so_to":11,"so_thua":273,"dia_chi":"","dien_tich":52.2,"osm_id":1114709985},"geometry":{"type":"Polygon","coordinates":[[[105.8307711,21.0209671],[105.8308293,21.0209418],[105.8307973,21.0208776],[105.8307391,21.0209029],[105.8307711,21.0209671]]]}},{"type":"Feature","properties":{"id":"OCD-00274","so_to":11,"so_thua":274,"dia_chi":"","dien_tich":94.3,"osm_id":1114709986},"geometry":{"type":"Polygon","coordinates":[[[105.8306652,21.0210146],[105.8307632,21.020972],[105.8307289,21.0209032],[105.8306308,21.0209459],[105.8306652,21.0210146]]]}},{"type":"Feature","properties":{"id":"OCD-00275","so_to":11,"so_thua":275,"dia_chi":"","dien_tich":554.2,"osm_id":1114709989},"geometry":{"type":"Polygon","coordinates":[[[105.8291819,21.0204507],[105.8294186,21.0203122],[105.8293203,21.0201659],[105.8290836,21.0203043],[105.8291819,21.0204507]]]}},{"type":"Feature","properties":{"id":"OCD-00276","so_to":11,"so_thua":276,"dia_chi":"","dien_tich":61.9,"osm_id":1114709991},"geometry":{"type":"Polygon","coordinates":[[[105.8305667,21.0203866],[105.8306412,21.0203504],[105.8306095,21.0202935],[105.830535,21.0203296],[105.8305667,21.0203866]]]}},{"type":"Feature","properties":{"id":"OCD-00277","so_to":11,"so_thua":277,"dia_chi":"","dien_tich":61.9,"osm_id":1114709992},"geometry":{"type":"Polygon","coordinates":[[[105.8304278,21.0202095],[105.83052,21.0201733],[105.8304998,21.0201286],[105.8304452,21.0201501],[105.8304397,21.0201378],[105.8304021,21.0201525],[105.8304278,21.0202095]]]}},{"type":"Feature","properties":{"id":"OCD-00278","so_to":11,"so_thua":278,"dia_chi":"","dien_tich":131.9,"osm_id":1114709994},"geometry":{"type":"Polygon","coordinates":[[[105.8303234,21.0199574],[105.830446,21.0199002],[105.8304059,21.0198253],[105.8302833,21.0198824],[105.8303234,21.0199574]]]}},{"type":"Feature","properties":{"id":"OCD-00279","so_to":11,"so_thua":279,"dia_chi":"","dien_tich":133.6,"osm_id":1114709995},"geometry":{"type":"Polygon","coordinates":[[[105.8302778,21.0198741],[105.8304033,21.0198156],[105.8303636,21.0197414],[105.8302381,21.0197999],[105.8302778,21.0198741]]]}},{"type":"Feature","properties":{"id":"OCD-00280","so_to":11,"so_thua":280,"dia_chi":"","dien_tich":152.3,"osm_id":1114709996},"geometry":{"type":"Polygon","coordinates":[[[105.8301759,21.0198215],[105.8303591,21.0197361],[105.8303281,21.0196782],[105.8301449,21.0197636],[105.8301759,21.0198215]]]}},{"type":"Feature","properties":{"id":"OCD-00281","so_to":11,"so_thua":281,"dia_chi":"","dien_tich":86.6,"osm_id":1114709997},"geometry":{"type":"Polygon","coordinates":[[[105.8301866,21.0197345],[105.8303094,21.0196773],[105.8302832,21.0196281],[105.8301603,21.0196854],[105.8301866,21.0197345]]]}},{"type":"Feature","properties":{"id":"OCD-00282","so_to":11,"so_thua":282,"dia_chi":"","dien_tich":177.1,"osm_id":1114709998},"geometry":{"type":"Polygon","coordinates":[[[105.8301075,21.0197001],[105.8303052,21.0196079],[105.8302718,21.0195455],[105.8300741,21.0196377],[105.8301075,21.0197001]]]}},{"type":"Feature","properties":{"id":"OCD-00283","so_to":11,"so_thua":283,"dia_chi":"","dien_tich":511.2,"osm_id":1114710012},"geometry":{"type":"Polygon","coordinates":[[[105.8262956,21.0208943],[105.8267991,21.0206447],[105.8267599,21.0205757],[105.8262564,21.0208254],[105.8262956,21.0208943]]]}},{"type":"Feature","properties":{"id":"OCD-00284","so_to":11,"so_thua":284,"dia_chi":"","dien_tich":349.1,"osm_id":1114710013},"geometry":{"type":"Polygon","coordinates":[[[105.8260964,21.0209759],[105.8262833,21.0208789],[105.8262093,21.0207547],[105.8260224,21.0208516],[105.8260964,21.0209759]]]}},{"type":"Feature","properties":{"id":"OCD-00285","so_to":11,"so_thua":285,"dia_chi":"","dien_tich":292.3,"osm_id":1114710014},"geometry":{"type":"Polygon","coordinates":[[[105.8290115,21.0208638],[105.829209,21.0207518],[105.8291705,21.0206927],[105.8290527,21.0207595],[105.8290019,21.0206815],[105.8289963,21.0206728],[105.8289165,21.020718],[105.8290115,21.0208638]]]}},{"type":"Feature","properties":{"id":"OCD-00286","so_to":11,"so_thua":286,"dia_chi":"","dien_tich":913.2,"osm_id":1114710015},"geometry":{"type":"Polygon","coordinates":[[[105.8290527,21.0207595],[105.8291705,21.0206927],[105.8295514,21.0204739],[105.8295607,21.020488],[105.8296348,21.0204454],[105.8296258,21.0204318],[105.8296701,21.0204063],[105.8297761,21.0203454],[105.8297464,21.0203004],[105.8297242,21.0202667],[105.8290019,21.0206815],[105.8290527,21.0207595]]]}},{"type":"Feature","properties":{"id":"OCD-00287","so_to":11,"so_thua":287,"dia_chi":"274 Phố Tôn Đức Thắng","dien_tich":365.4,"osm_id":1114710016},"geometry":{"type":"Polygon","coordinates":[[[105.8302422,21.0204422],[105.8303185,21.0204004],[105.8303299,21.0204186],[105.8303394,21.0204135],[105.8303419,21.0204176],[105.8304542,21.0203561],[105.8303735,21.0202278],[105.8301756,21.0203361],[105.8302422,21.0204422]]]}},{"type":"Feature","properties":{"id":"OCD-00288","so_to":11,"so_thua":288,"dia_chi":"","dien_tich":476.9,"osm_id":1114710017},"geometry":{"type":"Polygon","coordinates":[[[105.8274076,21.0223266],[105.8275211,21.0222721],[105.8273616,21.0219829],[105.8272481,21.0220375],[105.8274076,21.0223266]]]}},{"type":"Feature","properties":{"id":"OCD-00289","so_to":11,"so_thua":289,"dia_chi":"","dien_tich":207.4,"osm_id":1114710018},"geometry":{"type":"Polygon","coordinates":[[[105.8265577,21.0218641],[105.8267098,21.0217913],[105.8266582,21.0216973],[105.8265061,21.0217701],[105.8265577,21.0218641]]]}},{"type":"Feature","properties":{"id":"OCD-00290","so_to":11,"so_thua":290,"dia_chi":"","dien_tich":857.2,"osm_id":1114710019},"geometry":{"type":"Polygon","coordinates":[[[105.8265983,21.0220117],[105.8266194,21.0220519],[105.826599,21.0220613],[105.8266678,21.0221921],[105.8266941,21.02218],[105.8267152,21.02222],[105.8268205,21.0221717],[105.8268103,21.0221522],[105.8268758,21.0221222],[105.8268915,21.0221521],[105.8269894,21.0221073],[105.8268729,21.0218858],[105.8265983,21.0220117]]]}},{"type":"Feature","properties":{"id":"OCD-00291","so_to":11,"so_thua":291,"dia_chi":"","dien_tich":526.9,"osm_id":1114710020},"geometry":{"type":"Polygon","coordinates":[[[105.8268274,21.0217611],[105.8269255,21.0219433],[105.8271265,21.0218489],[105.8270284,21.0216668],[105.8268274,21.0217611]]]}},{"type":"Feature","properties":{"id":"OCD-00292","so_to":11,"so_thua":292,"dia_chi":"","dien_tich":1267.5,"osm_id":1114710021},"geometry":{"type":"Polygon","coordinates":[[[105.8281269,21.0219701],[105.8286262,21.0218383],[105.8286017,21.0217574],[105.8283921,21.0218127],[105.8283486,21.021669],[105.8286261,21.0215959],[105.8285879,21.0214694],[105.8282095,21.0215692],[105.8282212,21.0216081],[105.8282921,21.0218423],[105.8281033,21.0218921],[105.8281269,21.0219701]]]}},{"type":"Feature","properties":{"id":"OCD-00293","so_to":11,"so_thua":293,"dia_chi":"","dien_tich":739.8,"osm_id":1114710022},"geometry":{"type":"Polygon","coordinates":[[[105.8279408,21.0218673],[105.8282362,21.0217897],[105.8281754,21.0215877],[105.8278799,21.0216653],[105.8279408,21.0218673]]]}},{"type":"Feature","properties":{"id":"OCD-00294","so_to":11,"so_thua":294,"dia_chi":"","dien_tich":817.3,"osm_id":1114710023},"geometry":{"type":"Polygon","coordinates":[[[105.8253939,21.0194786],[105.8255426,21.0193992],[105.8253215,21.0190386],[105.8251729,21.019118],[105.8253939,21.0194786]]]}},{"type":"Feature","properties":{"id":"OCD-00295","so_to":11,"so_thua":295,"dia_chi":"","dien_tich":919.1,"osm_id":1114710024},"geometry":{"type":"Polygon","coordinates":[[[105.8255465,21.0193845],[105.8256995,21.0193028],[105.825458,21.0189088],[105.825305,21.0189905],[105.8255465,21.0193845]]]}},{"type":"Feature","properties":{"id":"OCD-00296","so_to":11,"so_thua":296,"dia_chi":"","dien_tich":425.1,"osm_id":1114710025},"geometry":{"type":"Polygon","coordinates":[[[105.8262442,21.0189416],[105.8263451,21.0188945],[105.8261879,21.0186011],[105.826087,21.0186481],[105.8262442,21.0189416]]]}},{"type":"Feature","properties":{"id":"OCD-00297","so_to":11,"so_thua":297,"dia_chi":"","dien_tich":899.8,"osm_id":1114710026},"geometry":{"type":"Polygon","coordinates":[[[105.8263502,21.0188815],[105.8266055,21.0187623],[105.8264741,21.0185169],[105.8262187,21.0186361],[105.8263502,21.0188815]]]}},{"type":"Feature","properties":{"id":"OCD-00298","so_to":11,"so_thua":298,"dia_chi":"","dien_tich":549.4,"osm_id":1114710874},"geometry":{"type":"Polygon","coordinates":[[[105.8319895,21.0274953],[105.8320612,21.0276824],[105.8322879,21.0276066],[105.8322161,21.0274196],[105.8319895,21.0274953]]]}},{"type":"Feature","properties":{"id":"OCD-00299","so_to":11,"so_thua":299,"dia_chi":"","dien_tich":223.1,"osm_id":1114710875},"geometry":{"type":"Polygon","coordinates":[[[105.8324012,21.0275295],[105.8326118,21.0274595],[105.8325806,21.0273777],[105.83237,21.0274476],[105.8324012,21.0275295]]]}},{"type":"Feature","properties":{"id":"OCD-00300","so_to":12,"so_thua":300,"dia_chi":"","dien_tich":171.1,"osm_id":1114710876},"geometry":{"type":"Polygon","coordinates":[[[105.8323288,21.0274522],[105.8324039,21.0274272],[105.8323368,21.0272512],[105.8322617,21.0272762],[105.8323288,21.0274522]]]}},{"type":"Feature","properties":{"id":"OCD-00301","so_to":12,"so_thua":301,"dia_chi":"","dien_tich":212.6,"osm_id":1114710877},"geometry":{"type":"Polygon","coordinates":[[[105.8324294,21.0274165],[105.8325095,21.0273899],[105.8324314,21.0271849],[105.8323512,21.0272115],[105.8324294,21.0274165]]]}},{"type":"Feature","properties":{"id":"OCD-00302","so_to":12,"so_thua":302,"dia_chi":"","dien_tich":241.2,"osm_id":1114710878},"geometry":{"type":"Polygon","coordinates":[[[105.8325393,21.0273839],[105.8326403,21.0273504],[105.8325699,21.0271658],[105.8324689,21.0271993],[105.8325393,21.0273839]]]}},{"type":"Feature","properties":{"id":"OCD-00303","so_to":12,"so_thua":303,"dia_chi":"","dien_tich":179.5,"osm_id":1114710880},"geometry":{"type":"Polygon","coordinates":[[[105.8316254,21.0274847],[105.8317828,21.0274328],[105.8317494,21.0273445],[105.831592,21.0273964],[105.8316254,21.0274847]]]}},{"type":"Feature","properties":{"id":"OCD-00304","so_to":12,"so_thua":304,"dia_chi":"","dien_tich":163.4,"osm_id":1114710881},"geometry":{"type":"Polygon","coordinates":[[[105.8315939,21.0272337],[105.8317072,21.0271964],[105.8316649,21.0270848],[105.8315516,21.0271221],[105.8315939,21.0272337]]]}},{"type":"Feature","properties":{"id":"OCD-00305","so_to":12,"so_thua":305,"dia_chi":"","dien_tich":188.3,"osm_id":1114710882},"geometry":{"type":"Polygon","coordinates":[[[105.8316401,21.027367],[105.8317561,21.0273288],[105.8317085,21.0272031],[105.8315926,21.0272413],[105.8316401,21.027367]]]}},{"type":"Feature","properties":{"id":"OCD-00306","so_to":12,"so_thua":306,"dia_chi":"","dien_tich":275.7,"osm_id":1114710883},"geometry":{"type":"Polygon","coordinates":[[[105.8318809,21.0274071],[105.8321352,21.0273233],[105.8321035,21.0272394],[105.8318491,21.0273232],[105.8318809,21.0274071]]]}},{"type":"Feature","properties":{"id":"OCD-00307","so_to":12,"so_thua":307,"dia_chi":"","dien_tich":1076.5,"osm_id":1114710884},"geometry":{"type":"Polygon","coordinates":[[[105.8317863,21.0273357],[105.8321018,21.0272318],[105.8320019,21.0269676],[105.8316864,21.0270716],[105.8317863,21.0273357]]]}},{"type":"Feature","properties":{"id":"OCD-00308","so_to":12,"so_thua":308,"dia_chi":"","dien_tich":508.8,"osm_id":1114710885},"geometry":{"type":"Polygon","coordinates":[[[105.832243,21.0269007],[105.8325487,21.0267881],[105.8324957,21.0266627],[105.8321899,21.0267754],[105.832243,21.0269007]]]}},{"type":"Feature","properties":{"id":"OCD-00309","so_to":12,"so_thua":309,"dia_chi":"","dien_tich":103.6,"osm_id":1114710886},"geometry":{"type":"Polygon","coordinates":[[[105.8320606,21.0266942],[105.8321149,21.0266816],[105.8320733,21.0265251],[105.832019,21.0265377],[105.8320606,21.0266942]]]}},{"type":"Feature","properties":{"id":"OCD-00310","so_to":12,"so_thua":310,"dia_chi":"","dien_tich":511.9,"osm_id":1114710887},"geometry":{"type":"Polygon","coordinates":[[[105.8321617,21.0266419],[105.8326037,21.0264651],[105.8325646,21.0263799],[105.8321226,21.0265567],[105.8321617,21.0266419]]]}},{"type":"Feature","properties":{"id":"OCD-00311","so_to":12,"so_thua":311,"dia_chi":"","dien_tich":626,"osm_id":1114710888},"geometry":{"type":"Polygon","coordinates":[[[105.8316341,21.027762],[105.8320331,21.027628],[105.8319865,21.0275071],[105.8315875,21.027641],[105.8316341,21.027762]]]}},{"type":"Feature","properties":{"id":"OCD-00312","so_to":12,"so_thua":312,"dia_chi":"","dien_tich":407.9,"osm_id":1114710889},"geometry":{"type":"Polygon","coordinates":[[[105.8299792,21.0286345],[105.830297,21.0285994],[105.8302831,21.0284892],[105.8299652,21.0285243],[105.8299792,21.0286345]]]}},{"type":"Feature","properties":{"id":"OCD-00313","so_to":12,"so_thua":313,"dia_chi":"","dien_tich":724.8,"osm_id":1114710890},"geometry":{"type":"Polygon","coordinates":[[[105.829782,21.0280612],[105.8302602,21.0279658],[105.8302313,21.0278396],[105.8297531,21.027935],[105.829782,21.0280612]]]}},{"type":"Feature","properties":{"id":"OCD-00314","so_to":12,"so_thua":314,"dia_chi":"","dien_tich":551.7,"osm_id":1114710891},"geometry":{"type":"Polygon","coordinates":[[[105.8298893,21.028269],[105.8302436,21.0281983],[105.8302139,21.0280687],[105.8298596,21.0281393],[105.8298893,21.028269]]]}},{"type":"Feature","properties":{"id":"OCD-00315","so_to":12,"so_thua":315,"dia_chi":"","dien_tich":419.3,"osm_id":1114710892},"geometry":{"type":"Polygon","coordinates":[[[105.829947,21.0284743],[105.8302608,21.0284117],[105.8302354,21.0283005],[105.8299215,21.028363],[105.829947,21.0284743]]]}},{"type":"Feature","properties":{"id":"OCD-00316","so_to":12,"so_thua":316,"dia_chi":"","dien_tich":377.3,"osm_id":1114717052},"geometry":{"type":"Polygon","coordinates":[[[105.8328922,21.0256246],[105.8330761,21.0255518],[105.8330432,21.0254793],[105.8330021,21.0254956],[105.8329757,21.0254376],[105.8329323,21.0254264],[105.8328895,21.0254043],[105.832807,21.025437],[105.8328922,21.0256246]]]}},{"type":"Feature","properties":{"id":"OCD-00317","so_to":12,"so_thua":317,"dia_chi":"","dien_tich":91.3,"osm_id":1114717053},"geometry":{"type":"Polygon","coordinates":[[[105.8329713,21.0257035],[105.832993,21.0257512],[105.8331343,21.0256953],[105.8331126,21.0256476],[105.8329713,21.0257035]]]}},{"type":"Feature","properties":{"id":"OCD-00318","so_to":12,"so_thua":318,"dia_chi":"","dien_tich":212.2,"osm_id":1114717054},"geometry":{"type":"Polygon","coordinates":[[[105.8330464,21.0258687],[105.8331884,21.0258125],[105.8331383,21.0257022],[105.8329963,21.0257584],[105.8330464,21.0258687]]]}},{"type":"Feature","properties":{"id":"OCD-00319","so_to":12,"so_thua":319,"dia_chi":"","dien_tich":106.2,"osm_id":1114717055},"geometry":{"type":"Polygon","coordinates":[[[105.833092,21.0259457],[105.8332293,21.0258914],[105.8332034,21.0258343],[105.8330661,21.0258886],[105.833092,21.0259457]]]}},{"type":"Feature","properties":{"id":"OCD-00320","so_to":12,"so_thua":320,"dia_chi":"","dien_tich":164.2,"osm_id":1114717056},"geometry":{"type":"Polygon","coordinates":[[[105.8332367,21.026201],[105.8333415,21.0261595],[105.833289,21.0260439],[105.8331842,21.0260854],[105.8332367,21.026201]]]}},{"type":"Feature","properties":{"id":"OCD-00321","so_to":12,"so_thua":321,"dia_chi":"","dien_tich":213.5,"osm_id":1114717057},"geometry":{"type":"Polygon","coordinates":[[[105.8332247,21.0262041],[105.8331622,21.0260667],[105.8330476,21.0261121],[105.83311,21.0262495],[105.8332247,21.0262041]]]}},{"type":"Feature","properties":{"id":"OCD-00322","so_to":12,"so_thua":322,"dia_chi":"","dien_tich":229.4,"osm_id":1114717058},"geometry":{"type":"Polygon","coordinates":[[[105.8331408,21.0263506],[105.8333897,21.0262521],[105.8333588,21.0261841],[105.8331099,21.0262826],[105.8331408,21.0263506]]]}},{"type":"Feature","properties":{"id":"OCD-00323","so_to":12,"so_thua":323,"dia_chi":"","dien_tich":401.9,"osm_id":1114717059},"geometry":{"type":"Polygon","coordinates":[[[105.8332292,21.0266216],[105.8334019,21.0265533],[105.8333239,21.0263815],[105.8331512,21.0264499],[105.8332292,21.0266216]]]}},{"type":"Feature","properties":{"id":"OCD-00324","so_to":12,"so_thua":324,"dia_chi":"","dien_tich":459.5,"osm_id":1114717060},"geometry":{"type":"Polygon","coordinates":[[[105.8309039,21.027444],[105.8311687,21.0274096],[105.8311466,21.0272614],[105.8308818,21.0272958],[105.8309039,21.027444]]]}},{"type":"Feature","properties":{"id":"OCD-00325","so_to":12,"so_thua":325,"dia_chi":"","dien_tich":242.7,"osm_id":1114717098},"geometry":{"type":"Polygon","coordinates":[[[105.8300365,21.0300672],[105.8299727,21.0298297],[105.829889,21.0298493],[105.8299528,21.0300868],[105.8300365,21.0300672]]]}},{"type":"Feature","properties":{"id":"OCD-00326","so_to":12,"so_thua":326,"dia_chi":"","dien_tich":360.4,"osm_id":1114717099},"geometry":{"type":"Polygon","coordinates":[[[105.8297245,21.030104],[105.8299203,21.0300581],[105.8298798,21.0299074],[105.8296839,21.0299533],[105.8297245,21.030104]]]}},{"type":"Feature","properties":{"id":"OCD-00327","so_to":12,"so_thua":327,"dia_chi":"","dien_tich":215.7,"osm_id":1114717104},"geometry":{"type":"Polygon","coordinates":[[[105.8265576,21.0273692],[105.8266282,21.0272358],[105.8265422,21.0271961],[105.8265208,21.0272365],[105.8264405,21.0271995],[105.8264166,21.0272445],[105.826497,21.0272815],[105.8264716,21.0273296],[105.8265576,21.0273692]]]}},{"type":"Feature","properties":{"id":"OCD-00328","so_to":12,"so_thua":328,"dia_chi":"","dien_tich":859.1,"osm_id":1114717105},"geometry":{"type":"Polygon","coordinates":[[[105.8252154,21.0270632],[105.8253555,21.0269173],[105.8250712,21.0266795],[105.8249311,21.0268254],[105.8252154,21.0270632]]]}},{"type":"Feature","properties":{"id":"OCD-00329","so_to":12,"so_thua":329,"dia_chi":"","dien_tich":782.4,"osm_id":1114717106},"geometry":{"type":"Polygon","coordinates":[[[105.8264324,21.0261978],[105.8265227,21.0261633],[105.8262392,21.0255177],[105.8261488,21.0255523],[105.8264324,21.0261978]]]}},{"type":"Feature","properties":{"id":"OCD-00330","so_to":12,"so_thua":330,"dia_chi":"","dien_tich":873.1,"osm_id":1114717107},"geometry":{"type":"Polygon","coordinates":[[[105.8266763,21.025419],[105.8271248,21.0253056],[105.827079,21.0251477],[105.8266305,21.0252611],[105.8266763,21.025419]]]}},{"type":"Feature","properties":{"id":"OCD-00331","so_to":12,"so_thua":331,"dia_chi":"","dien_tich":253.4,"osm_id":1114717108},"geometry":{"type":"Polygon","coordinates":[[[105.8254449,21.0242519],[105.8255474,21.0242245],[105.8254863,21.0240255],[105.8253839,21.0240529],[105.8254449,21.0242519]]]}},{"type":"Feature","properties":{"id":"OCD-00332","so_to":12,"so_thua":332,"dia_chi":"","dien_tich":274.8,"osm_id":1114717109},"geometry":{"type":"Polygon","coordinates":[[[105.8258137,21.0239352],[105.8260544,21.023883],[105.826031,21.0237887],[105.8257902,21.0238409],[105.8258137,21.0239352]]]}},{"type":"Feature","properties":{"id":"OCD-00333","so_to":12,"so_thua":333,"dia_chi":"","dien_tich":273.4,"osm_id":1114717110},"geometry":{"type":"Polygon","coordinates":[[[105.8258701,21.0240878],[105.8261052,21.0240368],[105.8260813,21.0239408],[105.8258462,21.0239917],[105.8258701,21.0240878]]]}},{"type":"Feature","properties":{"id":"OCD-00334","so_to":12,"so_thua":334,"dia_chi":"","dien_tich":872.6,"osm_id":1114996993},"geometry":{"type":"Polygon","coordinates":[[[105.8288458,21.0305331],[105.8289973,21.0304045],[105.8287298,21.0301301],[105.8285783,21.0302587],[105.8288458,21.0305331]]]}},{"type":"Feature","properties":{"id":"OCD-00335","so_to":12,"so_thua":335,"dia_chi":"","dien_tich":31.8,"osm_id":1114998124},"geometry":{"type":"Polygon","coordinates":[[[105.8308351,21.0242591],[105.8308905,21.0242375],[105.8308714,21.0241949],[105.8308161,21.0242165],[105.8308351,21.0242591]]]}},{"type":"Feature","properties":{"id":"OCD-00336","so_to":12,"so_thua":336,"dia_chi":"","dien_tich":25.2,"osm_id":1114998125},"geometry":{"type":"Polygon","coordinates":[[[105.8308546,21.024301],[105.8309061,21.0242796],[105.8308891,21.0242441],[105.8308376,21.0242655],[105.8308546,21.024301]]]}},{"type":"Feature","properties":{"id":"OCD-00337","so_to":12,"so_thua":337,"dia_chi":"","dien_tich":24.6,"osm_id":1114998126},"geometry":{"type":"Polygon","coordinates":[[[105.830875,21.0243423],[105.8309298,21.0243196],[105.8309143,21.024287],[105.8308595,21.0243097],[105.830875,21.0243423]]]}},{"type":"Feature","properties":{"id":"OCD-00338","so_to":12,"so_thua":338,"dia_chi":"","dien_tich":26.3,"osm_id":1114998127},"geometry":{"type":"Polygon","coordinates":[[[105.8308224,21.0243574],[105.8308681,21.0243384],[105.8308482,21.0242967],[105.8308025,21.0243156],[105.8308224,21.0243574]]]}},{"type":"Feature","properties":{"id":"OCD-00339","so_to":12,"so_thua":339,"dia_chi":"","dien_tich":31.6,"osm_id":1114998128},"geometry":{"type":"Polygon","coordinates":[[[105.8307567,21.0243799],[105.8308163,21.0243552],[105.8307979,21.0243167],[105.8307383,21.0243414],[105.8307567,21.0243799]]]}},{"type":"Feature","properties":{"id":"OCD-00340","so_to":12,"so_thua":340,"dia_chi":"","dien_tich":50.2,"osm_id":1114998129},"geometry":{"type":"Polygon","coordinates":[[[105.8307393,21.0243358],[105.8308466,21.0242912],[105.8308304,21.0242572],[105.8307231,21.0243018],[105.8307393,21.0243358]]]}},{"type":"Feature","properties":{"id":"OCD-00341","so_to":12,"so_thua":341,"dia_chi":"","dien_tich":46.9,"osm_id":1114998130},"geometry":{"type":"Polygon","coordinates":[[[105.8307191,21.0242967],[105.8308241,21.024253],[105.8308087,21.0242206],[105.8307037,21.0242642],[105.8307191,21.0242967]]]}},{"type":"Feature","properties":{"id":"OCD-00342","so_to":12,"so_thua":342,"dia_chi":"","dien_tich":71.5,"osm_id":1114998131},"geometry":{"type":"Polygon","coordinates":[[[105.8307014,21.024261],[105.8308103,21.0242157],[105.8307875,21.024168],[105.8306786,21.0242133],[105.8307014,21.024261]]]}},{"type":"Feature","properties":{"id":"OCD-00343","so_to":12,"so_thua":343,"dia_chi":"","dien_tich":63,"osm_id":1114998132},"geometry":{"type":"Polygon","coordinates":[[[105.8306665,21.0242118],[105.8307822,21.0241638],[105.8307634,21.0241242],[105.8306476,21.0241723],[105.8306665,21.0242118]]]}},{"type":"Feature","properties":{"id":"OCD-00344","so_to":12,"so_thua":344,"dia_chi":"","dien_tich":58.9,"osm_id":1114998133},"geometry":{"type":"Polygon","coordinates":[[[105.8306414,21.0241699],[105.8307604,21.0241204],[105.8307433,21.0240845],[105.8306242,21.0241339],[105.8306414,21.0241699]]]}},{"type":"Feature","properties":{"id":"OCD-00345","so_to":12,"so_thua":345,"dia_chi":"","dien_tich":150.9,"osm_id":1114998134},"geometry":{"type":"Polygon","coordinates":[[[105.8307359,21.0240823],[105.8306905,21.0239872],[105.8305753,21.024035],[105.8306207,21.0241302],[105.8307359,21.0240823]]]}},{"type":"Feature","properties":{"id":"OCD-00346","so_to":12,"so_thua":346,"dia_chi":"","dien_tich":129.5,"osm_id":1114998135},"geometry":{"type":"Polygon","coordinates":[[[105.830635,21.0241718],[105.8305954,21.0240887],[105.8304821,21.0241358],[105.8305217,21.0242188],[105.830635,21.0241718]]]}},{"type":"Feature","properties":{"id":"OCD-00347","so_to":12,"so_thua":347,"dia_chi":"","dien_tich":106,"osm_id":1114998136},"geometry":{"type":"Polygon","coordinates":[[[105.8305532,21.0242885],[105.8306741,21.0242383],[105.8306437,21.0241746],[105.8305228,21.0242248],[105.8305532,21.0242885]]]}},{"type":"Feature","properties":{"id":"OCD-00348","so_to":12,"so_thua":348,"dia_chi":"","dien_tich":119.8,"osm_id":1114998137},"geometry":{"type":"Polygon","coordinates":[[[105.8306373,21.024434],[105.8307548,21.0243852],[105.8307195,21.0243111],[105.830602,21.0243599],[105.8306373,21.024434]]]}},{"type":"Feature","properties":{"id":"OCD-00349","so_to":12,"so_thua":349,"dia_chi":"","dien_tich":115.2,"osm_id":1114998138},"geometry":{"type":"Polygon","coordinates":[[[105.8305977,21.0243564],[105.8307151,21.0243077],[105.8306811,21.0242364],[105.8305637,21.0242851],[105.8305977,21.0243564]]]}},{"type":"Feature","properties":{"id":"OCD-00350","so_to":12,"so_thua":350,"dia_chi":"","dien_tich":755.3,"osm_id":1114998139},"geometry":{"type":"Polygon","coordinates":[[[105.8305031,21.0269458],[105.8304908,21.0269991],[105.8305143,21.0270435],[105.831147,21.0267494],[105.8311003,21.0266633],[105.8305031,21.0269458]]]}},{"type":"Feature","properties":{"id":"OCD-00351","so_to":12,"so_thua":351,"dia_chi":"11A Cát Linh","dien_tich":1243.2,"osm_id":1114998140},"geometry":{"type":"Polygon","coordinates":[[[105.8328313,21.0276036],[105.8329763,21.0279891],[105.8332204,21.0279096],[105.8330861,21.0275191],[105.8328313,21.0276036]]]}},{"type":"Feature","properties":{"id":"OCD-00352","so_to":12,"so_thua":352,"dia_chi":"","dien_tich":331.9,"osm_id":1114998141},"geometry":{"type":"Polygon","coordinates":[[[105.8328599,21.0275185],[105.8329578,21.0274827],[105.8328505,21.0272268],[105.8327526,21.0272625],[105.8328599,21.0275185]]]}},{"type":"Feature","properties":{"id":"OCD-00353","so_to":12,"so_thua":353,"dia_chi":"","dien_tich":292.2,"osm_id":1114998165},"geometry":{"type":"Polygon","coordinates":[[[105.8343431,21.0262279],[105.8346724,21.0260989],[105.8346429,21.0260332],[105.8343136,21.0261622],[105.8343431,21.0262279]]]}},{"type":"Feature","properties":{"id":"OCD-00354","so_to":12,"so_thua":354,"dia_chi":"23 Ngõ Thông Phong","dien_tich":638,"osm_id":1114998166},"geometry":{"type":"Polygon","coordinates":[[[105.8343089,21.0261547],[105.8346382,21.0260257],[105.8345814,21.0258994],[105.8345477,21.0259125],[105.8345383,21.0258915],[105.8342712,21.0259961],[105.8342807,21.0260171],[105.8342521,21.0260283],[105.8343089,21.0261547]]]}},{"type":"Feature","properties":{"id":"OCD-00355","so_to":12,"so_thua":355,"dia_chi":"","dien_tich":31.3,"osm_id":1114999268},"geometry":{"type":"Polygon","coordinates":[[[105.828169,21.0170531],[105.8282207,21.0170292],[105.8281989,21.0169871],[105.828145,21.017014],[105.828169,21.0170531]]]}},{"type":"Feature","properties":{"id":"OCD-00356","so_to":12,"so_thua":356,"dia_chi":"","dien_tich":18.4,"osm_id":1114999269},"geometry":{"type":"Polygon","coordinates":[[[105.8281259,21.0170733],[105.8281624,21.0170565],[105.8281405,21.0170212],[105.8281061,21.0170384],[105.8281259,21.0170733]]]}},{"type":"Feature","properties":{"id":"OCD-00357","so_to":12,"so_thua":357,"dia_chi":"","dien_tich":82.4,"osm_id":1114999270},"geometry":{"type":"Polygon","coordinates":[[[105.8280204,21.0171293],[105.8281165,21.0170839],[105.8280822,21.017024],[105.8279878,21.0170711],[105.8280204,21.0171293]]]}},{"type":"Feature","properties":{"id":"OCD-00358","so_to":12,"so_thua":358,"dia_chi":"","dien_tich":57.2,"osm_id":1114999271},"geometry":{"type":"Polygon","coordinates":[[[105.8279826,21.0170684],[105.8280837,21.0170179],[105.8280617,21.0169796],[105.8279606,21.0170301],[105.8279826,21.0170684]]]}},{"type":"Feature","properties":{"id":"OCD-00359","so_to":12,"so_thua":359,"dia_chi":"","dien_tich":88.2,"osm_id":1114999272},"geometry":{"type":"Polygon","coordinates":[[[105.8281006,21.0170325],[105.8281959,21.0169849],[105.82816,21.0169223],[105.8280647,21.0169698],[105.8281006,21.0170325]]]}},{"type":"Feature","properties":{"id":"OCD-00360","so_to":12,"so_thua":360,"dia_chi":"","dien_tich":103.4,"osm_id":1114999273},"geometry":{"type":"Polygon","coordinates":[[[105.8280627,21.0169652],[105.8281576,21.0169178],[105.8281154,21.016844],[105.8280205,21.0168914],[105.8280627,21.0169652]]]}},{"type":"Feature","properties":{"id":"OCD-00361","so_to":12,"so_thua":361,"dia_chi":"","dien_tich":44.4,"osm_id":1114999274},"geometry":{"type":"Polygon","coordinates":[[[105.82811,21.0168409],[105.8280903,21.0168064],[105.8280031,21.01685],[105.8280228,21.0168845],[105.82811,21.0168409]]]}},{"type":"Feature","properties":{"id":"OCD-00362","so_to":12,"so_thua":362,"dia_chi":"","dien_tich":39.7,"osm_id":1114999275},"geometry":{"type":"Polygon","coordinates":[[[105.8280041,21.016844],[105.8280898,21.0168012],[105.8280718,21.0167699],[105.8279861,21.0168127],[105.8280041,21.016844]]]}},{"type":"Feature","properties":{"id":"OCD-00363","so_to":12,"so_thua":363,"dia_chi":"","dien_tich":43.2,"osm_id":1114999276},"geometry":{"type":"Polygon","coordinates":[[[105.8280356,21.0169323],[105.8280178,21.0169012],[105.8279236,21.0169483],[105.8279414,21.0169793],[105.8280356,21.0169323]]]}},{"type":"Feature","properties":{"id":"OCD-00364","so_to":12,"so_thua":364,"dia_chi":"","dien_tich":54.4,"osm_id":1114999277},"geometry":{"type":"Polygon","coordinates":[[[105.8279598,21.0170243],[105.8280594,21.0169746],[105.8280383,21.0169376],[105.8279386,21.0169874],[105.8279598,21.0170243]]]}},{"type":"Feature","properties":{"id":"OCD-00365","so_to":12,"so_thua":365,"dia_chi":"","dien_tich":88.3,"osm_id":1114999278},"geometry":{"type":"Polygon","coordinates":[[[105.8279182,21.016947],[105.8280205,21.0168959],[105.827987,21.0168375],[105.8278847,21.0168885],[105.8279182,21.016947]]]}},{"type":"Feature","properties":{"id":"OCD-00366","so_to":12,"so_thua":366,"dia_chi":"","dien_tich":67.3,"osm_id":1114999279},"geometry":{"type":"Polygon","coordinates":[[[105.8278522,21.0168259],[105.8279521,21.016776],[105.8279259,21.0167304],[105.8278261,21.0167803],[105.8278522,21.0168259]]]}},{"type":"Feature","properties":{"id":"OCD-00367","so_to":12,"so_thua":367,"dia_chi":"","dien_tich":73.8,"osm_id":1114999280},"geometry":{"type":"Polygon","coordinates":[[[105.8280531,21.016745],[105.8280202,21.0166876],[105.8279332,21.0167311],[105.8279661,21.0167885],[105.8280531,21.016745]]]}},{"type":"Feature","properties":{"id":"OCD-00368","so_to":12,"so_thua":368,"dia_chi":"","dien_tich":66.7,"osm_id":1114999281},"geometry":{"type":"Polygon","coordinates":[[[105.8281368,21.0168321],[105.8281528,21.0168594],[105.8283167,21.0167759],[105.8283008,21.0167486],[105.8281368,21.0168321]]]}},{"type":"Feature","properties":{"id":"OCD-00369","so_to":12,"so_thua":369,"dia_chi":"","dien_tich":75.5,"osm_id":1114999282},"geometry":{"type":"Polygon","coordinates":[[[105.8283279,21.0167777],[105.8281543,21.0168625],[105.8281709,21.0168922],[105.8283446,21.0168074],[105.8283279,21.0167777]]]}},{"type":"Feature","properties":{"id":"OCD-00370","so_to":12,"so_thua":370,"dia_chi":"","dien_tich":79,"osm_id":1114999283},"geometry":{"type":"Polygon","coordinates":[[[105.8281885,21.0169326],[105.8283765,21.0168311],[105.8283595,21.0168037],[105.8281715,21.0169052],[105.8281885,21.0169326]]]}},{"type":"Feature","properties":{"id":"OCD-00371","so_to":12,"so_thua":371,"dia_chi":"","dien_tich":65.2,"osm_id":1114999284},"geometry":{"type":"Polygon","coordinates":[[[105.8282203,21.0169614],[105.8283664,21.0168825],[105.8283484,21.0168534],[105.8282023,21.0169323],[105.8282203,21.0169614]]]}},{"type":"Feature","properties":{"id":"OCD-00372","so_to":12,"so_thua":372,"dia_chi":"","dien_tich":38.8,"osm_id":1114999285},"geometry":{"type":"Polygon","coordinates":[[[105.8282394,21.0170087],[105.8283165,21.0169671],[105.8282961,21.0169342],[105.8282191,21.0169758],[105.8282394,21.0170087]]]}},{"type":"Feature","properties":{"id":"OCD-00373","so_to":12,"so_thua":373,"dia_chi":"","dien_tich":43.7,"osm_id":1114999286},"geometry":{"type":"Polygon","coordinates":[[[105.828395,21.0169248],[105.828371,21.016886],[105.8282974,21.0169257],[105.8283215,21.0169645],[105.828395,21.0169248]]]}},{"type":"Feature","properties":{"id":"OCD-00374","so_to":12,"so_thua":374,"dia_chi":"","dien_tich":21.2,"osm_id":1114999287},"geometry":{"type":"Polygon","coordinates":[[[105.8283501,21.0169855],[105.8284097,21.0169533],[105.8283953,21.0169301],[105.8283357,21.0169623],[105.8283501,21.0169855]]]}},{"type":"Feature","properties":{"id":"OCD-00375","so_to":12,"so_thua":375,"dia_chi":"","dien_tich":17.4,"osm_id":1114999288},"geometry":{"type":"Polygon","coordinates":[[[105.8282991,21.0170156],[105.8283452,21.0169907],[105.82833,21.0169661],[105.8282839,21.016991],[105.8282991,21.0170156]]]}},{"type":"Feature","properties":{"id":"OCD-00376","so_to":12,"so_thua":376,"dia_chi":"","dien_tich":46.8,"osm_id":1114999289},"geometry":{"type":"Polygon","coordinates":[[[105.8283306,21.0170506],[105.8284212,21.0170017],[105.8284004,21.016968],[105.8283097,21.0170169],[105.8283306,21.0170506]]]}},{"type":"Feature","properties":{"id":"OCD-00377","so_to":12,"so_thua":377,"dia_chi":"","dien_tich":218,"osm_id":1114999298},"geometry":{"type":"Polygon","coordinates":[[[105.824893,21.016891],[105.8250815,21.0167996],[105.8250373,21.0167203],[105.8248489,21.0168117],[105.824893,21.016891]]]}},{"type":"Feature","properties":{"id":"OCD-00378","so_to":12,"so_thua":378,"dia_chi":"","dien_tich":124.7,"osm_id":1114999299},"geometry":{"type":"Polygon","coordinates":[[[105.826245,21.0197698],[105.8261731,21.0196671],[105.826099,21.0197122],[105.826171,21.019815],[105.826245,21.0197698]]]}},{"type":"Feature","properties":{"id":"OCD-00379","so_to":12,"so_thua":379,"dia_chi":"","dien_tich":39.8,"osm_id":1114999300},"geometry":{"type":"Polygon","coordinates":[[[105.8261312,21.0198202],[105.8261585,21.0198036],[105.8260962,21.0197146],[105.8260689,21.0197312],[105.8261312,21.0198202]]]}},{"type":"Feature","properties":{"id":"OCD-00380","so_to":12,"so_thua":380,"dia_chi":"","dien_tich":88.7,"osm_id":1114999301},"geometry":{"type":"Polygon","coordinates":[[[105.8260645,21.0198435],[105.8261205,21.0198094],[105.8260527,21.0197127],[105.8259968,21.0197468],[105.8260645,21.0198435]]]}},{"type":"Feature","properties":{"id":"OCD-00381","so_to":12,"so_thua":381,"dia_chi":"","dien_tich":215.3,"osm_id":1114999310},"geometry":{"type":"Polygon","coordinates":[[[105.8268712,21.0209458],[105.826808,21.0208281],[105.8266807,21.0208876],[105.8267439,21.0210053],[105.8268712,21.0209458]]]}},{"type":"Feature","properties":{"id":"OCD-00382","so_to":12,"so_thua":382,"dia_chi":"214 Đường La Thành","dien_tich":187.7,"osm_id":1114999311},"geometry":{"type":"Polygon","coordinates":[[[105.8265204,21.0210505],[105.8266979,21.0209576],[105.8266558,21.0208875],[105.8264784,21.0209805],[105.8265204,21.0210505]]]}},{"type":"Feature","properties":{"id":"OCD-00383","so_to":12,"so_thua":383,"dia_chi":"","dien_tich":416.2,"osm_id":1114999312},"geometry":{"type":"Polygon","coordinates":[[[105.8327077,21.0253197],[105.8325387,21.0249266],[105.8324593,21.0249564],[105.8326283,21.0253494],[105.8327077,21.0253197]]]}},{"type":"Feature","properties":{"id":"OCD-00384","so_to":12,"so_thua":384,"dia_chi":"","dien_tich":342.7,"osm_id":1114999313},"geometry":{"type":"Polygon","coordinates":[[[105.8323697,21.0249786],[105.8326131,21.0248772],[105.8325642,21.024775],[105.8323208,21.0248764],[105.8323697,21.0249786]]]}},{"type":"Feature","properties":{"id":"OCD-00385","so_to":12,"so_thua":385,"dia_chi":"","dien_tich":625.8,"osm_id":1114999315},"geometry":{"type":"Polygon","coordinates":[[[105.8318856,21.0253767],[105.83243,21.0251845],[105.832381,21.0250634],[105.8323021,21.0250913],[105.832318,21.0251305],[105.8318524,21.0252948],[105.8318856,21.0253767]]]}},{"type":"Feature","properties":{"id":"OCD-00386","so_to":12,"so_thua":386,"dia_chi":"","dien_tich":202.4,"osm_id":1114999316},"geometry":{"type":"Polygon","coordinates":[[[105.8325507,21.0239865],[105.832664,21.0239423],[105.8326047,21.0238099],[105.8324914,21.0238541],[105.8325507,21.0239865]]]}},{"type":"Feature","properties":{"id":"OCD-00387","so_to":12,"so_thua":387,"dia_chi":"","dien_tich":141,"osm_id":1115091166},"geometry":{"type":"Polygon","coordinates":[[[105.8267736,21.0188721],[105.8268843,21.018812],[105.8268326,21.0187291],[105.826722,21.0187892],[105.8267736,21.0188721]]]}},{"type":"Feature","properties":{"id":"OCD-00388","so_to":12,"so_thua":388,"dia_chi":"","dien_tich":132.9,"osm_id":1115091167},"geometry":{"type":"Polygon","coordinates":[[[105.8284902,21.0189756],[105.8285301,21.0189485],[105.8283826,21.0187589],[105.8283426,21.018786],[105.8284902,21.0189756]]]}},{"type":"Feature","properties":{"id":"OCD-00389","so_to":12,"so_thua":389,"dia_chi":"","dien_tich":74.6,"osm_id":1115091168},"geometry":{"type":"Polygon","coordinates":[[[105.8290652,21.018043],[105.8291115,21.0180053],[105.8290371,21.0179257],[105.8289908,21.0179634],[105.8290652,21.018043]]]}},{"type":"Feature","properties":{"id":"OCD-00390","so_to":12,"so_thua":390,"dia_chi":"","dien_tich":37.4,"osm_id":1115091169},"geometry":{"type":"Polygon","coordinates":[[[105.8290367,21.0178562],[105.8290806,21.0178302],[105.8290448,21.0177774],[105.8290008,21.0178033],[105.8290367,21.0178562]]]}},{"type":"Feature","properties":{"id":"OCD-00391","so_to":12,"so_thua":391,"dia_chi":"","dien_tich":50.9,"osm_id":1115091170},"geometry":{"type":"Polygon","coordinates":[[[105.8289174,21.0178678],[105.8289406,21.0179051],[105.8290295,21.0178569],[105.8290062,21.0178196],[105.8289174,21.0178678]]]}},{"type":"Feature","properties":{"id":"OCD-00392","so_to":12,"so_thua":392,"dia_chi":"","dien_tich":90.3,"osm_id":1115091171},"geometry":{"type":"Polygon","coordinates":[[[105.8290324,21.0180709],[105.8290628,21.0180468],[105.8289264,21.0178963],[105.8288959,21.0179203],[105.8290324,21.0180709]]]}},{"type":"Feature","properties":{"id":"OCD-00393","so_to":12,"so_thua":393,"dia_chi":"","dien_tich":69.4,"osm_id":1115091172},"geometry":{"type":"Polygon","coordinates":[[[105.8288014,21.0179635],[105.828863,21.0179162],[105.8288114,21.0178578],[105.8287498,21.0179051],[105.8288014,21.0179635]]]}},{"type":"Feature","properties":{"id":"OCD-00394","so_to":12,"so_thua":394,"dia_chi":"","dien_tich":180.3,"osm_id":1115091173},"geometry":{"type":"Polygon","coordinates":[[[105.8288734,21.0179135],[105.8288053,21.0179659],[105.8289264,21.0181031],[105.8289946,21.0180507],[105.8288734,21.0179135]]]}},{"type":"Feature","properties":{"id":"OCD-00395","so_to":12,"so_thua":395,"dia_chi":"","dien_tich":429.6,"osm_id":1115091174},"geometry":{"type":"Polygon","coordinates":[[[105.8288211,21.0181992],[105.8289293,21.018116],[105.8287476,21.0179101],[105.8286394,21.0179933],[105.8288211,21.0181992]]]}},{"type":"Feature","properties":{"id":"OCD-00396","so_to":12,"so_thua":396,"dia_chi":"","dien_tich":319.2,"osm_id":1115091241},"geometry":{"type":"Polygon","coordinates":[[[105.8289122,21.0203413],[105.8291092,21.0202222],[105.8290403,21.0201228],[105.8288433,21.0202419],[105.8289122,21.0203413]]]}},{"type":"Feature","properties":{"id":"OCD-00397","so_to":12,"so_thua":397,"dia_chi":"","dien_tich":83.2,"osm_id":1115091243},"geometry":{"type":"Polygon","coordinates":[[[105.8291185,21.0202105],[105.8291408,21.0201975],[105.829161,21.0202276],[105.8292289,21.020188],[105.8292028,21.0201491],[105.8291508,21.0201801],[105.8291072,21.0201165],[105.82907,21.0201382],[105.8291185,21.0202105]]]}},{"type":"Feature","properties":{"id":"OCD-00398","so_to":12,"so_thua":398,"dia_chi":"","dien_tich":990.1,"osm_id":1115091245},"geometry":{"type":"Polygon","coordinates":[[[105.8291508,21.0201801],[105.8292028,21.0201491],[105.829511,21.019965],[105.8295636,21.0200418],[105.8296148,21.0200113],[105.8297424,21.0201975],[105.8298241,21.0201488],[105.8297649,21.0200625],[105.8297754,21.0200563],[105.8297247,21.0199823],[105.8297155,21.0199879],[105.829627,21.0198586],[105.8295491,21.0199051],[105.8295132,21.0198527],[105.8290968,21.0201013],[105.8291072,21.0201165],[105.8291508,21.0201801]]]}},{"type":"Feature","properties":{"id":"OCD-00399","so_to":12,"so_thua":399,"dia_chi":"","dien_tich":177.6,"osm_id":1115244604},"geometry":{"type":"Polygon","coordinates":[[[105.8269523,21.0177144],[105.8270847,21.017644],[105.8270309,21.0175558],[105.8268985,21.0176262],[105.8269523,21.0177144]]]}},{"type":"Feature","properties":{"id":"OCD-00400","so_to":12,"so_thua":400,"dia_chi":"","dien_tich":274.3,"osm_id":1115244605},"geometry":{"type":"Polygon","coordinates":[[[105.8267414,21.0178149],[105.8269463,21.01771],[105.8268936,21.0176204],[105.8266888,21.0177253],[105.8267414,21.0178149]]]}},{"type":"Feature","properties":{"id":"OCD-00401","so_to":12,"so_thua":401,"dia_chi":"","dien_tich":395.1,"osm_id":1115252002},"geometry":{"type":"Polygon","coordinates":[[[105.8238644,21.0165355],[105.8238548,21.0165495],[105.8238419,21.0165718],[105.8239059,21.0166823],[105.8240294,21.01662],[105.8240069,21.016581],[105.8241269,21.0165205],[105.8240743,21.0164297],[105.8238644,21.0165355]]]}},{"type":"Feature","properties":{"id":"OCD-00402","so_to":12,"so_thua":402,"dia_chi":"","dien_tich":560.3,"osm_id":1181778298},"geometry":{"type":"Polygon","coordinates":[[[105.8258948,21.0233497],[105.8259666,21.0236071],[105.8257891,21.0236502],[105.8257173,21.0233929],[105.8258948,21.0233497]]]}},{"type":"Feature","properties":{"id":"OCD-00403","so_to":12,"so_thua":403,"dia_chi":"","dien_tich":488.5,"osm_id":1181778299},"geometry":{"type":"Polygon","coordinates":[[[105.8253127,21.0235978],[105.8253398,21.0236966],[105.8255227,21.023653],[105.8255279,21.0236721],[105.8255476,21.0236674],[105.8255538,21.0236903],[105.8257442,21.023645],[105.8257244,21.0235725],[105.8256922,21.0235802],[105.8256837,21.023549],[105.8255473,21.0235815],[105.8255372,21.0235443],[105.825483,21.0235572],[105.8253127,21.0235978]]]}},{"type":"Feature","properties":{"id":"OCD-00404","so_to":12,"so_thua":404,"dia_chi":"","dien_tich":387.4,"osm_id":1181778300},"geometry":{"type":"Polygon","coordinates":[[[105.825483,21.0235572],[105.8254333,21.0233716],[105.8252626,21.0234113],[105.8253127,21.0235978],[105.825483,21.0235572]]]}},{"type":"Feature","properties":{"id":"OCD-00405","so_to":12,"so_thua":405,"dia_chi":"216 Phố Hào Nam","dien_tich":326.4,"osm_id":1197716023},"geometry":{"type":"Polygon","coordinates":[[[105.8276134,21.0290426],[105.8276317,21.0288473],[105.8278607,21.0288659],[105.8278549,21.0289277],[105.8277505,21.0289192],[105.8277449,21.028978],[105.8277105,21.0289751],[105.8277034,21.02905],[105.8276134,21.0290426]]]}},{"type":"Feature","properties":{"id":"OCD-00406","so_to":12,"so_thua":406,"dia_chi":"214 Phố Hào Nam","dien_tich":795.3,"osm_id":1197716024},"geometry":{"type":"Polygon","coordinates":[[[105.827666,21.028809],[105.8276986,21.0284155],[105.8277744,21.028421],[105.8277719,21.0284513],[105.8278121,21.0284542],[105.8278047,21.028544],[105.8278455,21.028547],[105.8278397,21.028617],[105.8278684,21.028619],[105.8278628,21.0286855],[105.8279016,21.0286883],[105.827896,21.0287551],[105.827926,21.0287572],[105.8279202,21.0288274],[105.827666,21.028809]]]}},{"type":"Feature","properties":{"id":"OCD-00407","so_to":12,"so_thua":407,"dia_chi":"36 Phố Cát Linh","dien_tich":2756.7,"osm_id":1197730144},"geometry":{"type":"Polygon","coordinates":[[[105.8300727,21.0297852],[105.8295737,21.0298783],[105.8294695,21.0293915],[105.8295864,21.0292603],[105.8298151,21.0292181],[105.8298662,21.0294586],[105.829888,21.0294546],[105.829938,21.0296884],[105.8300476,21.029668],[105.8300727,21.0297852]]]}},{"type":"Feature","properties":{"id":"OCD-00408","so_to":12,"so_thua":408,"dia_chi":"9 Phố Cát Linh","dien_tich":1161.1,"osm_id":1197730154},"geometry":{"type":"Polygon","coordinates":[[[105.8336208,21.0277542],[105.8336469,21.0278121],[105.8334438,21.0278916],[105.8334309,21.0278628],[105.8334007,21.0278746],[105.8332616,21.0275653],[105.8332958,21.0275518],[105.8335424,21.0274553],[105.8336175,21.0276224],[105.83357,21.027641],[105.8336208,21.0277542]]]}},{"type":"Feature","properties":{"id":"OCD-00409","so_to":12,"so_thua":409,"dia_chi":"","dien_tich":517.3,"osm_id":1198548266},"geometry":{"type":"Polygon","coordinates":[[[105.8300498,21.0196308],[105.8299627,21.0194465],[105.8301674,21.0193624],[105.8302544,21.0195466],[105.8300498,21.0196308]]]}},{"type":"Feature","properties":{"id":"OCD-00410","so_to":12,"so_thua":410,"dia_chi":"22 Phố Đông Các","dien_tich":142.9,"osm_id":1210089641},"geometry":{"type":"Polygon","coordinates":[[[105.828903,21.0183387],[105.8290114,21.0182706],[105.8290296,21.0182947],[105.8290312,21.0183322],[105.829028,21.0183688],[105.8290178,21.0183983],[105.8290044,21.0184224],[105.8289792,21.0184409],[105.828903,21.0183387]]]}},{"type":"Feature","properties":{"id":"OCD-00411","so_to":12,"so_thua":411,"dia_chi":"20 Phố Đông Các","dien_tich":113.3,"osm_id":1210089642},"geometry":{"type":"Polygon","coordinates":[[[105.8289728,21.0181915],[105.8290309,21.0181424],[105.8290995,21.0182132],[105.8290851,21.0183074],[105.8289728,21.0181915]]]}},{"type":"Feature","properties":{"id":"OCD-00412","so_to":12,"so_thua":412,"dia_chi":"16-18 Phố Đông Các","dien_tich":66.3,"osm_id":1210089643},"geometry":{"type":"Polygon","coordinates":[[[105.8290995,21.0182132],[105.8291204,21.0181049],[105.8291,21.0180841],[105.8290309,21.0181424],[105.8290995,21.0182132]]]}},{"type":"Feature","properties":{"id":"OCD-00413","so_to":12,"so_thua":413,"dia_chi":"22 Phố Đông Các","dien_tich":48.9,"osm_id":1210089644},"geometry":{"type":"Polygon","coordinates":[[[105.8288836,21.0183305],[105.8288538,21.0182951],[105.8289283,21.0182405],[105.828958,21.0182759],[105.8288836,21.0183305]]]}},{"type":"Feature","properties":{"id":"OCD-00414","so_to":12,"so_thua":414,"dia_chi":"24 Phố Đông Các","dien_tich":29.3,"osm_id":1210089645},"geometry":{"type":"Polygon","coordinates":[[[105.8288836,21.0183305],[105.8288386,21.0183632],[105.8288091,21.018329],[105.8288538,21.0182951],[105.8288836,21.0183305]]]}},{"type":"Feature","properties":{"id":"OCD-00415","so_to":12,"so_thua":415,"dia_chi":"","dien_tich":375.6,"osm_id":1216770908},"geometry":{"type":"Polygon","coordinates":[[[105.8297047,21.0285265],[105.829736,21.0286617],[105.8295102,21.0287111],[105.8294753,21.0285729],[105.8297047,21.0285265]]]}},{"type":"Feature","properties":{"id":"OCD-00416","so_to":12,"so_thua":416,"dia_chi":"","dien_tich":20.7,"osm_id":1216770910},"geometry":{"type":"Polygon","coordinates":[[[105.8297786,21.028502],[105.8297687,21.0284581],[105.829808,21.0284503],[105.8298179,21.0284943],[105.8297786,21.028502]]]}},{"type":"Feature","properties":{"id":"OCD-00417","so_to":12,"so_thua":417,"dia_chi":"","dien_tich":53.2,"osm_id":1216770911},"geometry":{"type":"Polygon","coordinates":[[[105.8297476,21.0284473],[105.8297384,21.0284084],[105.8297361,21.0283982],[105.8298265,21.0283804],[105.8298371,21.0284299],[105.8297476,21.0284473]]]}},{"type":"Feature","properties":{"id":"OCD-00418","so_to":12,"so_thua":418,"dia_chi":"","dien_tich":161,"osm_id":1217779442},"geometry":{"type":"Polygon","coordinates":[[[105.8296646,21.0301533],[105.8295638,21.0300351],[105.8295546,21.0300019],[105.829659,21.0299768],[105.8297051,21.0301435],[105.8296646,21.0301533]]]}},{"type":"Feature","properties":{"id":"OCD-00419","so_to":12,"so_thua":419,"dia_chi":"","dien_tich":537.1,"osm_id":1228551921},"geometry":{"type":"Polygon","coordinates":[[[105.8309809,21.0199315],[105.8310434,21.0200737],[105.8308303,21.0201554],[105.8308745,21.0202558],[105.8311643,21.0201447],[105.8310576,21.0199021],[105.8309809,21.0199315]]]}},{"type":"Feature","properties":{"id":"OCD-00420","so_to":12,"so_thua":420,"dia_chi":"","dien_tich":128.6,"osm_id":1228551922},"geometry":{"type":"Polygon","coordinates":[[[105.8311942,21.0201417],[105.8312927,21.0201092],[105.8312833,21.0200844],[105.8312544,21.0200081],[105.831156,21.0200405],[105.8311942,21.0201417]]]}},{"type":"Feature","properties":{"id":"OCD-00421","so_to":12,"so_thua":421,"dia_chi":"","dien_tich":265.4,"osm_id":1232564367},"geometry":{"type":"Polygon","coordinates":[[[105.8271327,21.0214289],[105.8272105,21.0215923],[105.8270924,21.0216413],[105.8270146,21.0214779],[105.8271327,21.0214289]]]}},{"type":"Feature","properties":{"id":"OCD-00422","so_to":12,"so_thua":422,"dia_chi":"","dien_tich":746.8,"osm_id":1233190531},"geometry":{"type":"Polygon","coordinates":[[[105.8226576,21.024539],[105.8227865,21.0244978],[105.8228024,21.0245412],[105.8228365,21.0245303],[105.8228424,21.0245463],[105.8229523,21.0245112],[105.823011,21.0246713],[105.8229383,21.0246945],[105.8229418,21.024704],[105.8229675,21.0246958],[105.823014,21.0248226],[105.822869,21.0248689],[105.8228337,21.0247728],[105.8228647,21.0247629],[105.822838,21.02469],[105.8228871,21.0246743],[105.8228611,21.0246034],[105.8227948,21.0246246],[105.8228068,21.0246575],[105.8227122,21.0246877],[105.8226576,21.024539]]]}},{"type":"Feature","properties":{"id":"OCD-00423","so_to":12,"so_thua":423,"dia_chi":"","dien_tich":981.3,"osm_id":1233190532},"geometry":{"type":"Polygon","coordinates":[[[105.8225734,21.0240597],[105.8226435,21.0242395],[105.8229124,21.0241481],[105.8229294,21.0241916],[105.8229567,21.0241823],[105.8229974,21.0242868],[105.8226011,21.0244214],[105.8224733,21.0240937],[105.8225734,21.0240597]]]}},{"type":"Feature","properties":{"id":"OCD-00424","so_to":12,"so_thua":424,"dia_chi":"","dien_tich":593.7,"osm_id":1233190533},"geometry":{"type":"Polygon","coordinates":[[[105.8231701,21.0245952],[105.8232133,21.0247148],[105.8233581,21.0246692],[105.8233639,21.0246853],[105.8233946,21.0246757],[105.8233903,21.024664],[105.8235486,21.0246143],[105.8235159,21.0245235],[105.8235036,21.0245274],[105.8234786,21.0244581],[105.8233594,21.0244955],[105.823293,21.0245566],[105.8231701,21.0245952]]]}},{"type":"Feature","properties":{"id":"OCD-00425","so_to":12,"so_thua":425,"dia_chi":"","dien_tich":380.6,"osm_id":1233190534},"geometry":{"type":"Polygon","coordinates":[[[105.823016,21.0246013],[105.8230638,21.0247372],[105.8230505,21.0247413],[105.8230612,21.0247716],[105.8230175,21.024785],[105.8230474,21.0248701],[105.8232025,21.0248225],[105.8231141,21.0245712],[105.823016,21.0246013]]]}},{"type":"Feature","properties":{"id":"OCD-00426","so_to":12,"so_thua":426,"dia_chi":"","dien_tich":390.8,"osm_id":1233190535},"geometry":{"type":"Polygon","coordinates":[[[105.8232103,21.0243381],[105.8234697,21.0242566],[105.8235122,21.0243744],[105.8232528,21.0244559],[105.8232103,21.0243381]]]}},{"type":"Feature","properties":{"id":"OCD-00427","so_to":12,"so_thua":427,"dia_chi":"","dien_tich":1193.5,"osm_id":1233190536},"geometry":{"type":"Polygon","coordinates":[[[105.8227495,21.0232815],[105.8228,21.0232653],[105.8228424,21.0232353],[105.8228824,21.0232209],[105.8229557,21.0232172],[105.8230093,21.0232008],[105.8231421,21.0235785],[105.8229018,21.0236522],[105.8227957,21.0233505],[105.8227766,21.0233564],[105.8227495,21.0232815]]]}},{"type":"Feature","properties":{"id":"OCD-00428","so_to":12,"so_thua":428,"dia_chi":"","dien_tich":528.3,"osm_id":1233190537},"geometry":{"type":"Polygon","coordinates":[[[105.8222756,21.0238019],[105.822447,21.0237446],[105.8225383,21.0239825],[105.822367,21.0240398],[105.8222756,21.0238019]]]}},{"type":"Feature","properties":{"id":"OCD-00429","so_to":12,"so_thua":429,"dia_chi":"","dien_tich":574.6,"osm_id":1233190538},"geometry":{"type":"Polygon","coordinates":[[[105.8220644,21.0231831],[105.822174,21.0231493],[105.822183,21.0231696],[105.8223385,21.0231201],[105.8223737,21.0232067],[105.822215,21.0232622],[105.8222815,21.0234316],[105.8221779,21.0234704],[105.8220644,21.0231831]]]}},{"type":"Feature","properties":{"id":"OCD-00430","so_to":12,"so_thua":430,"dia_chi":"","dien_tich":660.5,"osm_id":1233190539},"geometry":{"type":"Polygon","coordinates":[[[105.8229213,21.0237154],[105.8231587,21.0236462],[105.8232726,21.0239867],[105.8230392,21.0240548],[105.8230154,21.0239836],[105.8231625,21.0239407],[105.8231001,21.0237543],[105.822949,21.0237983],[105.8229213,21.0237154]]]}},{"type":"Feature","properties":{"id":"OCD-00431","so_to":12,"so_thua":431,"dia_chi":"","dien_tich":142.7,"osm_id":1235082393},"geometry":{"type":"Polygon","coordinates":[[[105.831117,21.0277818],[105.8311968,21.0277687],[105.8312252,21.0279197],[105.8311454,21.0279328],[105.831117,21.0277818]]]}},{"type":"Feature","properties":{"id":"OCD-00432","so_to":12,"so_thua":432,"dia_chi":"","dien_tich":89.9,"osm_id":1235727035},"geometry":{"type":"Polygon","coordinates":[[[105.8302411,21.0269748],[105.8303395,21.0269863],[105.83035,21.026908],[105.8302515,21.0268966],[105.8302411,21.0269748]]]}},{"type":"Feature","properties":{"id":"OCD-00433","so_to":12,"so_thua":433,"dia_chi":"","dien_tich":181.3,"osm_id":1235727036},"geometry":{"type":"Polygon","coordinates":[[[105.8303575,21.0272327],[105.8304407,21.0272276],[105.8304274,21.0270387],[105.8303442,21.0270438],[105.8303575,21.0272327]]]}},{"type":"Feature","properties":{"id":"OCD-00434","so_to":12,"so_thua":434,"dia_chi":"","dien_tich":83.3,"osm_id":1235727037},"geometry":{"type":"Polygon","coordinates":[[[105.8302317,21.0271939],[105.8303404,21.0271779],[105.8303514,21.027243],[105.8302427,21.027259],[105.8302317,21.0271939]]]}},{"type":"Feature","properties":{"id":"OCD-00435","so_to":12,"so_thua":435,"dia_chi":"72 Phố Tôn Đức Thắng","dien_tich":142.6,"osm_id":1246015336},"geometry":{"type":"Polygon","coordinates":[[[105.8338977,21.0277323],[105.8339862,21.027697],[105.8340076,21.0276401],[105.8339745,21.0275706],[105.8338949,21.0276035],[105.8339181,21.0276524],[105.8339008,21.0276743],[105.8338757,21.0276842],[105.8338977,21.0277323]]]}},{"type":"Feature","properties":{"id":"OCD-00436","so_to":12,"so_thua":436,"dia_chi":"","dien_tich":43.4,"osm_id":1246741242},"geometry":{"type":"Polygon","coordinates":[[[105.8254488,21.021924],[105.8254261,21.0218771],[105.8253591,21.0219053],[105.8253818,21.0219522],[105.8254359,21.0219294],[105.8254488,21.021924]]]}},{"type":"Feature","properties":{"id":"OCD-00437","so_to":12,"so_thua":437,"dia_chi":"","dien_tich":44.2,"osm_id":1246741243},"geometry":{"type":"Polygon","coordinates":[[[105.8254782,21.0220169],[105.8254361,21.0219299],[105.8253993,21.0219454],[105.8254415,21.0220324],[105.8254782,21.0220169]]]}},{"type":"Feature","properties":{"id":"OCD-00438","so_to":12,"so_thua":438,"dia_chi":"","dien_tich":44,"osm_id":1246741244},"geometry":{"type":"Polygon","coordinates":[[[105.8255152,21.0220093],[105.8254728,21.0219216],[105.8254697,21.0219152],[105.8254488,21.021924],[105.8254359,21.0219294],[105.8254361,21.0219299],[105.8254782,21.0220169],[105.8254814,21.0220235],[105.8255152,21.0220093]]]}},{"type":"Feature","properties":{"id":"OCD-00439","so_to":12,"so_thua":439,"dia_chi":"","dien_tich":42.1,"osm_id":1246741245},"geometry":{"type":"Polygon","coordinates":[[[105.8255056,21.0219077],[105.8254728,21.0219216],[105.8255152,21.0220093],[105.8255177,21.0220142],[105.8255505,21.0220004],[105.8255056,21.0219077]]]}},{"type":"Feature","properties":{"id":"OCD-00440","so_to":12,"so_thua":440,"dia_chi":"","dien_tich":51.3,"osm_id":1246741246},"geometry":{"type":"Polygon","coordinates":[[[105.8255871,21.0219858],[105.8255439,21.0218967],[105.8255375,21.0218834],[105.8255012,21.0218988],[105.8255056,21.0219077],[105.8255505,21.0220004],[105.8255508,21.0220011],[105.8255871,21.0219858]]]}},{"type":"Feature","properties":{"id":"OCD-00441","so_to":12,"so_thua":441,"dia_chi":"","dien_tich":36.6,"osm_id":1246741247},"geometry":{"type":"Polygon","coordinates":[[[105.8255723,21.0218847],[105.8255439,21.0218967],[105.8255871,21.0219858],[105.8255891,21.0219898],[105.8256174,21.0219779],[105.8256044,21.0219509],[105.8255723,21.0218847]]]}},{"type":"Feature","properties":{"id":"OCD-00442","so_to":12,"so_thua":442,"dia_chi":"","dien_tich":29.2,"osm_id":1246741248},"geometry":{"type":"Polygon","coordinates":[[[105.8256363,21.0219374],[105.8256048,21.0218725],[105.8256042,21.0218712],[105.8255723,21.0218847],[105.8256044,21.0219509],[105.8256363,21.0219374]]]}},{"type":"Feature","properties":{"id":"OCD-00443","so_to":12,"so_thua":443,"dia_chi":"","dien_tich":48.5,"osm_id":1246741249},"geometry":{"type":"Polygon","coordinates":[[[105.8256878,21.0219524],[105.8256455,21.0218651],[105.8256415,21.021857],[105.8256048,21.0218725],[105.8256363,21.0219374],[105.825651,21.0219679],[105.8256878,21.0219524]]]}},{"type":"Feature","properties":{"id":"OCD-00444","so_to":12,"so_thua":444,"dia_chi":"","dien_tich":44.4,"osm_id":1246741250},"geometry":{"type":"Polygon","coordinates":[[[105.8256806,21.0218503],[105.8256455,21.0218651],[105.8256878,21.0219524],[105.8256897,21.0219565],[105.8257249,21.0219416],[105.8256806,21.0218503]]]}},{"type":"Feature","properties":{"id":"OCD-00445","so_to":12,"so_thua":445,"dia_chi":"","dien_tich":141.9,"osm_id":1246741251},"geometry":{"type":"Polygon","coordinates":[[[105.8257644,21.0219961],[105.825865,21.021946],[105.8258268,21.0218791],[105.8257734,21.0219057],[105.8257383,21.0218444],[105.8256912,21.0218679],[105.8257644,21.0219961]]]}},{"type":"Feature","properties":{"id":"OCD-00446","so_to":12,"so_thua":446,"dia_chi":"","dien_tich":77,"osm_id":1246741252},"geometry":{"type":"Polygon","coordinates":[[[105.8259984,21.0218862],[105.8260429,21.0218635],[105.8259746,21.0217476],[105.8259302,21.0217704],[105.8259984,21.0218862]]]}},{"type":"Feature","properties":{"id":"OCD-00447","so_to":12,"so_thua":447,"dia_chi":"","dien_tich":10.8,"osm_id":1246741253},"geometry":{"type":"Polygon","coordinates":[[[105.8259069,21.0218173],[105.825928,21.0218064],[105.8259079,21.0217723],[105.8258868,21.0217832],[105.8259069,21.0218173]]]}},{"type":"Feature","properties":{"id":"OCD-00448","so_to":12,"so_thua":448,"dia_chi":"","dien_tich":51.9,"osm_id":1246741254},"geometry":{"type":"Polygon","coordinates":[[[105.8259246,21.0219097],[105.825929,21.0219171],[105.8259572,21.0219027],[105.8259069,21.0218173],[105.8258868,21.0217832],[105.8258847,21.0217795],[105.8258565,21.021794],[105.82588,21.021834],[105.8259246,21.0219097]]]}},{"type":"Feature","properties":{"id":"OCD-00449","so_to":12,"so_thua":449,"dia_chi":"","dien_tich":62.9,"osm_id":1246741255},"geometry":{"type":"Polygon","coordinates":[[[105.825869,21.0219382],[105.8259246,21.0219097],[105.82588,21.021834],[105.8258244,21.0218625],[105.825869,21.0219382]]]}},{"type":"Feature","properties":{"id":"OCD-00450","so_to":13,"so_thua":450,"dia_chi":"","dien_tich":25.2,"osm_id":1246741256},"geometry":{"type":"Polygon","coordinates":[[[105.8260075,21.0219615],[105.8260251,21.0219993],[105.8260739,21.0219795],[105.8260563,21.0219417],[105.8260516,21.0219436],[105.8260075,21.0219615]]]}},{"type":"Feature","properties":{"id":"OCD-00451","so_to":13,"so_thua":451,"dia_chi":"","dien_tich":40.4,"osm_id":1246741257},"geometry":{"type":"Polygon","coordinates":[[[105.8259378,21.0219532],[105.8260295,21.021916],[105.8260145,21.0218837],[105.8259228,21.0219209],[105.8259378,21.0219532]]]}},{"type":"Feature","properties":{"id":"OCD-00452","so_to":13,"so_thua":452,"dia_chi":"","dien_tich":41.8,"osm_id":1246741258},"geometry":{"type":"Polygon","coordinates":[[[105.8259521,21.0219839],[105.8259891,21.0219689],[105.8260075,21.0219615],[105.8260516,21.0219436],[105.8260373,21.0219128],[105.8260295,21.021916],[105.8259378,21.0219532],[105.8259521,21.0219839]]]}},{"type":"Feature","properties":{"id":"OCD-00453","so_to":13,"so_thua":453,"dia_chi":"","dien_tich":19.2,"osm_id":1246741259},"geometry":{"type":"Polygon","coordinates":[[[105.8259521,21.0219839],[105.8259642,21.0220099],[105.8259698,21.022022],[105.8260068,21.0220071],[105.8259891,21.0219689],[105.8259521,21.0219839]]]}},{"type":"Feature","properties":{"id":"OCD-00454","so_to":13,"so_thua":454,"dia_chi":"","dien_tich":88.3,"osm_id":1246741260},"geometry":{"type":"Polygon","coordinates":[[[105.8258873,21.022041],[105.8259642,21.0220099],[105.8259521,21.0219839],[105.8259378,21.0219532],[105.825925,21.0219257],[105.8258482,21.0219568],[105.8258507,21.0219621],[105.8258873,21.022041]]]}},{"type":"Feature","properties":{"id":"OCD-00455","so_to":13,"so_thua":455,"dia_chi":"","dien_tich":46.1,"osm_id":1246741261},"geometry":{"type":"Polygon","coordinates":[[[105.8258445,21.0220583],[105.8258873,21.022041],[105.8258507,21.0219621],[105.8258079,21.0219794],[105.8258127,21.0219898],[105.8258445,21.0220583]]]}},{"type":"Feature","properties":{"id":"OCD-00456","so_to":13,"so_thua":456,"dia_chi":"","dien_tich":51.4,"osm_id":1246741262},"geometry":{"type":"Polygon","coordinates":[[[105.8257896,21.0220806],[105.8258445,21.0220583],[105.8258127,21.0219898],[105.8257577,21.0220121],[105.8257896,21.0220806]]]}},{"type":"Feature","properties":{"id":"OCD-00457","so_to":13,"so_thua":457,"dia_chi":"","dien_tich":56,"osm_id":1246741263},"geometry":{"type":"Polygon","coordinates":[[[105.8254901,21.0220555],[105.825455,21.0220693],[105.8254679,21.0220979],[105.8254605,21.0221248],[105.8254802,21.0221685],[105.8255318,21.0221483],[105.8255294,21.0221429],[105.8254901,21.0220555]]]}},{"type":"Feature","properties":{"id":"OCD-00458","so_to":13,"so_thua":458,"dia_chi":"","dien_tich":50.3,"osm_id":1246741264},"geometry":{"type":"Polygon","coordinates":[[[105.8255685,21.0221276],[105.825535,21.0220532],[105.8255256,21.0220324],[105.8254866,21.0220477],[105.8254901,21.0220555],[105.8255294,21.0221429],[105.8255685,21.0221276]]]}},{"type":"Feature","properties":{"id":"OCD-00459","so_to":13,"so_thua":459,"dia_chi":"","dien_tich":48.9,"osm_id":1246741265},"geometry":{"type":"Polygon","coordinates":[[[105.8255758,21.0220371],[105.825535,21.0220532],[105.8255685,21.0221276],[105.8255749,21.0221418],[105.8256157,21.0221258],[105.8256121,21.0221177],[105.8255758,21.0220371]]]}},{"type":"Feature","properties":{"id":"OCD-00460","so_to":13,"so_thua":460,"dia_chi":"","dien_tich":40.5,"osm_id":1246741266},"geometry":{"type":"Polygon","coordinates":[[[105.8256431,21.0221056],[105.8255995,21.0220089],[105.8255685,21.022021],[105.8255758,21.0220371],[105.8256121,21.0221177],[105.8256431,21.0221056]]]}},{"type":"Feature","properties":{"id":"OCD-00461","so_to":13,"so_thua":461,"dia_chi":"","dien_tich":55.4,"osm_id":1246741267},"geometry":{"type":"Polygon","coordinates":[[[105.82564,21.021993],[105.8255995,21.0220089],[105.8256431,21.0221056],[105.8256451,21.0221101],[105.8256856,21.0220942],[105.82564,21.021993]]]}},{"type":"Feature","properties":{"id":"OCD-00462","so_to":13,"so_thua":462,"dia_chi":"","dien_tich":114.9,"osm_id":1246741268},"geometry":{"type":"Polygon","coordinates":[[[105.82564,21.021993],[105.8256856,21.0220942],[105.8256903,21.0221047],[105.8257664,21.0220749],[105.8257161,21.0219631],[105.82564,21.021993]]]}},{"type":"Feature","properties":{"id":"OCD-00463","so_to":13,"so_thua":463,"dia_chi":"","dien_tich":214.2,"osm_id":1246769488},"geometry":{"type":"Polygon","coordinates":[[[105.8325054,21.0245695],[105.8325329,21.0246255],[105.8325744,21.02471],[105.8326841,21.024663],[105.8326151,21.0245226],[105.8325879,21.0245342],[105.8325054,21.0245695]]]}},{"type":"Feature","properties":{"id":"OCD-00464","so_to":13,"so_thua":464,"dia_chi":"162 Phố Tôn Đức Thắng","dien_tich":112.7,"osm_id":1246769489},"geometry":{"type":"Polygon","coordinates":[[[105.8323655,21.024408],[105.8324063,21.0243914],[105.83241,21.0243994],[105.8324441,21.0243856],[105.8324475,21.0243928],[105.8325,21.0243715],[105.8324667,21.0243],[105.8323392,21.0243516],[105.8323655,21.024408]]]}},{"type":"Feature","properties":{"id":"OCD-00465","so_to":13,"so_thua":465,"dia_chi":"","dien_tich":958.3,"osm_id":1277754069},"geometry":{"type":"Polygon","coordinates":[[[105.8352662,21.0235435],[105.8356172,21.0234254],[105.8355827,21.023336],[105.8353618,21.0234103],[105.8353115,21.02328],[105.835531,21.0232062],[105.835495,21.023113],[105.8351465,21.0232303],[105.8351801,21.0233174],[105.8352296,21.0233007],[105.8352828,21.0234386],[105.8352323,21.0234556],[105.8352662,21.0235435]]]}},{"type":"Feature","properties":{"id":"OCD-00466","so_to":13,"so_thua":466,"dia_chi":"","dien_tich":66.1,"osm_id":1280935852},"geometry":{"type":"Polygon","coordinates":[[[105.8199284,21.0203664],[105.8199572,21.0204554],[105.8198979,21.0204721],[105.8198692,21.0203831],[105.8199284,21.0203664]]]}},{"type":"Feature","properties":{"id":"OCD-00467","so_to":13,"so_thua":467,"dia_chi":"","dien_tich":86.6,"osm_id":1280935853},"geometry":{"type":"Polygon","coordinates":[[[105.8198377,21.0200479],[105.8198345,21.0199684],[105.819834,21.0199557],[105.8199156,21.0199528],[105.8199193,21.0200451],[105.8198377,21.0200479]]]}},{"type":"Feature","properties":{"id":"OCD-00468","so_to":13,"so_thua":468,"dia_chi":"","dien_tich":118.5,"osm_id":1280935854},"geometry":{"type":"Polygon","coordinates":[[[105.8199165,21.0201034],[105.8199194,21.020195],[105.8197988,21.0201983],[105.8197967,21.0201288],[105.8198297,21.0201279],[105.819829,21.0201058],[105.8199165,21.0201034]]]}},{"type":"Feature","properties":{"id":"OCD-00469","so_to":13,"so_thua":469,"dia_chi":"","dien_tich":121.1,"osm_id":1280935855},"geometry":{"type":"Polygon","coordinates":[[[105.8198396,21.0203472],[105.8199243,21.0203362],[105.8199061,21.0202141],[105.8198214,21.0202251],[105.8198285,21.0202731],[105.8198396,21.0203472]]]}},{"type":"Feature","properties":{"id":"OCD-00470","so_to":13,"so_thua":470,"dia_chi":"","dien_tich":113.7,"osm_id":1280940237},"geometry":{"type":"Polygon","coordinates":[[[105.8199582,21.0192347],[105.819962,21.0194181],[105.820016,21.0194171],[105.8200158,21.0194097],[105.8200122,21.0192337],[105.8199582,21.0192347]]]}},{"type":"Feature","properties":{"id":"OCD-00471","so_to":13,"so_thua":471,"dia_chi":"","dien_tich":90.9,"osm_id":1280940238},"geometry":{"type":"Polygon","coordinates":[[[105.8200573,21.0192405],[105.8200571,21.0192329],[105.8200122,21.0192337],[105.8200158,21.0194097],[105.8200607,21.0194089],[105.8200573,21.0192405]]]}},{"type":"Feature","properties":{"id":"OCD-00472","so_to":13,"so_thua":472,"dia_chi":"","dien_tich":156.4,"osm_id":1280940239},"geometry":{"type":"Polygon","coordinates":[[[105.8202903,21.0194048],[105.8202094,21.0194062],[105.820206,21.0192378],[105.8202868,21.0192364],[105.8202903,21.0194048]]]}},{"type":"Feature","properties":{"id":"OCD-00473","so_to":13,"so_thua":473,"dia_chi":"","dien_tich":203.1,"osm_id":1280940240},"geometry":{"type":"Polygon","coordinates":[[[105.8203853,21.0194021],[105.8202903,21.0194048],[105.8202868,21.0192364],[105.8202872,21.0192107],[105.8203221,21.0192104],[105.8203223,21.0192242],[105.8203832,21.0192235],[105.8203853,21.0194021]]]}},{"type":"Feature","properties":{"id":"OCD-00474","so_to":13,"so_thua":474,"dia_chi":"","dien_tich":72.5,"osm_id":1280940241},"geometry":{"type":"Polygon","coordinates":[[[105.8204913,21.0193072],[105.8205259,21.0193069],[105.8205268,21.0194008],[105.8204596,21.0194014],[105.8204587,21.0193075],[105.8204913,21.0193072]]]}},{"type":"Feature","properties":{"id":"OCD-00475","so_to":13,"so_thua":475,"dia_chi":"","dien_tich":83.4,"osm_id":1280940242},"geometry":{"type":"Polygon","coordinates":[[[105.8206052,21.0193894],[105.8205611,21.0193899],[105.8205595,21.0192246],[105.8206032,21.0192241],[105.8206052,21.0193894]]]}},{"type":"Feature","properties":{"id":"OCD-00476","so_to":13,"so_thua":476,"dia_chi":"","dien_tich":69.6,"osm_id":1280940243},"geometry":{"type":"Polygon","coordinates":[[[105.820525,21.0192249],[105.8205595,21.0192246],[105.8205611,21.0193899],[105.8205612,21.0194005],[105.8205268,21.0194008],[105.8205259,21.0193069],[105.820525,21.0192249]]]}},{"type":"Feature","properties":{"id":"OCD-00477","so_to":13,"so_thua":477,"dia_chi":"","dien_tich":73.7,"osm_id":1280940244},"geometry":{"type":"Polygon","coordinates":[[[105.8206032,21.0192241],[105.820642,21.0192237],[105.8206422,21.0192382],[105.8206439,21.0193766],[105.820644,21.019389],[105.8206052,21.0193894],[105.8206032,21.0192241]]]}},{"type":"Feature","properties":{"id":"OCD-00478","so_to":13,"so_thua":478,"dia_chi":"","dien_tich":118.6,"osm_id":1280940245},"geometry":{"type":"Polygon","coordinates":[[[105.8206422,21.0192382],[105.8207169,21.0192375],[105.8207175,21.0192904],[105.8207184,21.0193759],[105.8206439,21.0193766],[105.8206422,21.0192382]]]}},{"type":"Feature","properties":{"id":"OCD-00479","so_to":13,"so_thua":479,"dia_chi":"","dien_tich":38.2,"osm_id":1280940246},"geometry":{"type":"Polygon","coordinates":[[[105.8207511,21.0192902],[105.8207175,21.0192904],[105.8207169,21.0192375],[105.8207168,21.0191918],[105.8207504,21.0191915],[105.8207511,21.0192902]]]}},{"type":"Feature","properties":{"id":"OCD-00480","so_to":13,"so_thua":480,"dia_chi":"","dien_tich":92.1,"osm_id":1280940247},"geometry":{"type":"Polygon","coordinates":[[[105.8209903,21.0193321],[105.8209902,21.0193421],[105.8209372,21.0193423],[105.8209369,21.019289],[105.8209364,21.0191911],[105.8209893,21.0191911],[105.8209903,21.0193321]]]}},{"type":"Feature","properties":{"id":"OCD-00481","so_to":13,"so_thua":481,"dia_chi":"","dien_tich":70,"osm_id":1280940248},"geometry":{"type":"Polygon","coordinates":[[[105.8209893,21.0191911],[105.8210259,21.0191909],[105.8210267,21.0192959],[105.8210525,21.0192958],[105.8210528,21.0193317],[105.8209903,21.0193321],[105.8209893,21.0191911]]]}},{"type":"Feature","properties":{"id":"OCD-00482","so_to":13,"so_thua":482,"dia_chi":"","dien_tich":291,"osm_id":1281119932},"geometry":{"type":"Polygon","coordinates":[[[105.8238105,21.0144719],[105.8239425,21.0143186],[105.8238524,21.0142375],[105.8237151,21.0143817],[105.8238105,21.0144719]]]}},{"type":"Feature","properties":{"id":"OCD-00483","so_to":13,"so_thua":483,"dia_chi":"","dien_tich":210.5,"osm_id":1281119933},"geometry":{"type":"Polygon","coordinates":[[[105.8239988,21.014579],[105.8238991,21.0144789],[105.8240047,21.0143877],[105.82409,21.0145024],[105.8239988,21.014579]]]}},{"type":"Feature","properties":{"id":"OCD-00484","so_to":13,"so_thua":484,"dia_chi":"","dien_tich":221.7,"osm_id":1281119934},"geometry":{"type":"Polygon","coordinates":[[[105.824141,21.0144433],[105.8240455,21.0143592],[105.824141,21.014253],[105.8242483,21.0143442],[105.824141,21.0144433]]]}},{"type":"Feature","properties":{"id":"OCD-00485","so_to":13,"so_thua":485,"dia_chi":"","dien_tich":101.8,"osm_id":1281119937},"geometry":{"type":"Polygon","coordinates":[[[105.8240181,21.0146906],[105.8240525,21.0147423],[105.8241655,21.0146768],[105.8241437,21.014644],[105.8241237,21.0146555],[105.8241015,21.0146222],[105.8240372,21.0146594],[105.8240469,21.0146739],[105.8240181,21.0146906]]]}},{"type":"Feature","properties":{"id":"OCD-00486","so_to":13,"so_thua":486,"dia_chi":"","dien_tich":385.3,"osm_id":1281123901},"geometry":{"type":"Polygon","coordinates":[[[105.8242275,21.0155261],[105.8244005,21.0154377],[105.824313,21.0152885],[105.82414,21.015377],[105.8242275,21.0155261]]]}},{"type":"Feature","properties":{"id":"OCD-00487","so_to":13,"so_thua":487,"dia_chi":"","dien_tich":264.3,"osm_id":1281123902},"geometry":{"type":"Polygon","coordinates":[[[105.8238398,21.0159365],[105.8239997,21.0158391],[105.8239292,21.0157382],[105.8237693,21.0158355],[105.8238398,21.0159365]]]}},{"type":"Feature","properties":{"id":"OCD-00488","so_to":13,"so_thua":488,"dia_chi":"","dien_tich":191.2,"osm_id":1281123903},"geometry":{"type":"Polygon","coordinates":[[[105.822939,21.0158809],[105.8229802,21.0158822],[105.8229793,21.0159073],[105.823036,21.0159091],[105.8230404,21.0157886],[105.8229901,21.015787],[105.8229908,21.0157692],[105.8229946,21.0156639],[105.822947,21.0156624],[105.822939,21.0158809]]]}},{"type":"Feature","properties":{"id":"OCD-00489","so_to":13,"so_thua":489,"dia_chi":"","dien_tich":66.4,"osm_id":1281123905},"geometry":{"type":"Polygon","coordinates":[[[105.8223142,21.0159883],[105.8223168,21.0159121],[105.8224079,21.0159148],[105.8224068,21.0159461],[105.8223809,21.0159454],[105.8223794,21.0159902],[105.8223142,21.0159883]]]}},{"type":"Feature","properties":{"id":"OCD-00490","so_to":13,"so_thua":490,"dia_chi":"","dien_tich":132.7,"osm_id":1281123906},"geometry":{"type":"Polygon","coordinates":[[[105.8229954,21.0162328],[105.8229106,21.016231],[105.8229139,21.0160949],[105.8229988,21.0160967],[105.8229958,21.0162174],[105.8229954,21.0162328]]]}},{"type":"Feature","properties":{"id":"OCD-00491","so_to":13,"so_thua":491,"dia_chi":"","dien_tich":332.7,"osm_id":1281208383},"geometry":{"type":"Polygon","coordinates":[[[105.8260337,21.0163865],[105.8261791,21.0162972],[105.8260812,21.0161582],[105.8259357,21.0162475],[105.8260337,21.0163865]]]}},{"type":"Feature","properties":{"id":"OCD-00492","so_to":13,"so_thua":492,"dia_chi":"","dien_tich":92.9,"osm_id":1281208384},"geometry":{"type":"Polygon","coordinates":[[[105.8255768,21.0163063],[105.8256366,21.0162729],[105.8255727,21.0161733],[105.8255129,21.0162067],[105.8255768,21.0163063]]]}},{"type":"Feature","properties":{"id":"OCD-00493","so_to":13,"so_thua":493,"dia_chi":"","dien_tich":130,"osm_id":1281208385},"geometry":{"type":"Polygon","coordinates":[[[105.826098,21.017649],[105.8262026,21.0176071],[105.8261606,21.0175157],[105.826056,21.0175577],[105.826098,21.017649]]]}},{"type":"Feature","properties":{"id":"OCD-00494","so_to":13,"so_thua":494,"dia_chi":"","dien_tich":82.6,"osm_id":1281208386},"geometry":{"type":"Polygon","coordinates":[[[105.8265795,21.0178374],[105.8266123,21.0178839],[105.8267202,21.0178175],[105.8266874,21.0177711],[105.8265795,21.0178374]]]}},{"type":"Feature","properties":{"id":"OCD-00495","so_to":13,"so_thua":495,"dia_chi":"","dien_tich":96.8,"osm_id":1281208387},"geometry":{"type":"Polygon","coordinates":[[[105.8265413,21.0177404],[105.826666,21.0176959],[105.8266419,21.017637],[105.8265171,21.0176814],[105.8265413,21.0177404]]]}},{"type":"Feature","properties":{"id":"OCD-00496","so_to":13,"so_thua":496,"dia_chi":"","dien_tich":165.5,"osm_id":1281208388},"geometry":{"type":"Polygon","coordinates":[[[105.8263555,21.0173029],[105.8264816,21.017254],[105.8264383,21.0171566],[105.8263122,21.0172054],[105.8263555,21.0173029]]]}},{"type":"Feature","properties":{"id":"OCD-00497","so_to":13,"so_thua":497,"dia_chi":"","dien_tich":86.2,"osm_id":1281208389},"geometry":{"type":"Polygon","coordinates":[[[105.8265372,21.0172353],[105.8266007,21.0172066],[105.8265511,21.0171108],[105.8264876,21.0171395],[105.8265372,21.0172353]]]}},{"type":"Feature","properties":{"id":"OCD-00498","so_to":13,"so_thua":498,"dia_chi":"","dien_tich":96.7,"osm_id":1281208390},"geometry":{"type":"Polygon","coordinates":[[[105.826275,21.0171195],[105.8263406,21.0170814],[105.8262789,21.0169888],[105.8262134,21.0170268],[105.826275,21.0171195]]]}},{"type":"Feature","properties":{"id":"OCD-00499","so_to":13,"so_thua":499,"dia_chi":"","dien_tich":216.5,"osm_id":1281208391},"geometry":{"type":"Polygon","coordinates":[[[105.8260075,21.0165649],[105.8260725,21.0166794],[105.826201,21.0166158],[105.826136,21.0165013],[105.8260075,21.0165649]]]}},{"type":"Feature","properties":{"id":"OCD-00500","so_to":13,"so_thua":500,"dia_chi":"","dien_tich":193.6,"osm_id":1281208392},"geometry":{"type":"Polygon","coordinates":[[[105.82655,21.0167645],[105.8265866,21.0168276],[105.8267931,21.0167231],[105.8267565,21.01666],[105.82655,21.0167645]]]}},{"type":"Feature","properties":{"id":"OCD-00501","so_to":13,"so_thua":501,"dia_chi":"","dien_tich":107.4,"osm_id":1285072720},"geometry":{"type":"Polygon","coordinates":[[[105.8237374,21.016241],[105.8236431,21.0160741],[105.8236869,21.0160525],[105.8237812,21.0162194],[105.8237374,21.016241]]]}},{"type":"Feature","properties":{"id":"OCD-00502","so_to":13,"so_thua":502,"dia_chi":"","dien_tich":27.4,"osm_id":1285072875},"geometry":{"type":"Polygon","coordinates":[[[105.8237646,21.0161721],[105.8238118,21.0161492],[105.8237897,21.0161095],[105.8237425,21.0161323],[105.8237646,21.0161721]]]}},{"type":"Feature","properties":{"id":"OCD-00503","so_to":13,"so_thua":503,"dia_chi":"","dien_tich":38.9,"osm_id":1285072979},"geometry":{"type":"Polygon","coordinates":[[[105.8238633,21.0160719],[105.8238968,21.0160568],[105.8238555,21.0159771],[105.8238202,21.0159931],[105.8238633,21.0160719]]]}},{"type":"Feature","properties":{"id":"OCD-00504","so_to":13,"so_thua":504,"dia_chi":"","dien_tich":49.6,"osm_id":1285073029},"geometry":{"type":"Polygon","coordinates":[[[105.8239877,21.0160177],[105.8239426,21.0159325],[105.8239802,21.015913],[105.8240295,21.0159951],[105.8239877,21.0160177]]]}},{"type":"Feature","properties":{"id":"OCD-00505","so_to":13,"so_thua":505,"dia_chi":"","dien_tich":29.4,"osm_id":1285073421},"geometry":{"type":"Polygon","coordinates":[[[105.823902,21.0160422],[105.8238686,21.0159821],[105.8239022,21.0159658],[105.8239356,21.0160259],[105.823902,21.0160422]]]}},{"type":"Feature","properties":{"id":"OCD-00506","so_to":13,"so_thua":506,"dia_chi":"","dien_tich":67.7,"osm_id":1285073515},"geometry":{"type":"Polygon","coordinates":[[[105.8239749,21.0161323],[105.824023,21.0161059],[105.8239656,21.0160148],[105.8239175,21.0160412],[105.8239749,21.0161323]]]}},{"type":"Feature","properties":{"id":"OCD-00507","so_to":13,"so_thua":507,"dia_chi":"","dien_tich":89.8,"osm_id":1285074143},"geometry":{"type":"Polygon","coordinates":[[[105.8237736,21.0161129],[105.8238514,21.0160765],[105.8238082,21.0159962],[105.8237304,21.0160327],[105.8237736,21.0161129]]]}},{"type":"Feature","properties":{"id":"OCD-00508","so_to":13,"so_thua":508,"dia_chi":"","dien_tich":67.4,"osm_id":1285074462},"geometry":{"type":"Polygon","coordinates":[[[105.8239028,21.0161981],[105.8239468,21.0161764],[105.8238878,21.0160721],[105.8238438,21.0160937],[105.8239028,21.0161981]]]}},{"type":"Feature","properties":{"id":"OCD-00509","so_to":13,"so_thua":509,"dia_chi":"","dien_tich":45,"osm_id":1285074622},"geometry":{"type":"Polygon","coordinates":[[[105.824075,21.016099],[105.8240316,21.0160239],[105.8239912,21.0160443],[105.8240346,21.0161194],[105.824075,21.016099]]]}},{"type":"Feature","properties":{"id":"OCD-00510","so_to":13,"so_thua":510,"dia_chi":"","dien_tich":129.7,"osm_id":1285074986},"geometry":{"type":"Polygon","coordinates":[[[105.8236437,21.0162891],[105.8235799,21.0163179],[105.823518,21.0161986],[105.8235371,21.0161899],[105.8235194,21.0161557],[105.8235641,21.0161355],[105.8236437,21.0162891]]]}},{"type":"Feature","properties":{"id":"OCD-00511","so_to":13,"so_thua":511,"dia_chi":"","dien_tich":16.3,"osm_id":1285075047},"geometry":{"type":"Polygon","coordinates":[[[105.823625,21.0160948],[105.8236021,21.0161062],[105.8236298,21.0161544],[105.8236526,21.0161429],[105.823625,21.0160948]]]}},{"type":"Feature","properties":{"id":"OCD-00512","so_to":13,"so_thua":512,"dia_chi":"","dien_tich":23.5,"osm_id":1285075095},"geometry":{"type":"Polygon","coordinates":[[[105.8236828,21.0162739],[105.8236501,21.0162899],[105.8236226,21.0162407],[105.8236553,21.0162248],[105.8236828,21.0162739]]]}},{"type":"Feature","properties":{"id":"OCD-00513","so_to":13,"so_thua":513,"dia_chi":"","dien_tich":52.7,"osm_id":1285075101},"geometry":{"type":"Polygon","coordinates":[[[105.8237355,21.0162483],[105.8236902,21.0161701],[105.8236448,21.0161929],[105.8236901,21.0162712],[105.8237355,21.0162483]]]}},{"type":"Feature","properties":{"id":"OCD-00514","so_to":13,"so_thua":514,"dia_chi":"","dien_tich":74.8,"osm_id":1285075129},"geometry":{"type":"Polygon","coordinates":[[[105.8240814,21.0161023],[105.8241257,21.0160791],[105.8241316,21.0160536],[105.8240912,21.0159864],[105.8240308,21.0160181],[105.8240814,21.0161023]]]}},{"type":"Feature","properties":{"id":"OCD-00515","so_to":13,"so_thua":515,"dia_chi":"","dien_tich":19,"osm_id":1285075846},"geometry":{"type":"Polygon","coordinates":[[[105.8236609,21.0163846],[105.8237301,21.016356],[105.8237301,21.0163836],[105.823678,21.0164046],[105.8236609,21.0163846]]]}},{"type":"Feature","properties":{"id":"OCD-00516","so_to":13,"so_thua":516,"dia_chi":"","dien_tich":13.3,"osm_id":1285075881},"geometry":{"type":"Polygon","coordinates":[[[105.8237014,21.0164369],[105.8237356,21.0164221],[105.8237218,21.0163942],[105.8236875,21.0164091],[105.8237014,21.0164369]]]}},{"type":"Feature","properties":{"id":"OCD-00517","so_to":13,"so_thua":517,"dia_chi":"","dien_tich":35.2,"osm_id":1285076110},"geometry":{"type":"Polygon","coordinates":[[[105.823806,21.0163571],[105.8237724,21.0162925],[105.8238107,21.0162751],[105.8238444,21.0163397],[105.823806,21.0163571]]]}},{"type":"Feature","properties":{"id":"OCD-00518","so_to":13,"so_thua":518,"dia_chi":"","dien_tich":51,"osm_id":1285076140},"geometry":{"type":"Polygon","coordinates":[[[105.8237563,21.0164986],[105.8238372,21.0164592],[105.8238131,21.016416],[105.8237322,21.0164555],[105.8237563,21.0164986]]]}},{"type":"Feature","properties":{"id":"OCD-00519","so_to":13,"so_thua":519,"dia_chi":"","dien_tich":21.9,"osm_id":1285076155},"geometry":{"type":"Polygon","coordinates":[[[105.8238683,21.0164523],[105.8239015,21.0164368],[105.823877,21.0163909],[105.8238438,21.0164064],[105.8238683,21.0164523]]]}},{"type":"Feature","properties":{"id":"OCD-00520","so_to":13,"so_thua":520,"dia_chi":"","dien_tich":25.3,"osm_id":1285076432},"geometry":{"type":"Polygon","coordinates":[[[105.8239091,21.0164329],[105.823953,21.0164105],[105.8239303,21.0163718],[105.8238864,21.0163943],[105.8239091,21.0164329]]]}},{"type":"Feature","properties":{"id":"OCD-00521","so_to":13,"so_thua":521,"dia_chi":"","dien_tich":11.6,"osm_id":1285076487},"geometry":{"type":"Polygon","coordinates":[[[105.8238396,21.0163896],[105.8238675,21.016376],[105.8238515,21.0163476],[105.8238237,21.0163612],[105.8238396,21.0163896]]]}},{"type":"Feature","properties":{"id":"OCD-00522","so_to":13,"so_thua":522,"dia_chi":"","dien_tich":217.8,"osm_id":1285077627},"geometry":{"type":"Polygon","coordinates":[[[105.8227507,21.0188174],[105.8228478,21.0187786],[105.8227721,21.0186136],[105.822675,21.0186525],[105.8227507,21.0188174]]]}},{"type":"Feature","properties":{"id":"OCD-00523","so_to":13,"so_thua":523,"dia_chi":"","dien_tich":290.1,"osm_id":1285077802},"geometry":{"type":"Polygon","coordinates":[[[105.8228838,21.0187761],[105.8230178,21.0187221],[105.8229442,21.0185632],[105.8228103,21.0186172],[105.8228838,21.0187761]]]}},{"type":"Feature","properties":{"id":"OCD-00524","so_to":13,"so_thua":524,"dia_chi":"","dien_tich":197.7,"osm_id":1285077827},"geometry":{"type":"Polygon","coordinates":[[[105.8230247,21.0187191],[105.8231276,21.0186835],[105.8230693,21.0185365],[105.8229663,21.0185721],[105.8230247,21.0187191]]]}},{"type":"Feature","properties":{"id":"OCD-00525","so_to":13,"so_thua":525,"dia_chi":"","dien_tich":856.1,"osm_id":1285078160},"geometry":{"type":"Polygon","coordinates":[[[105.8231438,21.018678],[105.823071,21.0185155],[105.8234614,21.0183632],[105.8235342,21.0185257],[105.8231438,21.018678]]]}},{"type":"Feature","properties":{"id":"OCD-00526","so_to":13,"so_thua":526,"dia_chi":"","dien_tich":66.8,"osm_id":1285182859},"geometry":{"type":"Polygon","coordinates":[[[105.8266277,21.0165778],[105.8266635,21.0166333],[105.8265865,21.0166764],[105.8265508,21.0166209],[105.8266277,21.0165778]]]}},{"type":"Feature","properties":{"id":"OCD-00527","so_to":13,"so_thua":527,"dia_chi":"","dien_tich":64.1,"osm_id":1285183094},"geometry":{"type":"Polygon","coordinates":[[[105.8260995,21.0168592],[105.8260536,21.0167764],[105.8260005,21.0168021],[105.8260463,21.0168849],[105.8260995,21.0168592]]]}},{"type":"Feature","properties":{"id":"OCD-00528","so_to":13,"so_thua":528,"dia_chi":"","dien_tich":131.5,"osm_id":1285183182},"geometry":{"type":"Polygon","coordinates":[[[105.8264192,21.0169446],[105.826321,21.0169974],[105.8263749,21.0170849],[105.8264732,21.0170321],[105.8264192,21.0169446]]]}},{"type":"Feature","properties":{"id":"OCD-00529","so_to":13,"so_thua":529,"dia_chi":"","dien_tich":79.3,"osm_id":1285184255},"geometry":{"type":"Polygon","coordinates":[[[105.8266211,21.0170938],[105.8266874,21.0170634],[105.8266432,21.0169796],[105.8265769,21.01701],[105.8266211,21.0170938]]]}},{"type":"Feature","properties":{"id":"OCD-00530","so_to":13,"so_thua":530,"dia_chi":"","dien_tich":80.6,"osm_id":1285907116},"geometry":{"type":"Polygon","coordinates":[[[105.8258775,21.0152702],[105.8259045,21.0153129],[105.8257828,21.01538],[105.8257557,21.0153373],[105.8258775,21.0152702]]]}},{"type":"Feature","properties":{"id":"OCD-00531","so_to":13,"so_thua":531,"dia_chi":"","dien_tich":371.9,"osm_id":1285907354},"geometry":{"type":"Polygon","coordinates":[[[105.8252619,21.0152326],[105.8253509,21.0153723],[105.8251798,21.0154674],[105.8250907,21.0153278],[105.8252619,21.0152326]]]}},{"type":"Feature","properties":{"id":"OCD-00532","so_to":13,"so_thua":532,"dia_chi":"","dien_tich":110.3,"osm_id":1285907753},"geometry":{"type":"Polygon","coordinates":[[[105.8253328,21.0158997],[105.8252396,21.0159542],[105.8251899,21.0158802],[105.8252831,21.0158257],[105.8253328,21.0158997]]]}},{"type":"Feature","properties":{"id":"OCD-00533","so_to":13,"so_thua":533,"dia_chi":"","dien_tich":1052.7,"osm_id":1285908414},"geometry":{"type":"Polygon","coordinates":[[[105.8252875,21.0161904],[105.8251812,21.0160297],[105.825604,21.0157938],[105.8257053,21.0159521],[105.8252875,21.0161904]]]}},{"type":"Feature","properties":{"id":"OCD-00534","so_to":13,"so_thua":534,"dia_chi":"","dien_tich":53.1,"osm_id":1285908909},"geometry":{"type":"Polygon","coordinates":[[[105.8254832,21.0164125],[105.8255312,21.0164959],[105.8254882,21.0165174],[105.8254402,21.0164341],[105.8254832,21.0164125]]]}},{"type":"Feature","properties":{"id":"OCD-00535","so_to":13,"so_thua":535,"dia_chi":"","dien_tich":151.7,"osm_id":1285909169},"geometry":{"type":"Polygon","coordinates":[[[105.8255252,21.0165301],[105.8253616,21.0166116],[105.8253976,21.0166744],[105.8255611,21.016593],[105.8255252,21.0165301]]]}},{"type":"Feature","properties":{"id":"OCD-00536","so_to":13,"so_thua":536,"dia_chi":"","dien_tich":60.2,"osm_id":1285909254},"geometry":{"type":"Polygon","coordinates":[[[105.8256859,21.0167524],[105.8257302,21.0168299],[105.8256776,21.0168561],[105.8256333,21.0167786],[105.8256859,21.0167524]]]}},{"type":"Feature","properties":{"id":"OCD-00537","so_to":13,"so_thua":537,"dia_chi":"","dien_tich":76.5,"osm_id":1287050270},"geometry":{"type":"Polygon","coordinates":[[[105.8256095,21.0171173],[105.8255787,21.0170575],[105.8255605,21.0170657],[105.8255393,21.0170244],[105.8254949,21.0170443],[105.8255167,21.0170867],[105.8255075,21.0170908],[105.8255239,21.0171225],[105.8255499,21.0171108],[105.8255638,21.0171378],[105.8256095,21.0171173]]]}},{"type":"Feature","properties":{"id":"OCD-00538","so_to":13,"so_thua":538,"dia_chi":"","dien_tich":62.3,"osm_id":1287050271},"geometry":{"type":"Polygon","coordinates":[[[105.8257182,21.0170575],[105.8256693,21.0169625],[105.8256229,21.0169833],[105.8256718,21.0170783],[105.8257182,21.0170575]]]}},{"type":"Feature","properties":{"id":"OCD-00539","so_to":13,"so_thua":539,"dia_chi":"","dien_tich":12.5,"osm_id":1287050272},"geometry":{"type":"Polygon","coordinates":[[[105.8257916,21.0170287],[105.82582,21.0170159],[105.825804,21.0169849],[105.8257756,21.0169976],[105.8257916,21.0170287]]]}},{"type":"Feature","properties":{"id":"OCD-00540","so_to":13,"so_thua":540,"dia_chi":"","dien_tich":12.8,"osm_id":1287050273},"geometry":{"type":"Polygon","coordinates":[[[105.8257389,21.0170218],[105.8257538,21.0170506],[105.8257852,21.0170365],[105.8257704,21.0170077],[105.8257389,21.0170218]]]}},{"type":"Feature","properties":{"id":"OCD-00541","so_to":13,"so_thua":541,"dia_chi":"","dien_tich":35.6,"osm_id":1287050274},"geometry":{"type":"Polygon","coordinates":[[[105.8257329,21.0169267],[105.8256976,21.0169425],[105.8257342,21.0170137],[105.8257696,21.0169978],[105.8257329,21.0169267]]]}},{"type":"Feature","properties":{"id":"OCD-00542","so_to":13,"so_thua":542,"dia_chi":"","dien_tich":16.2,"osm_id":1287050275},"geometry":{"type":"Polygon","coordinates":[[[105.8257976,21.0169564],[105.8257784,21.0169191],[105.8257477,21.0169329],[105.8257669,21.0169702],[105.8257976,21.0169564]]]}},{"type":"Feature","properties":{"id":"OCD-00543","so_to":13,"so_thua":543,"dia_chi":"","dien_tich":13.6,"osm_id":1287050276},"geometry":{"type":"Polygon","coordinates":[[[105.8258436,21.0168829],[105.8258607,21.016916],[105.8258898,21.0169029],[105.8258728,21.0168698],[105.8258436,21.0168829]]]}},{"type":"Feature","properties":{"id":"OCD-00544","so_to":13,"so_thua":544,"dia_chi":"","dien_tich":21.1,"osm_id":1287050277},"geometry":{"type":"Polygon","coordinates":[[[105.8258301,21.016937],[105.8258637,21.0169219],[105.8258607,21.016916],[105.8258436,21.0168829],[105.8258409,21.0168775],[105.8258073,21.0168926],[105.8258301,21.016937]]]}},{"type":"Feature","properties":{"id":"OCD-00545","so_to":13,"so_thua":545,"dia_chi":"","dien_tich":22.4,"osm_id":1287050278},"geometry":{"type":"Polygon","coordinates":[[[105.8258949,21.0169692],[105.8258824,21.0169451],[105.8258745,21.0169297],[105.8258345,21.0169476],[105.8258549,21.0169872],[105.8258949,21.0169692]]]}},{"type":"Feature","properties":{"id":"OCD-00546","so_to":13,"so_thua":546,"dia_chi":"","dien_tich":9.5,"osm_id":1287050279},"geometry":{"type":"Polygon","coordinates":[[[105.8259026,21.0169361],[105.8258824,21.0169451],[105.8258949,21.0169692],[105.8258995,21.0169783],[105.8259197,21.0169693],[105.8259026,21.0169361]]]}},{"type":"Feature","properties":{"id":"OCD-00547","so_to":13,"so_thua":547,"dia_chi":"","dien_tich":14.3,"osm_id":1287050280},"geometry":{"type":"Polygon","coordinates":[[[105.8259632,21.0169101],[105.8259757,21.0169342],[105.8260176,21.0169154],[105.8260051,21.0168913],[105.8259632,21.0169101]]]}},{"type":"Feature","properties":{"id":"OCD-00548","so_to":13,"so_thua":548,"dia_chi":"","dien_tich":12.7,"osm_id":1287050281},"geometry":{"type":"Polygon","coordinates":[[[105.8259317,21.0169548],[105.8259667,21.0169391],[105.8259535,21.0169135],[105.8259185,21.0169292],[105.8259317,21.0169548]]]}},{"type":"Feature","properties":{"id":"OCD-00549","so_to":13,"so_thua":549,"dia_chi":"","dien_tich":24.9,"osm_id":1287050282},"geometry":{"type":"Polygon","coordinates":[[[105.8259089,21.0169104],[105.8259422,21.0168954],[105.825915,21.0168425],[105.8258817,21.0168574],[105.8259089,21.0169104]]]}},{"type":"Feature","properties":{"id":"OCD-00550","so_to":13,"so_thua":550,"dia_chi":"","dien_tich":31.5,"osm_id":1287050283},"geometry":{"type":"Polygon","coordinates":[[[105.8259478,21.0168932],[105.8259935,21.0168727],[105.8259683,21.0168239],[105.8259227,21.0168444],[105.8259478,21.0168932]]]}},{"type":"Feature","properties":{"id":"OCD-00551","so_to":13,"so_thua":551,"dia_chi":"","dien_tich":54.3,"osm_id":1287296503},"geometry":{"type":"Polygon","coordinates":[[[105.8228007,21.015585],[105.8228415,21.0155861],[105.8228451,21.0154702],[105.8228043,21.0154692],[105.8228007,21.015585]]]}},{"type":"Feature","properties":{"id":"OCD-00552","so_to":13,"so_thua":552,"dia_chi":"","dien_tich":57.6,"osm_id":1287296616},"geometry":{"type":"Polygon","coordinates":[[[105.8228478,21.0154681],[105.8228462,21.0155859],[105.8228887,21.0155864],[105.8228904,21.0154686],[105.8228478,21.0154681]]]}},{"type":"Feature","properties":{"id":"OCD-00553","so_to":13,"so_thua":553,"dia_chi":"","dien_tich":42.1,"osm_id":1287298453},"geometry":{"type":"Polygon","coordinates":[[[105.8229425,21.0152753],[105.8229409,21.0153518],[105.8230366,21.0153536],[105.8229425,21.0152753]]]}},{"type":"Feature","properties":{"id":"OCD-00554","so_to":13,"so_thua":554,"dia_chi":"","dien_tich":44,"osm_id":1287298496},"geometry":{"type":"Polygon","coordinates":[[[105.8229765,21.0153592],[105.8229761,21.0154039],[105.8230843,21.0154049],[105.8230396,21.0153598],[105.8229765,21.0153592]]]}},{"type":"Feature","properties":{"id":"OCD-00555","so_to":13,"so_thua":555,"dia_chi":"","dien_tich":17.9,"osm_id":1287298561},"geometry":{"type":"Polygon","coordinates":[[[105.8229333,21.0153991],[105.8229717,21.0154004],[105.8229733,21.0153598],[105.8229349,21.0153585],[105.8229333,21.0153991]]]}},{"type":"Feature","properties":{"id":"OCD-00556","so_to":13,"so_thua":556,"dia_chi":"","dien_tich":29.6,"osm_id":1287298817},"geometry":{"type":"Polygon","coordinates":[[[105.8229324,21.0154038],[105.8230079,21.0154052],[105.8230072,21.0154393],[105.8229317,21.015438],[105.8229324,21.0154038]]]}},{"type":"Feature","properties":{"id":"OCD-00557","so_to":13,"so_thua":557,"dia_chi":"","dien_tich":37.6,"osm_id":1287298914},"geometry":{"type":"Polygon","coordinates":[[[105.8230112,21.015405],[105.8230098,21.0154433],[105.8231075,21.0154464],[105.8230838,21.0154072],[105.8230112,21.015405]]]}},{"type":"Feature","properties":{"id":"OCD-00558","so_to":13,"so_thua":558,"dia_chi":"","dien_tich":28.5,"osm_id":1287298943},"geometry":{"type":"Polygon","coordinates":[[[105.8229618,21.0154945],[105.8230118,21.0154954],[105.8230128,21.0154458],[105.8229628,21.0154449],[105.8229618,21.0154945]]]}},{"type":"Feature","properties":{"id":"OCD-00559","so_to":13,"so_thua":559,"dia_chi":"","dien_tich":17.9,"osm_id":1287299094},"geometry":{"type":"Polygon","coordinates":[[[105.823016,21.015484],[105.823057,21.0154842],[105.8230571,21.0154463],[105.8230161,21.0154461],[105.823016,21.015484]]]}},{"type":"Feature","properties":{"id":"OCD-00560","so_to":13,"so_thua":560,"dia_chi":"","dien_tich":68.5,"osm_id":1287299106},"geometry":{"type":"Polygon","coordinates":[[[105.8230203,21.0154933],[105.8230199,21.0155937],[105.8230792,21.015594],[105.8230797,21.0154935],[105.8230203,21.0154933]]]}},{"type":"Feature","properties":{"id":"OCD-00561","so_to":13,"so_thua":561,"dia_chi":"","dien_tich":48.9,"osm_id":1287299169},"geometry":{"type":"Polygon","coordinates":[[[105.8230852,21.0155575],[105.8231494,21.0155566],[105.8231483,21.0154902],[105.8230841,21.0154912],[105.8230852,21.0155575]]]}},{"type":"Feature","properties":{"id":"OCD-00562","so_to":13,"so_thua":562,"dia_chi":"","dien_tich":93,"osm_id":1287299569},"geometry":{"type":"Polygon","coordinates":[[[105.823105,21.0150539],[105.8230313,21.0151362],[105.8230891,21.0151814],[105.8231629,21.0150991],[105.823105,21.0150539]]]}},{"type":"Feature","properties":{"id":"OCD-00563","so_to":13,"so_thua":563,"dia_chi":"","dien_tich":36.7,"osm_id":1287300324},"geometry":{"type":"Polygon","coordinates":[[[105.823138,21.0151324],[105.8231137,21.0151598],[105.823158,21.0151939],[105.8232098,21.0151353],[105.8231878,21.0151183],[105.8231602,21.0151495],[105.823138,21.0151324]]]}},{"type":"Feature","properties":{"id":"OCD-00564","so_to":13,"so_thua":564,"dia_chi":"","dien_tich":34.2,"osm_id":1287300952},"geometry":{"type":"Polygon","coordinates":[[[105.8232123,21.0151368],[105.8232333,21.0151533],[105.8231588,21.0152363],[105.8231377,21.0152197],[105.8232123,21.0151368]]]}},{"type":"Feature","properties":{"id":"OCD-00565","so_to":13,"so_thua":565,"dia_chi":"","dien_tich":37.6,"osm_id":1287301176},"geometry":{"type":"Polygon","coordinates":[[[105.8232343,21.0151556],[105.8232578,21.0151738],[105.8231844,21.0152563],[105.8231609,21.0152382],[105.8232343,21.0151556]]]}},{"type":"Feature","properties":{"id":"OCD-00566","so_to":13,"so_thua":566,"dia_chi":"","dien_tich":62.7,"osm_id":1287301281},"geometry":{"type":"Polygon","coordinates":[[[105.8232045,21.0152696],[105.8232291,21.0153159],[105.8233237,21.0152722],[105.8232991,21.0152259],[105.8232045,21.0152696]]]}},{"type":"Feature","properties":{"id":"OCD-00567","so_to":13,"so_thua":567,"dia_chi":"","dien_tich":32.6,"osm_id":1287301529},"geometry":{"type":"Polygon","coordinates":[[[105.8232691,21.0152992],[105.8232853,21.0153293],[105.8233605,21.015294],[105.8233442,21.0152638],[105.8232691,21.0152992]]]}},{"type":"Feature","properties":{"id":"OCD-00568","so_to":13,"so_thua":568,"dia_chi":"","dien_tich":32.7,"osm_id":1287301677},"geometry":{"type":"Polygon","coordinates":[[[105.8232664,21.0153029],[105.8232405,21.0153155],[105.8232659,21.0153613],[105.8233656,21.015313],[105.8233576,21.0152987],[105.8232839,21.0153344],[105.8232664,21.0153029]]]}},{"type":"Feature","properties":{"id":"OCD-00569","so_to":13,"so_thua":569,"dia_chi":"","dien_tich":66.6,"osm_id":1287301893},"geometry":{"type":"Polygon","coordinates":[[[105.8233625,21.0153158],[105.8233876,21.0153591],[105.8232843,21.0154114],[105.8232591,21.015368],[105.8233625,21.0153158]]]}},{"type":"Feature","properties":{"id":"OCD-00570","so_to":13,"so_thua":570,"dia_chi":"","dien_tich":38,"osm_id":1287302010},"geometry":{"type":"Polygon","coordinates":[[[105.8233717,21.0154127],[105.8234019,21.0154644],[105.8233526,21.0154895],[105.8233224,21.0154378],[105.8233717,21.0154127]]]}},{"type":"Feature","properties":{"id":"OCD-00571","so_to":13,"so_thua":571,"dia_chi":"","dien_tich":57.3,"osm_id":1287302046},"geometry":{"type":"Polygon","coordinates":[[[105.8232954,21.0154117],[105.8233516,21.0155029],[105.8233105,21.0155249],[105.8232543,21.0154337],[105.8232954,21.0154117]]]}},{"type":"Feature","properties":{"id":"OCD-00572","so_to":13,"so_thua":572,"dia_chi":"","dien_tich":24.3,"osm_id":1287302107},"geometry":{"type":"Polygon","coordinates":[[[105.8232685,21.0154726],[105.8233058,21.015528],[105.8232785,21.0155441],[105.8232412,21.0154887],[105.8232685,21.0154726]]]}},{"type":"Feature","properties":{"id":"OCD-00573","so_to":13,"so_thua":573,"dia_chi":"","dien_tich":25.4,"osm_id":1287302114},"geometry":{"type":"Polygon","coordinates":[[[105.8232352,21.0154911],[105.8232699,21.0155461],[105.82324,21.0155625],[105.8232053,21.0155075],[105.8232352,21.0154911]]]}},{"type":"Feature","properties":{"id":"OCD-00574","so_to":13,"so_thua":574,"dia_chi":"","dien_tich":32.6,"osm_id":1287302179},"geometry":{"type":"Polygon","coordinates":[[[105.8232454,21.0154338],[105.8232673,21.0154683],[105.8232065,21.015502],[105.8231845,21.0154674],[105.8232454,21.0154338]]]}},{"type":"Feature","properties":{"id":"OCD-00575","so_to":13,"so_thua":575,"dia_chi":"","dien_tich":37,"osm_id":1287302184},"geometry":{"type":"Polygon","coordinates":[[[105.8232638,21.0153903],[105.8231603,21.015443],[105.8231743,21.015467],[105.8232778,21.0154142],[105.8232638,21.0153903]]]}},{"type":"Feature","properties":{"id":"OCD-00576","so_to":13,"so_thua":576,"dia_chi":"","dien_tich":49.2,"osm_id":1287302315},"geometry":{"type":"Polygon","coordinates":[[[105.8232433,21.0153516],[105.823263,21.0153852],[105.8231649,21.0154353],[105.8231452,21.0154017],[105.8232433,21.0153516]]]}},{"type":"Feature","properties":{"id":"OCD-00577","so_to":13,"so_thua":577,"dia_chi":"","dien_tich":57,"osm_id":1287302361},"geometry":{"type":"Polygon","coordinates":[[[105.8232172,21.0153005],[105.8232406,21.0153393],[105.8231433,21.0153904],[105.82312,21.0153517],[105.8232172,21.0153005]]]}},{"type":"Feature","properties":{"id":"OCD-00578","so_to":13,"so_thua":578,"dia_chi":"","dien_tich":43.5,"osm_id":1287302392},"geometry":{"type":"Polygon","coordinates":[[[105.8230911,21.0153296],[105.8231193,21.0153492],[105.8231881,21.0152628],[105.8231598,21.0152432],[105.8230911,21.0153296]]]}},{"type":"Feature","properties":{"id":"OCD-00579","so_to":13,"so_thua":579,"dia_chi":"","dien_tich":41.4,"osm_id":1287302415},"geometry":{"type":"Polygon","coordinates":[[[105.8231294,21.0152221],[105.8231563,21.0152408],[105.8230875,21.0153271],[105.8230606,21.0153084],[105.8231294,21.0152221]]]}},{"type":"Feature","properties":{"id":"OCD-00580","so_to":13,"so_thua":580,"dia_chi":"","dien_tich":50.2,"osm_id":1287302687},"geometry":{"type":"Polygon","coordinates":[[[105.8230549,21.015222],[105.82311,21.015163],[105.8231521,21.0151973],[105.8230969,21.0152563],[105.8230549,21.015222]]]}},{"type":"Feature","properties":{"id":"OCD-00581","so_to":13,"so_thua":581,"dia_chi":"","dien_tich":32.3,"osm_id":1287302873},"geometry":{"type":"Polygon","coordinates":[[[105.8230534,21.0152276],[105.823093,21.0152572],[105.8230558,21.0153005],[105.8230163,21.0152708],[105.8230534,21.0152276]]]}},{"type":"Feature","properties":{"id":"OCD-00582","so_to":13,"so_thua":582,"dia_chi":"","dien_tich":52.4,"osm_id":1287302915},"geometry":{"type":"Polygon","coordinates":[[[105.8230548,21.0151589],[105.8230868,21.0151831],[105.8230121,21.015269],[105.8229801,21.0152447],[105.8230548,21.0151589]]]}},{"type":"Feature","properties":{"id":"OCD-00583","so_to":13,"so_thua":583,"dia_chi":"","dien_tich":21.7,"osm_id":1287302921},"geometry":{"type":"Polygon","coordinates":[[[105.8230287,21.0151399],[105.823051,21.0151571],[105.8230064,21.0152076],[105.8229841,21.0151905],[105.8230287,21.0151399]]]}},{"type":"Feature","properties":{"id":"OCD-00584","so_to":13,"so_thua":584,"dia_chi":"","dien_tich":52.1,"osm_id":1287304389},"geometry":{"type":"Polygon","coordinates":[[[105.8233273,21.0148305],[105.8232868,21.0148707],[105.8233466,21.0149233],[105.8233872,21.0148831],[105.8233273,21.0148305]]]}},{"type":"Feature","properties":{"id":"OCD-00585","so_to":13,"so_thua":585,"dia_chi":"","dien_tich":35.5,"osm_id":1287304431},"geometry":{"type":"Polygon","coordinates":[[[105.8232923,21.0148815],[105.8233469,21.0149275],[105.8233167,21.0149587],[105.8232621,21.0149128],[105.8232923,21.0148815]]]}},{"type":"Feature","properties":{"id":"OCD-00586","so_to":13,"so_thua":586,"dia_chi":"","dien_tich":26.4,"osm_id":1287304443},"geometry":{"type":"Polygon","coordinates":[[[105.8232609,21.0149155],[105.8232367,21.0149401],[105.8232875,21.0149834],[105.8233116,21.0149588],[105.8232609,21.0149155]]]}},{"type":"Feature","properties":{"id":"OCD-00587","so_to":13,"so_thua":587,"dia_chi":"","dien_tich":42,"osm_id":1287304526},"geometry":{"type":"Polygon","coordinates":[[[105.8232285,21.0149389],[105.8231942,21.0149775],[105.8232503,21.0150209],[105.8232846,21.0149823],[105.8232285,21.0149389]]]}},{"type":"Feature","properties":{"id":"OCD-00588","so_to":13,"so_thua":588,"dia_chi":"","dien_tich":12.5,"osm_id":1287304586},"geometry":{"type":"Polygon","coordinates":[[[105.8231689,21.0150071],[105.8231947,21.0150275],[105.8232169,21.0150029],[105.8231911,21.0149825],[105.8231689,21.0150071]]]}},{"type":"Feature","properties":{"id":"OCD-00589","so_to":13,"so_thua":589,"dia_chi":"","dien_tich":23.7,"osm_id":1287304657},"geometry":{"type":"Polygon","coordinates":[[[105.8232205,21.0150032],[105.8231846,21.0150466],[105.8232143,21.0150681],[105.8232503,21.0150247],[105.8232205,21.0150032]]]}},{"type":"Feature","properties":{"id":"OCD-00590","so_to":13,"so_thua":590,"dia_chi":"","dien_tich":34.8,"osm_id":1287304897},"geometry":{"type":"Polygon","coordinates":[[[105.8232878,21.0149868],[105.82331,21.0150037],[105.8232383,21.0150855],[105.8232161,21.0150686],[105.8232878,21.0149868]]]}},{"type":"Feature","properties":{"id":"OCD-00591","so_to":13,"so_thua":591,"dia_chi":"","dien_tich":32.3,"osm_id":1287304987},"geometry":{"type":"Polygon","coordinates":[[[105.8233122,21.0150074],[105.8233328,21.0150236],[105.8232604,21.0151032],[105.8232399,21.015087],[105.8233122,21.0150074]]]}},{"type":"Feature","properties":{"id":"OCD-00592","so_to":13,"so_thua":592,"dia_chi":"","dien_tich":28.4,"osm_id":1287305000},"geometry":{"type":"Polygon","coordinates":[[[105.8233359,21.0150262],[105.8233541,21.0150409],[105.8232821,21.0151185],[105.8232639,21.0151038],[105.8233359,21.0150262]]]}},{"type":"Feature","properties":{"id":"OCD-00593","so_to":13,"so_thua":593,"dia_chi":"","dien_tich":35,"osm_id":1287305015},"geometry":{"type":"Polygon","coordinates":[[[105.8233541,21.015045],[105.8233766,21.0150634],[105.8233048,21.0151402],[105.8232823,21.0151219],[105.8233541,21.015045]]]}},{"type":"Feature","properties":{"id":"OCD-00594","so_to":13,"so_thua":594,"dia_chi":"","dien_tich":39.4,"osm_id":1287305163},"geometry":{"type":"Polygon","coordinates":[[[105.8233801,21.0150641],[105.8234044,21.0150848],[105.8233313,21.0151629],[105.823307,21.0151413],[105.8233801,21.0150641]]]}},{"type":"Feature","properties":{"id":"OCD-00595","so_to":13,"so_thua":595,"dia_chi":"","dien_tich":34.4,"osm_id":1287305184},"geometry":{"type":"Polygon","coordinates":[[[105.8234064,21.0150859],[105.8234295,21.015106],[105.8233559,21.0151815],[105.8233355,21.0151652],[105.8234064,21.0150859]]]}},{"type":"Feature","properties":{"id":"OCD-00596","so_to":13,"so_thua":596,"dia_chi":"","dien_tich":26.2,"osm_id":1287305556},"geometry":{"type":"Polygon","coordinates":[[[105.8233712,21.0151702],[105.8233856,21.015186],[105.8234568,21.0151489],[105.8234397,21.0151193],[105.8233712,21.0151702]]]}},{"type":"Feature","properties":{"id":"OCD-00597","so_to":13,"so_thua":597,"dia_chi":"","dien_tich":29.4,"osm_id":1287306017},"geometry":{"type":"Polygon","coordinates":[[[105.8234595,21.0151515],[105.8234736,21.015173],[105.8233868,21.0152224],[105.8233728,21.0152009],[105.8234595,21.0151515]]]}},{"type":"Feature","properties":{"id":"OCD-00598","so_to":13,"so_thua":598,"dia_chi":"","dien_tich":61.2,"osm_id":1287306461},"geometry":{"type":"Polygon","coordinates":[[[105.8234824,21.0151725],[105.8235116,21.0152186],[105.8234259,21.0152658],[105.8233967,21.0152197],[105.8234824,21.0151725]]]}},{"type":"Feature","properties":{"id":"OCD-00599","so_to":13,"so_thua":599,"dia_chi":"","dien_tich":22.5,"osm_id":1287306545},"geometry":{"type":"Polygon","coordinates":[[[105.8235144,21.0152228],[105.8235262,21.0152424],[105.8234506,21.0152824],[105.8234387,21.0152628],[105.8235144,21.0152228]]]}},{"type":"Feature","properties":{"id":"OCD-00600","so_to":14,"so_thua":600,"dia_chi":"","dien_tich":30.1,"osm_id":1287306720},"geometry":{"type":"Polygon","coordinates":[[[105.8235277,21.0152444],[105.8235406,21.0152655],[105.823447,21.0153154],[105.8234341,21.0152943],[105.8235277,21.0152444]]]}},{"type":"Feature","properties":{"id":"OCD-00601","so_to":14,"so_thua":601,"dia_chi":"","dien_tich":29.5,"osm_id":1287306758},"geometry":{"type":"Polygon","coordinates":[[[105.8235409,21.0152679],[105.823553,21.0152878],[105.8234554,21.0153398],[105.8234433,21.01532],[105.8235409,21.0152679]]]}},{"type":"Feature","properties":{"id":"OCD-00602","so_to":14,"so_thua":602,"dia_chi":"","dien_tich":31.1,"osm_id":1287306778},"geometry":{"type":"Polygon","coordinates":[[[105.8235516,21.0152943],[105.8235648,21.0153168],[105.8234725,21.0153643],[105.8234592,21.0153418],[105.8235516,21.0152943]]]}},{"type":"Feature","properties":{"id":"OCD-00603","so_to":14,"so_thua":603,"dia_chi":"","dien_tich":19.3,"osm_id":1287306815},"geometry":{"type":"Polygon","coordinates":[[[105.8235115,21.0153578],[105.8235383,21.0153982],[105.8235082,21.0154156],[105.8234814,21.0153751],[105.8235115,21.0153578]]]}},{"type":"Feature","properties":{"id":"OCD-00604","so_to":14,"so_thua":604,"dia_chi":"","dien_tich":33.9,"osm_id":1287306947},"geometry":{"type":"Polygon","coordinates":[[[105.8235151,21.0153508],[105.8235422,21.0153936],[105.8235933,21.0153655],[105.8235662,21.0153227],[105.8235151,21.0153508]]]}},{"type":"Feature","properties":{"id":"OCD-00605","so_to":14,"so_thua":605,"dia_chi":"","dien_tich":36.4,"osm_id":1287307034},"geometry":{"type":"Polygon","coordinates":[[[105.8235548,21.0152912],[105.8235958,21.0153622],[105.8236304,21.0153448],[105.8235894,21.0152738],[105.8235548,21.0152912]]]}},{"type":"Feature","properties":{"id":"OCD-00606","so_to":14,"so_thua":606,"dia_chi":"","dien_tich":46.7,"osm_id":1287307065},"geometry":{"type":"Polygon","coordinates":[[[105.8235955,21.0152774],[105.823635,21.0153442],[105.8236816,21.0153201],[105.8236422,21.0152534],[105.8235955,21.0152774]]]}},{"type":"Feature","properties":{"id":"OCD-00607","so_to":14,"so_thua":607,"dia_chi":"","dien_tich":40.2,"osm_id":1287307083},"geometry":{"type":"Polygon","coordinates":[[[105.8236852,21.0152315],[105.8236446,21.0152542],[105.8236852,21.0153176],[105.8237258,21.0152949],[105.8236852,21.0152315]]]}},{"type":"Feature","properties":{"id":"OCD-00608","so_to":14,"so_thua":608,"dia_chi":"","dien_tich":51,"osm_id":1287307256},"geometry":{"type":"Polygon","coordinates":[[[105.8235568,21.0152894],[105.8236753,21.0152305],[105.8236586,21.0152013],[105.8235402,21.0152602],[105.8235568,21.0152894]]]}},{"type":"Feature","properties":{"id":"OCD-00609","so_to":14,"so_thua":609,"dia_chi":"","dien_tich":54.7,"osm_id":1287307433},"geometry":{"type":"Polygon","coordinates":[[[105.8235222,21.0152232],[105.8235404,21.0152551],[105.8236568,21.0151973],[105.8236387,21.0151654],[105.8235222,21.0152232]]]}},{"type":"Feature","properties":{"id":"OCD-00610","so_to":14,"so_thua":610,"dia_chi":"","dien_tich":34.7,"osm_id":1287307487},"geometry":{"type":"Polygon","coordinates":[[[105.8236304,21.0151419],[105.8236415,21.0151612],[105.82352,21.0152219],[105.8235089,21.0152025],[105.8236304,21.0151419]]]}},{"type":"Feature","properties":{"id":"OCD-00611","so_to":14,"so_thua":611,"dia_chi":"","dien_tich":41.3,"osm_id":1287307488},"geometry":{"type":"Polygon","coordinates":[[[105.823492,21.0151752],[105.8235051,21.0151984],[105.8236264,21.0151387],[105.8236133,21.0151155],[105.823492,21.0151752]]]}},{"type":"Feature","properties":{"id":"OCD-00612","so_to":14,"so_thua":612,"dia_chi":"","dien_tich":37.3,"osm_id":1287307571},"geometry":{"type":"Polygon","coordinates":[[[105.8236133,21.0151128],[105.8234855,21.0151745],[105.8234744,21.0151545],[105.8236022,21.0150927],[105.8236133,21.0151128]]]}},{"type":"Feature","properties":{"id":"OCD-00613","so_to":14,"so_thua":613,"dia_chi":"","dien_tich":50,"osm_id":1287307658},"geometry":{"type":"Polygon","coordinates":[[[105.8235704,21.0150665],[105.8234535,21.0151268],[105.8234704,21.0151553],[105.8235873,21.015095],[105.8235704,21.0150665]]]}},{"type":"Feature","properties":{"id":"OCD-00614","so_to":14,"so_thua":614,"dia_chi":"","dien_tich":51.1,"osm_id":1287307965},"geometry":{"type":"Polygon","coordinates":[[[105.8234457,21.015116],[105.8234518,21.0151229],[105.823574,21.0150589],[105.823574,21.0150444],[105.8235419,21.0150171],[105.8234457,21.015116]]]}},{"type":"Feature","properties":{"id":"OCD-00615","so_to":14,"so_thua":615,"dia_chi":"","dien_tich":104,"osm_id":1287308015},"geometry":{"type":"Polygon","coordinates":[[[105.8233883,21.0150639],[105.8234447,21.0151122],[105.8235303,21.0150252],[105.8234738,21.0149768],[105.8233883,21.0150639]]]}},{"type":"Feature","properties":{"id":"OCD-00616","so_to":14,"so_thua":616,"dia_chi":"","dien_tich":77.8,"osm_id":1287308117},"geometry":{"type":"Polygon","coordinates":[[[105.8234333,21.0149368],[105.8233446,21.0150287],[105.8233853,21.0150629],[105.823474,21.0149711],[105.8234333,21.0149368]]]}},{"type":"Feature","properties":{"id":"OCD-00617","so_to":14,"so_thua":617,"dia_chi":"","dien_tich":44.2,"osm_id":1287308185},"geometry":{"type":"Polygon","coordinates":[[[105.8234127,21.0149115],[105.8234349,21.0149298],[105.8233431,21.0150274],[105.8233208,21.0150092],[105.8234127,21.0149115]]]}},{"type":"Feature","properties":{"id":"OCD-00618","so_to":14,"so_thua":618,"dia_chi":"","dien_tich":50.1,"osm_id":1287308209},"geometry":{"type":"Polygon","coordinates":[[[105.8233842,21.0148899],[105.8232926,21.0149869],[105.8233179,21.0150077],[105.8234095,21.0149108],[105.8233842,21.0148899]]]}},{"type":"Feature","properties":{"id":"OCD-00619","so_to":14,"so_thua":619,"dia_chi":"","dien_tich":85.7,"osm_id":1287313197},"geometry":{"type":"Polygon","coordinates":[[[105.8238128,21.014826],[105.8238427,21.0148778],[105.8239544,21.0148217],[105.8239246,21.0147699],[105.8238128,21.014826]]]}},{"type":"Feature","properties":{"id":"OCD-00620","so_to":14,"so_thua":620,"dia_chi":"","dien_tich":60.7,"osm_id":1287313251},"geometry":{"type":"Polygon","coordinates":[[[105.8239568,21.0148252],[105.8239818,21.0148645],[105.8238824,21.0149196],[105.8238574,21.0148803],[105.8239568,21.0148252]]]}},{"type":"Feature","properties":{"id":"OCD-00621","so_to":14,"so_thua":621,"dia_chi":"","dien_tich":69.8,"osm_id":1287313682},"geometry":{"type":"Polygon","coordinates":[[[105.8239831,21.0148687],[105.82401,21.0149119],[105.823905,21.0149691],[105.823878,21.0149259],[105.8239831,21.0148687]]]}},{"type":"Feature","properties":{"id":"OCD-00622","so_to":14,"so_thua":622,"dia_chi":"","dien_tich":60.5,"osm_id":1287313773},"geometry":{"type":"Polygon","coordinates":[[[105.824012,21.0149164],[105.8240352,21.0149534],[105.8239291,21.0150115],[105.8239059,21.0149746],[105.824012,21.0149164]]]}},{"type":"Feature","properties":{"id":"OCD-00623","so_to":14,"so_thua":623,"dia_chi":"","dien_tich":60.6,"osm_id":1287313806},"geometry":{"type":"Polygon","coordinates":[[[105.8240368,21.0149581],[105.8240588,21.0149952],[105.8239498,21.0150515],[105.8239279,21.0150144],[105.8240368,21.0149581]]]}},{"type":"Feature","properties":{"id":"OCD-00624","so_to":14,"so_thua":624,"dia_chi":"","dien_tich":135.8,"osm_id":1287313868},"geometry":{"type":"Polygon","coordinates":[[[105.8240781,21.0149941],[105.8239515,21.0150563],[105.8239957,21.0151347],[105.824087,21.0150898],[105.8241011,21.0150349],[105.8240781,21.0149941]]]}},{"type":"Feature","properties":{"id":"OCD-00625","so_to":14,"so_thua":625,"dia_chi":"","dien_tich":57.3,"osm_id":1287313990},"geometry":{"type":"Polygon","coordinates":[[[105.8238289,21.0148687],[105.8238897,21.0149604],[105.8238504,21.0149831],[105.8237896,21.0148914],[105.8238289,21.0148687]]]}},{"type":"Feature","properties":{"id":"OCD-00626","so_to":14,"so_thua":626,"dia_chi":"","dien_tich":46.9,"osm_id":1287314634},"geometry":{"type":"Polygon","coordinates":[[[105.8237869,21.014899],[105.8238454,21.0149842],[105.8238114,21.0150045],[105.8237529,21.0149194],[105.8237869,21.014899]]]}},{"type":"Feature","properties":{"id":"OCD-00627","so_to":14,"so_thua":627,"dia_chi":"","dien_tich":121.5,"osm_id":1287314690},"geometry":{"type":"Polygon","coordinates":[[[105.8238439,21.0150077],[105.8238962,21.0149795],[105.8239902,21.0151312],[105.823938,21.0151594],[105.8238439,21.0150077]]]}},{"type":"Feature","properties":{"id":"OCD-00628","so_to":14,"so_thua":628,"dia_chi":"","dien_tich":65.9,"osm_id":1287314702},"geometry":{"type":"Polygon","coordinates":[[[105.8238309,21.0150298],[105.8239323,21.0151906],[105.8239058,21.0152051],[105.8238044,21.0150444],[105.8238309,21.0150298]]]}},{"type":"Feature","properties":{"id":"OCD-00629","so_to":14,"so_thua":629,"dia_chi":"","dien_tich":53.4,"osm_id":1287314765},"geometry":{"type":"Polygon","coordinates":[[[105.8237967,21.0150426],[105.8238756,21.0151698],[105.8238483,21.0151846],[105.8237693,21.0150574],[105.8237967,21.0150426]]]}},{"type":"Feature","properties":{"id":"OCD-00630","so_to":14,"so_thua":630,"dia_chi":"","dien_tich":45,"osm_id":1287314902},"geometry":{"type":"Polygon","coordinates":[[[105.8238337,21.0151776],[105.8237401,21.0152268],[105.8237757,21.0152535],[105.8238545,21.0152121],[105.8238337,21.0151776]]]}},{"type":"Feature","properties":{"id":"OCD-00631","so_to":14,"so_thua":631,"dia_chi":"","dien_tich":52.2,"osm_id":1287314948},"geometry":{"type":"Polygon","coordinates":[[[105.8238107,21.0151325],[105.8238333,21.0151663],[105.8237366,21.0152226],[105.823714,21.0151887],[105.8238107,21.0151325]]]}},{"type":"Feature","properties":{"id":"OCD-00632","so_to":14,"so_thua":632,"dia_chi":"","dien_tich":48,"osm_id":1287315038},"geometry":{"type":"Polygon","coordinates":[[[105.8237777,21.01508],[105.8237986,21.0151135],[105.8237057,21.0151642],[105.8236847,21.0151306],[105.8237777,21.01508]]]}},{"type":"Feature","properties":{"id":"OCD-00633","so_to":14,"so_thua":633,"dia_chi":"","dien_tich":29.8,"osm_id":1287315057},"geometry":{"type":"Polygon","coordinates":[[[105.8237749,21.0150785],[105.8236836,21.0151292],[105.8236702,21.0151082],[105.8237615,21.0150575],[105.8237749,21.0150785]]]}},{"type":"Feature","properties":{"id":"OCD-00634","so_to":14,"so_thua":634,"dia_chi":"","dien_tich":32.5,"osm_id":1287315091},"geometry":{"type":"Polygon","coordinates":[[[105.8236993,21.0150357],[105.8237237,21.0150728],[105.8236684,21.0151046],[105.8236439,21.0150675],[105.8236993,21.0150357]]]}},{"type":"Feature","properties":{"id":"OCD-00635","so_to":14,"so_thua":635,"dia_chi":"","dien_tich":25.1,"osm_id":1287315138},"geometry":{"type":"Polygon","coordinates":[[[105.8236722,21.015001],[105.8236944,21.0150319],[105.8236457,21.0150624],[105.8236235,21.0150315],[105.8236722,21.015001]]]}},{"type":"Feature","properties":{"id":"OCD-00636","so_to":14,"so_thua":636,"dia_chi":"","dien_tich":39.8,"osm_id":1287315236},"geometry":{"type":"Polygon","coordinates":[[[105.8237113,21.0149721],[105.8236783,21.014991],[105.8237284,21.0150672],[105.8237614,21.0150482],[105.8237113,21.0149721]]]}},{"type":"Feature","properties":{"id":"OCD-00637","so_to":14,"so_thua":637,"dia_chi":"","dien_tich":63.8,"osm_id":1287315339},"geometry":{"type":"Polygon","coordinates":[[[105.8237496,21.0149303],[105.823706,21.014957],[105.8237685,21.0150462],[105.8238121,21.0150196],[105.8237496,21.0149303]]]}},{"type":"Feature","properties":{"id":"OCD-00638","so_to":14,"so_thua":638,"dia_chi":"","dien_tich":30.7,"osm_id":1287451440},"geometry":{"type":"Polygon","coordinates":[[[105.8240441,21.0157299],[105.8240877,21.0157073],[105.8240599,21.0156604],[105.8240163,21.0156829],[105.8240441,21.0157299]]]}},{"type":"Feature","properties":{"id":"OCD-00639","so_to":14,"so_thua":639,"dia_chi":"","dien_tich":59.4,"osm_id":1287451441},"geometry":{"type":"Polygon","coordinates":[[[105.8241829,21.0157374],[105.8242319,21.0157098],[105.8241819,21.0156324],[105.8241329,21.01566],[105.8241829,21.0157374]]]}},{"type":"Feature","properties":{"id":"OCD-00640","so_to":14,"so_thua":640,"dia_chi":"","dien_tich":61.3,"osm_id":1287451442},"geometry":{"type":"Polygon","coordinates":[[[105.82413,21.015763],[105.8241709,21.015743],[105.8241134,21.0156407],[105.8240725,21.0156608],[105.82413,21.015763]]]}},{"type":"Feature","properties":{"id":"OCD-00641","so_to":14,"so_thua":641,"dia_chi":"","dien_tich":52.3,"osm_id":1287451469},"geometry":{"type":"Polygon","coordinates":[[[105.8238644,21.0154238],[105.8239174,21.0154006],[105.8238821,21.0153302],[105.8238291,21.0153534],[105.8238644,21.0154238]]]}},{"type":"Feature","properties":{"id":"OCD-00642","so_to":14,"so_thua":642,"dia_chi":"","dien_tich":37.7,"osm_id":1287451470},"geometry":{"type":"Polygon","coordinates":[[[105.823916,21.0155033],[105.8239677,21.0154757],[105.8239383,21.0154278],[105.8238867,21.0154553],[105.823916,21.0155033]]]}},{"type":"Feature","properties":{"id":"OCD-00643","so_to":14,"so_thua":643,"dia_chi":"","dien_tich":87.6,"osm_id":1287451471},"geometry":{"type":"Polygon","coordinates":[[[105.8239932,21.0156447],[105.8240911,21.0155965],[105.8240566,21.0155356],[105.8239587,21.0155838],[105.8239932,21.0156447]]]}},{"type":"Feature","properties":{"id":"OCD-00644","so_to":14,"so_thua":644,"dia_chi":"","dien_tich":216.9,"osm_id":1287451479},"geometry":{"type":"Polygon","coordinates":[[[105.8241481,21.0153249],[105.8242574,21.0152629],[105.8241753,21.0151367],[105.824066,21.0151987],[105.8241481,21.0153249]]]}},{"type":"Feature","properties":{"id":"OCD-00645","so_to":14,"so_thua":645,"dia_chi":"","dien_tich":59.2,"osm_id":1287451489},"geometry":{"type":"Polygon","coordinates":[[[105.8240978,21.0154814],[105.8241494,21.0154594],[105.8241091,21.0153767],[105.8240575,21.0153986],[105.8240978,21.0154814]]]}},{"type":"Feature","properties":{"id":"OCD-00646","so_to":14,"so_thua":646,"dia_chi":"","dien_tich":77.6,"osm_id":1287451490},"geometry":{"type":"Polygon","coordinates":[[[105.8240998,21.0153712],[105.824142,21.0153505],[105.8240716,21.015225],[105.8240294,21.0152457],[105.8240998,21.0153712]]]}},{"type":"Feature","properties":{"id":"OCD-00647","so_to":14,"so_thua":647,"dia_chi":"","dien_tich":82,"osm_id":1287451525},"geometry":{"type":"Polygon","coordinates":[[[105.8243284,21.0155552],[105.8244371,21.0154983],[105.824407,21.0154483],[105.8242984,21.0155052],[105.8243284,21.0155552]]]}},{"type":"Feature","properties":{"id":"OCD-00648","so_to":14,"so_thua":648,"dia_chi":"","dien_tich":30.8,"osm_id":1287451526},"geometry":{"type":"Polygon","coordinates":[[[105.8242694,21.0156654],[105.824319,21.0156372],[105.8242933,21.0155977],[105.8242437,21.0156258],[105.8242694,21.0156654]]]}},{"type":"Feature","properties":{"id":"OCD-00649","so_to":14,"so_thua":649,"dia_chi":"","dien_tich":38.5,"osm_id":1287451527},"geometry":{"type":"Polygon","coordinates":[[[105.824089,21.0155546],[105.8241454,21.0155283],[105.8241199,21.0154807],[105.8240636,21.015507],[105.824089,21.0155546]]]}},{"type":"Feature","properties":{"id":"OCD-00650","so_to":14,"so_thua":650,"dia_chi":"","dien_tich":113.9,"osm_id":1287451693},"geometry":{"type":"Polygon","coordinates":[[[105.8247536,21.0154325],[105.8248398,21.0153852],[105.824786,21.0152997],[105.8246998,21.0153469],[105.8247255,21.0153877],[105.8247536,21.0154325]]]}},{"type":"Feature","properties":{"id":"OCD-00651","so_to":14,"so_thua":651,"dia_chi":"","dien_tich":150.5,"osm_id":1287451752},"geometry":{"type":"Polygon","coordinates":[[[105.8238577,21.0157261],[105.8239549,21.0156735],[105.8238923,21.0155726],[105.8237951,21.0156252],[105.8238577,21.0157261]]]}},{"type":"Feature","properties":{"id":"OCD-00652","so_to":14,"so_thua":652,"dia_chi":"","dien_tich":159.5,"osm_id":1287451753},"geometry":{"type":"Polygon","coordinates":[[[105.8237457,21.0158137],[105.823849,21.0157561],[105.8237856,21.015657],[105.8236823,21.0157146],[105.8237457,21.0158137]]]}},{"type":"Feature","properties":{"id":"OCD-00653","so_to":14,"so_thua":653,"dia_chi":"","dien_tich":45.4,"osm_id":1287451899},"geometry":{"type":"Polygon","coordinates":[[[105.8236123,21.015594],[105.8237156,21.015544],[105.8236988,21.0155138],[105.8235955,21.0155639],[105.8236123,21.015594]]]}},{"type":"Feature","properties":{"id":"OCD-00654","so_to":14,"so_thua":654,"dia_chi":"","dien_tich":35,"osm_id":1287451900},"geometry":{"type":"Polygon","coordinates":[[[105.8237712,21.0155709],[105.8238503,21.0155327],[105.8238335,21.0155023],[105.8237544,21.0155405],[105.8237712,21.0155709]]]}},{"type":"Feature","properties":{"id":"OCD-00655","so_to":14,"so_thua":655,"dia_chi":"","dien_tich":51.1,"osm_id":1287451901},"geometry":{"type":"Polygon","coordinates":[[[105.8237947,21.0156084],[105.8239013,21.0155583],[105.8238833,21.015525],[105.8237767,21.0155751],[105.8237947,21.0156084]]]}},{"type":"Feature","properties":{"id":"OCD-00656","so_to":14,"so_thua":656,"dia_chi":"","dien_tich":78.2,"osm_id":1287451902},"geometry":{"type":"Polygon","coordinates":[[[105.8236485,21.0156497],[105.8237571,21.0155921],[105.8237283,21.0155447],[105.8236197,21.0156023],[105.8236485,21.0156497]]]}},{"type":"Feature","properties":{"id":"OCD-00657","so_to":14,"so_thua":657,"dia_chi":"","dien_tich":111.9,"osm_id":1287452927},"geometry":{"type":"Polygon","coordinates":[[[105.8237565,21.0155208],[105.8238503,21.0154763],[105.8238055,21.0153938],[105.8237116,21.0154383],[105.8237565,21.0155208]]]}},{"type":"Feature","properties":{"id":"OCD-00658","so_to":14,"so_thua":658,"dia_chi":"","dien_tich":33.8,"osm_id":1287453167},"geometry":{"type":"Polygon","coordinates":[[[105.8236384,21.015497],[105.8236934,21.0154745],[105.8236723,21.0154296],[105.8236173,21.0154521],[105.8236384,21.015497]]]}},{"type":"Feature","properties":{"id":"OCD-00659","so_to":14,"so_thua":659,"dia_chi":"","dien_tich":101.1,"osm_id":1287453515},"geometry":{"type":"Polygon","coordinates":[[[105.8241769,21.015989],[105.8242366,21.0159571],[105.8241685,21.0158461],[105.8241088,21.015878],[105.8241769,21.015989]]]}},{"type":"Feature","properties":{"id":"OCD-00660","so_to":14,"so_thua":660,"dia_chi":"","dien_tich":86.1,"osm_id":1287453528},"geometry":{"type":"Polygon","coordinates":[[[105.8242728,21.0159502],[105.8243311,21.015922],[105.8242749,21.0158206],[105.8242166,21.0158488],[105.8242728,21.0159502]]]}},{"type":"Feature","properties":{"id":"OCD-00661","so_to":14,"so_thua":661,"dia_chi":"","dien_tich":56.8,"osm_id":1287453763},"geometry":{"type":"Polygon","coordinates":[[[105.8245081,21.0158112],[105.8246174,21.015758],[105.8245976,21.0157224],[105.8244883,21.0157756],[105.8245081,21.0158112]]]}},{"type":"Feature","properties":{"id":"OCD-00662","so_to":14,"so_thua":662,"dia_chi":"","dien_tich":74.7,"osm_id":1287453764},"geometry":{"type":"Polygon","coordinates":[[[105.8245444,21.0158707],[105.8246483,21.0158194],[105.8246206,21.0157705],[105.8245166,21.0158218],[105.8245444,21.0158707]]]}},{"type":"Feature","properties":{"id":"OCD-00663","so_to":14,"so_thua":663,"dia_chi":"","dien_tich":92.4,"osm_id":1287453765},"geometry":{"type":"Polygon","coordinates":[[[105.8244853,21.0157705],[105.8246014,21.0157111],[105.82457,21.0156578],[105.824454,21.0157173],[105.8244853,21.0157705]]]}},{"type":"Feature","properties":{"id":"OCD-00664","so_to":14,"so_thua":664,"dia_chi":"","dien_tich":77.6,"osm_id":1287453767},"geometry":{"type":"Polygon","coordinates":[[[105.8243579,21.0159176],[105.8244384,21.0158795],[105.8244021,21.0158127],[105.8243216,21.0158509],[105.8243579,21.0159176]]]}},{"type":"Feature","properties":{"id":"OCD-00665","so_to":14,"so_thua":665,"dia_chi":"","dien_tich":60.1,"osm_id":1287453789},"geometry":{"type":"Polygon","coordinates":[[[105.8247127,21.0156604],[105.8247777,21.0156266],[105.8247411,21.0155652],[105.824676,21.015599],[105.8247127,21.0156604]]]}},{"type":"Feature","properties":{"id":"OCD-00666","so_to":14,"so_thua":666,"dia_chi":"","dien_tich":21,"osm_id":1287453913},"geometry":{"type":"Polygon","coordinates":[[[105.8243251,21.015626],[105.824366,21.0156009],[105.8243441,21.0155697],[105.8243032,21.0155948],[105.8243251,21.015626]]]}},{"type":"Feature","properties":{"id":"OCD-00667","so_to":14,"so_thua":667,"dia_chi":"","dien_tich":38.5,"osm_id":1287453914},"geometry":{"type":"Polygon","coordinates":[[[105.8239459,21.0155837],[105.8240025,21.015554],[105.8239755,21.015509],[105.8239188,21.0155387],[105.8239459,21.0155837]]]}},{"type":"Feature","properties":{"id":"OCD-00668","so_to":14,"so_thua":668,"dia_chi":"","dien_tich":63.5,"osm_id":1287506365},"geometry":{"type":"Polygon","coordinates":[[[105.8235367,21.0158698],[105.8234825,21.0157653],[105.8234396,21.0157846],[105.8234939,21.0158892],[105.8235367,21.0158698]]]}},{"type":"Feature","properties":{"id":"OCD-00669","so_to":14,"so_thua":669,"dia_chi":"","dien_tich":49,"osm_id":1287506438},"geometry":{"type":"Polygon","coordinates":[[[105.8240354,21.0162488],[105.8240864,21.0162244],[105.8240499,21.0161581],[105.823999,21.0161825],[105.8240354,21.0162488]]]}},{"type":"Feature","properties":{"id":"OCD-00670","so_to":14,"so_thua":670,"dia_chi":"","dien_tich":22.6,"osm_id":1287506439},"geometry":{"type":"Polygon","coordinates":[[[105.8240388,21.0163596],[105.824075,21.0163458],[105.8240547,21.0162993],[105.8240185,21.0163131],[105.8240388,21.0163596]]]}},{"type":"Feature","properties":{"id":"OCD-00671","so_to":14,"so_thua":671,"dia_chi":"","dien_tich":40.3,"osm_id":1287506475},"geometry":{"type":"Polygon","coordinates":[[[105.823914,21.016317],[105.8239327,21.0163569],[105.8240065,21.0163269],[105.8239878,21.016287],[105.823914,21.016317]]]}},{"type":"Feature","properties":{"id":"OCD-00672","so_to":14,"so_thua":672,"dia_chi":"","dien_tich":39.5,"osm_id":1287507006},"geometry":{"type":"Polygon","coordinates":[[[105.8245262,21.0165423],[105.8245638,21.0165229],[105.8245222,21.0164528],[105.8244847,21.0164722],[105.8245262,21.0165423]]]}},{"type":"Feature","properties":{"id":"OCD-00673","so_to":14,"so_thua":673,"dia_chi":"","dien_tich":93.5,"osm_id":1287507125},"geometry":{"type":"Polygon","coordinates":[[[105.8250023,21.0155609],[105.8250569,21.0156597],[105.825122,21.0156284],[105.8250674,21.0155296],[105.8250023,21.0155609]]]}},{"type":"Feature","properties":{"id":"OCD-00674","so_to":14,"so_thua":674,"dia_chi":"","dien_tich":248.7,"osm_id":1287507167},"geometry":{"type":"Polygon","coordinates":[[[105.8255522,21.0156128],[105.8256596,21.0155585],[105.825569,21.0154026],[105.8254617,21.0154569],[105.8255522,21.0156128]]]}},{"type":"Feature","properties":{"id":"OCD-00675","so_to":14,"so_thua":675,"dia_chi":"","dien_tich":86.8,"osm_id":1287507334},"geometry":{"type":"Polygon","coordinates":[[[105.8256638,21.0154119],[105.8257577,21.0153593],[105.8257197,21.0153001],[105.8256258,21.0153527],[105.8256638,21.0154119]]]}},{"type":"Feature","properties":{"id":"OCD-00676","so_to":14,"so_thua":676,"dia_chi":"","dien_tich":26.8,"osm_id":1287507335},"geometry":{"type":"Polygon","coordinates":[[[105.8257229,21.0152986],[105.8257383,21.0153222],[105.8258104,21.0152812],[105.8257949,21.0152576],[105.8257229,21.0152986]]]}},{"type":"Feature","properties":{"id":"OCD-00677","so_to":14,"so_thua":677,"dia_chi":"","dien_tich":246.2,"osm_id":1287507336},"geometry":{"type":"Polygon","coordinates":[[[105.8255106,21.0151884],[105.8255616,21.0152773],[105.825749,21.0151837],[105.825698,21.0150948],[105.8255106,21.0151884]]]}},{"type":"Feature","properties":{"id":"OCD-00678","so_to":14,"so_thua":678,"dia_chi":"","dien_tich":99.1,"osm_id":1287507600},"geometry":{"type":"Polygon","coordinates":[[[105.8253711,21.0168459],[105.8253941,21.0168859],[105.8255617,21.016802],[105.8255388,21.016762],[105.8253711,21.0168459]]]}},{"type":"Feature","properties":{"id":"OCD-00679","so_to":14,"so_thua":679,"dia_chi":"","dien_tich":166.4,"osm_id":1287507619},"geometry":{"type":"Polygon","coordinates":[[[105.8259358,21.0155677],[105.826037,21.015517],[105.8259731,21.0154059],[105.8258719,21.0154566],[105.8259358,21.0155677]]]}},{"type":"Feature","properties":{"id":"OCD-00680","so_to":14,"so_thua":680,"dia_chi":"","dien_tich":50.6,"osm_id":1287507620},"geometry":{"type":"Polygon","coordinates":[[[105.8258278,21.0155997],[105.825868,21.0155709],[105.8258115,21.015502],[105.8257712,21.0155308],[105.8258278,21.0155997]]]}},{"type":"Feature","properties":{"id":"OCD-00681","so_to":14,"so_thua":681,"dia_chi":"","dien_tich":93.4,"osm_id":1287507971},"geometry":{"type":"Polygon","coordinates":[[[105.8266774,21.0173993],[105.8267324,21.0173705],[105.8266648,21.017258],[105.8266098,21.0172868],[105.8266774,21.0173993]]]}},{"type":"Feature","properties":{"id":"OCD-00682","so_to":14,"so_thua":682,"dia_chi":"","dien_tich":199.7,"osm_id":1287507972},"geometry":{"type":"Polygon","coordinates":[[[105.8264521,21.0173792],[105.826586,21.0175437],[105.826653,21.0174961],[105.8265191,21.0173317],[105.8264521,21.0173792]]]}},{"type":"Feature","properties":{"id":"OCD-00683","so_to":14,"so_thua":683,"dia_chi":"","dien_tich":222.6,"osm_id":1287508235},"geometry":{"type":"Polygon","coordinates":[[[105.8261403,21.0177692],[105.8262958,21.0176941],[105.8262414,21.0175958],[105.8260858,21.0176709],[105.8261403,21.0177692]]]}},{"type":"Feature","properties":{"id":"OCD-00684","so_to":14,"so_thua":684,"dia_chi":"","dien_tich":301.6,"osm_id":1287508236},"geometry":{"type":"Polygon","coordinates":[[[105.8262476,21.01792],[105.8263947,21.0178543],[105.8263203,21.0177091],[105.8261731,21.0177748],[105.8262476,21.01792]]]}},{"type":"Feature","properties":{"id":"OCD-00685","so_to":14,"so_thua":685,"dia_chi":"","dien_tich":91.3,"osm_id":1287508273},"geometry":{"type":"Polygon","coordinates":[[[105.8258204,21.0182286],[105.8258657,21.0183048],[105.8259455,21.0182635],[105.8259002,21.0181873],[105.8258204,21.0182286]]]}},{"type":"Feature","properties":{"id":"OCD-00686","so_to":14,"so_thua":686,"dia_chi":"","dien_tich":54.3,"osm_id":1287508336},"geometry":{"type":"Polygon","coordinates":[[[105.8260404,21.0184665],[105.8260708,21.0184513],[105.8260018,21.0183305],[105.8259713,21.0183457],[105.8260404,21.0184665]]]}},{"type":"Feature","properties":{"id":"OCD-00687","so_to":14,"so_thua":687,"dia_chi":"","dien_tich":91.2,"osm_id":1287508442},"geometry":{"type":"Polygon","coordinates":[[[105.8256615,21.0180571],[105.8256825,21.0180922],[105.8258549,21.018002],[105.8258338,21.017967],[105.8256615,21.0180571]]]}},{"type":"Feature","properties":{"id":"OCD-00688","so_to":14,"so_thua":688,"dia_chi":"","dien_tich":51.8,"osm_id":1287508561},"geometry":{"type":"Polygon","coordinates":[[[105.8257158,21.0183957],[105.825749,21.0184459],[105.8258141,21.0184083],[105.8257809,21.0183582],[105.8257158,21.0183957]]]}},{"type":"Feature","properties":{"id":"OCD-00689","so_to":14,"so_thua":689,"dia_chi":"","dien_tich":71.7,"osm_id":1287508904},"geometry":{"type":"Polygon","coordinates":[[[105.8261228,21.0193196],[105.8261926,21.0194367],[105.8262333,21.0194156],[105.8261635,21.0192985],[105.8261228,21.0193196]]]}},{"type":"Feature","properties":{"id":"OCD-00690","so_to":14,"so_thua":690,"dia_chi":"","dien_tich":258.7,"osm_id":1287508905},"geometry":{"type":"Polygon","coordinates":[[[105.8259579,21.0194054],[105.8260299,21.0195298],[105.8261701,21.019459],[105.826098,21.0193347],[105.8259579,21.0194054]]]}},{"type":"Feature","properties":{"id":"OCD-00691","so_to":14,"so_thua":691,"dia_chi":"","dien_tich":263,"osm_id":1287509180},"geometry":{"type":"Polygon","coordinates":[[[105.8272239,21.0194555],[105.8273216,21.0196206],[105.8274278,21.0195659],[105.8273302,21.0194007],[105.8272239,21.0194555]]]}},{"type":"Feature","properties":{"id":"OCD-00692","so_to":14,"so_thua":692,"dia_chi":"","dien_tich":84.9,"osm_id":1287509181},"geometry":{"type":"Polygon","coordinates":[[[105.8270368,21.0195622],[105.827135,21.0197174],[105.8271703,21.019698],[105.8270721,21.0195427],[105.8270368,21.0195622]]]}},{"type":"Feature","properties":{"id":"OCD-00693","so_to":14,"so_thua":693,"dia_chi":"","dien_tich":79.1,"osm_id":1287509182},"geometry":{"type":"Polygon","coordinates":[[[105.8269791,21.0195969],[105.8270868,21.0197493],[105.8271183,21.0197299],[105.8270106,21.0195775],[105.8269791,21.0195969]]]}},{"type":"Feature","properties":{"id":"OCD-00694","so_to":14,"so_thua":694,"dia_chi":"","dien_tich":84.3,"osm_id":1287509183},"geometry":{"type":"Polygon","coordinates":[[[105.8269184,21.0196338],[105.827015,21.0197814],[105.8270512,21.0197607],[105.8269547,21.0196132],[105.8269184,21.0196338]]]}},{"type":"Feature","properties":{"id":"OCD-00695","so_to":14,"so_thua":695,"dia_chi":"72A Ngõ 64 Phố Nguyễn Lương Bằng","dien_tich":474.5,"osm_id":1287509220},"geometry":{"type":"Polygon","coordinates":[[[105.8268034,21.0180152],[105.826963,21.0182418],[105.8270903,21.0181636],[105.8269307,21.0179371],[105.8268034,21.0180152]]]}},{"type":"Feature","properties":{"id":"OCD-00696","so_to":14,"so_thua":696,"dia_chi":"","dien_tich":56.7,"osm_id":1287510125},"geometry":{"type":"Polygon","coordinates":[[[105.8274452,21.0172728],[105.8274701,21.017319],[105.8275553,21.017279],[105.8275303,21.0172328],[105.8274452,21.0172728]]]}},{"type":"Feature","properties":{"id":"OCD-00697","so_to":14,"so_thua":697,"dia_chi":"","dien_tich":61.2,"osm_id":1287510126},"geometry":{"type":"Polygon","coordinates":[[[105.8274847,21.0173492],[105.8275132,21.0173977],[105.8275977,21.0173545],[105.8275692,21.017306],[105.8274847,21.0173492]]]}},{"type":"Feature","properties":{"id":"OCD-00698","so_to":14,"so_thua":698,"dia_chi":"","dien_tich":86.7,"osm_id":1287510127},"geometry":{"type":"Polygon","coordinates":[[[105.8276785,21.0173204],[105.8277177,21.0173848],[105.8278063,21.0173379],[105.827767,21.0172734],[105.8276785,21.0173204]]]}},{"type":"Feature","properties":{"id":"OCD-00699","so_to":14,"so_thua":699,"dia_chi":"","dien_tich":105.1,"osm_id":1287510128},"geometry":{"type":"Polygon","coordinates":[[[105.8276215,21.0172346],[105.8276718,21.0173122],[105.8277581,21.0172635],[105.8277078,21.0171859],[105.8276215,21.0172346]]]}},{"type":"Feature","properties":{"id":"OCD-00700","so_to":14,"so_thua":700,"dia_chi":"","dien_tich":47,"osm_id":1287510129},"geometry":{"type":"Polygon","coordinates":[[[105.8277402,21.0174018],[105.8277684,21.0174422],[105.8278395,21.017399],[105.8278113,21.0173586],[105.8277402,21.0174018]]]}},{"type":"Feature","properties":{"id":"OCD-00701","so_to":14,"so_thua":701,"dia_chi":"","dien_tich":81,"osm_id":1287510130},"geometry":{"type":"Polygon","coordinates":[[[105.8275685,21.0175395],[105.8276825,21.0174888],[105.8276568,21.0174384],[105.8275428,21.0174891],[105.8275685,21.0175395]]]}},{"type":"Feature","properties":{"id":"OCD-00702","so_to":14,"so_thua":702,"dia_chi":"","dien_tich":79.2,"osm_id":1287510239},"geometry":{"type":"Polygon","coordinates":[[[105.8277154,21.0168972],[105.8277517,21.0169554],[105.8278402,21.0169072],[105.8278039,21.0168491],[105.8277154,21.0168972]]]}},{"type":"Feature","properties":{"id":"OCD-00703","so_to":14,"so_thua":703,"dia_chi":"","dien_tich":49.4,"osm_id":1287510423},"geometry":{"type":"Polygon","coordinates":[[[105.8273848,21.0171871],[105.8274633,21.0171483],[105.827439,21.0171055],[105.8273605,21.0171443],[105.8273848,21.0171871]]]}},{"type":"Feature","properties":{"id":"OCD-00704","so_to":14,"so_thua":704,"dia_chi":"","dien_tich":69.8,"osm_id":1287510424},"geometry":{"type":"Polygon","coordinates":[[[105.8274666,21.0169755],[105.8275169,21.0170581],[105.8275725,21.0170287],[105.8275222,21.016946],[105.8274666,21.0169755]]]}},{"type":"Feature","properties":{"id":"OCD-00705","so_to":14,"so_thua":705,"dia_chi":"","dien_tich":26.1,"osm_id":1287510425},"geometry":{"type":"Polygon","coordinates":[[[105.8276215,21.0171752],[105.8276846,21.0171414],[105.8276679,21.0171143],[105.8276049,21.0171481],[105.8276215,21.0171752]]]}},{"type":"Feature","properties":{"id":"OCD-00706","so_to":14,"so_thua":706,"dia_chi":"","dien_tich":105.3,"osm_id":1287510581},"geometry":{"type":"Polygon","coordinates":[[[105.8278086,21.0172152],[105.8279789,21.0171382],[105.8279563,21.0170946],[105.827786,21.0171716],[105.8278086,21.0172152]]]}},{"type":"Feature","properties":{"id":"OCD-00707","so_to":14,"so_thua":707,"dia_chi":"","dien_tich":165.1,"osm_id":1287510582},"geometry":{"type":"Polygon","coordinates":[[[105.8278475,21.0171351],[105.8279514,21.0170888],[105.8278938,21.0169761],[105.8277899,21.0170224],[105.8278475,21.0171351]]]}},{"type":"Feature","properties":{"id":"OCD-00708","so_to":14,"so_thua":708,"dia_chi":"","dien_tich":62.6,"osm_id":1287510877},"geometry":{"type":"Polygon","coordinates":[[[105.8276671,21.0170525],[105.827759,21.0170068],[105.8277326,21.0169606],[105.8276407,21.0170063],[105.8276671,21.0170525]]]}},{"type":"Feature","properties":{"id":"OCD-00709","so_to":14,"so_thua":709,"dia_chi":"","dien_tich":64.9,"osm_id":1287511466},"geometry":{"type":"Polygon","coordinates":[[[105.8273976,21.0193234],[105.8274485,21.0192983],[105.8273996,21.0192115],[105.8273486,21.0192366],[105.8273976,21.0193234]]]}},{"type":"Feature","properties":{"id":"OCD-00710","so_to":14,"so_thua":710,"dia_chi":"","dien_tich":111,"osm_id":1287511467},"geometry":{"type":"Polygon","coordinates":[[[105.8271562,21.0194611],[105.8272138,21.0194373],[105.8271475,21.0192971],[105.8270898,21.0193209],[105.8271562,21.0194611]]]}},{"type":"Feature","properties":{"id":"OCD-00711","so_to":14,"so_thua":711,"dia_chi":"","dien_tich":324.5,"osm_id":1287511469},"geometry":{"type":"Polygon","coordinates":[[[105.8243613,21.0210585],[105.824414,21.0211515],[105.8246513,21.0210345],[105.8245987,21.0209414],[105.8243613,21.0210585]]]}},{"type":"Feature","properties":{"id":"OCD-00712","so_to":14,"so_thua":712,"dia_chi":"","dien_tich":48.4,"osm_id":1287511511},"geometry":{"type":"Polygon","coordinates":[[[105.8240025,21.0204319],[105.8240642,21.0205014],[105.8241001,21.0204736],[105.8240384,21.0204041],[105.8240025,21.0204319]]]}},{"type":"Feature","properties":{"id":"OCD-00713","so_to":14,"so_thua":713,"dia_chi":"","dien_tich":170.4,"osm_id":1287511512},"geometry":{"type":"Polygon","coordinates":[[[105.8238604,21.0207637],[105.8239254,21.0207036],[105.8238032,21.0205883],[105.8237382,21.0206484],[105.8238604,21.0207637]]]}},{"type":"Feature","properties":{"id":"OCD-00714","so_to":14,"so_thua":714,"dia_chi":"","dien_tich":24.8,"osm_id":1287511668},"geometry":{"type":"Polygon","coordinates":[[[105.8241038,21.0198448],[105.8241248,21.0198732],[105.8241764,21.01984],[105.8241554,21.0198116],[105.8241038,21.0198448]]]}},{"type":"Feature","properties":{"id":"OCD-00715","so_to":14,"so_thua":715,"dia_chi":"","dien_tich":44.4,"osm_id":1287511669},"geometry":{"type":"Polygon","coordinates":[[[105.8240213,21.0197797],[105.8240414,21.0198098],[105.824134,21.019756],[105.8241139,21.0197259],[105.8240213,21.0197797]]]}},{"type":"Feature","properties":{"id":"OCD-00716","so_to":14,"so_thua":716,"dia_chi":"","dien_tich":163.3,"osm_id":1287512012},"geometry":{"type":"Polygon","coordinates":[[[105.8231597,21.0216381],[105.8233045,21.0215774],[105.8232652,21.0214957],[105.8231204,21.0215564],[105.8231597,21.0216381]]]}},{"type":"Feature","properties":{"id":"OCD-00717","so_to":14,"so_thua":717,"dia_chi":"","dien_tich":50.6,"osm_id":1287512345},"geometry":{"type":"Polygon","coordinates":[[[105.8215503,21.0216406],[105.8215641,21.0216772],[105.8216713,21.0216421],[105.8216576,21.0216055],[105.8215503,21.0216406]]]}},{"type":"Feature","properties":{"id":"OCD-00718","so_to":14,"so_thua":718,"dia_chi":"","dien_tich":392.3,"osm_id":1287512802},"geometry":{"type":"Polygon","coordinates":[[[105.8209059,21.0223917],[105.8209517,21.0225193],[105.8211924,21.0224442],[105.8211467,21.0223166],[105.8209059,21.0223917]]]}},{"type":"Feature","properties":{"id":"OCD-00719","so_to":14,"so_thua":719,"dia_chi":"","dien_tich":111.3,"osm_id":1287512803},"geometry":{"type":"Polygon","coordinates":[[[105.820743,21.0226014],[105.8208043,21.0225822],[105.8207533,21.0224401],[105.820692,21.0224593],[105.820743,21.0226014]]]}},{"type":"Feature","properties":{"id":"OCD-00720","so_to":14,"so_thua":720,"dia_chi":"","dien_tich":70.2,"osm_id":1287512898},"geometry":{"type":"Polygon","coordinates":[[[105.8214015,21.0213915],[105.8214202,21.0214729],[105.821492,21.0214585],[105.8214732,21.0213771],[105.8214015,21.0213915]]]}},{"type":"Feature","properties":{"id":"OCD-00721","so_to":14,"so_thua":721,"dia_chi":"","dien_tich":71.4,"osm_id":1287513952},"geometry":{"type":"Polygon","coordinates":[[[105.8232415,21.0160453],[105.8232923,21.0160203],[105.8232383,21.0159245],[105.8231875,21.0159495],[105.8232415,21.0160453]]]}},{"type":"Feature","properties":{"id":"OCD-00722","so_to":14,"so_thua":722,"dia_chi":"","dien_tich":40.9,"osm_id":1287926805},"geometry":{"type":"Polygon","coordinates":[[[105.8329733,21.0235751],[105.833028,21.0235462],[105.833054,21.023589],[105.8330389,21.023597],[105.8330485,21.0236129],[105.8330267,21.0236244],[105.8330172,21.0236088],[105.8329994,21.0236182],[105.8329733,21.0235751]]]}},{"type":"Feature","properties":{"id":"OCD-00723","so_to":14,"so_thua":723,"dia_chi":"","dien_tich":77,"osm_id":1288206333},"geometry":{"type":"Polygon","coordinates":[[[105.8234347,21.0146436],[105.8234962,21.0146891],[105.8235194,21.0146617],[105.823508,21.0146533],[105.8235492,21.0146047],[105.8234992,21.0145676],[105.8234347,21.0146436]]]}},{"type":"Feature","properties":{"id":"OCD-00724","so_to":14,"so_thua":724,"dia_chi":"","dien_tich":44.8,"osm_id":1288206334},"geometry":{"type":"Polygon","coordinates":[[[105.8234347,21.0147429],[105.8234841,21.0146943],[105.8235277,21.014733],[105.8235029,21.0147573],[105.8235002,21.0147549],[105.8234755,21.0147791],[105.8234347,21.0147429]]]}},{"type":"Feature","properties":{"id":"OCD-00725","so_to":14,"so_thua":725,"dia_chi":"","dien_tich":43.1,"osm_id":1288206335},"geometry":{"type":"Polygon","coordinates":[[[105.8233191,21.0147874],[105.8233681,21.0148267],[105.8234087,21.0147827],[105.8233597,21.0147433],[105.8233191,21.0147874]]]}},{"type":"Feature","properties":{"id":"OCD-00726","so_to":14,"so_thua":726,"dia_chi":"","dien_tich":35.6,"osm_id":1288206336},"geometry":{"type":"Polygon","coordinates":[[[105.8235307,21.0149284],[105.8235665,21.0149562],[105.8236121,21.0149051],[105.8235762,21.0148773],[105.8235307,21.0149284]]]}},{"type":"Feature","properties":{"id":"OCD-00727","so_to":14,"so_thua":727,"dia_chi":"","dien_tich":11.4,"osm_id":1288206337},"geometry":{"type":"Polygon","coordinates":[[[105.8235074,21.0149015],[105.8235315,21.0149192],[105.823553,21.0148938],[105.8235288,21.0148761],[105.8235074,21.0149015]]]}},{"type":"Feature","properties":{"id":"OCD-00728","so_to":14,"so_thua":728,"dia_chi":"","dien_tich":131.1,"osm_id":1288206338},"geometry":{"type":"Polygon","coordinates":[[[105.8234999,21.0147567],[105.8235057,21.0147614],[105.8235326,21.0147324],[105.8235812,21.0147717],[105.8234669,21.0148947],[105.8234126,21.0148507],[105.8234999,21.0147567]]]}},{"type":"Feature","properties":{"id":"OCD-00729","so_to":14,"so_thua":729,"dia_chi":"","dien_tich":35.6,"osm_id":1288206339},"geometry":{"type":"Polygon","coordinates":[[[105.8235244,21.014838],[105.8235697,21.0148752],[105.8236176,21.0148242],[105.8235993,21.0148092],[105.8235798,21.0148299],[105.8235528,21.0148078],[105.8235244,21.014838]]]}},{"type":"Feature","properties":{"id":"OCD-00730","so_to":14,"so_thua":730,"dia_chi":"","dien_tich":22.8,"osm_id":1288206340},"geometry":{"type":"Polygon","coordinates":[[[105.8235775,21.0148697],[105.8236284,21.0149119],[105.8236491,21.01489],[105.8235981,21.0148479],[105.8235775,21.0148697]]]}},{"type":"Feature","properties":{"id":"OCD-00731","so_to":14,"so_thua":731,"dia_chi":"","dien_tich":15.2,"osm_id":1288206341},"geometry":{"type":"Polygon","coordinates":[[[105.8236033,21.0148469],[105.8236422,21.0148773],[105.8236601,21.0148574],[105.8236213,21.0148269],[105.8236033,21.0148469]]]}},{"type":"Feature","properties":{"id":"OCD-00732","so_to":14,"so_thua":732,"dia_chi":"","dien_tich":9.6,"osm_id":1288206342},"geometry":{"type":"Polygon","coordinates":[[[105.8235558,21.0148072],[105.8235789,21.0148258],[105.8235982,21.0148051],[105.823575,21.0147864],[105.8235558,21.0148072]]]}},{"type":"Feature","properties":{"id":"OCD-00733","so_to":14,"so_thua":733,"dia_chi":"","dien_tich":30.7,"osm_id":1288206343},"geometry":{"type":"Polygon","coordinates":[[[105.8235784,21.0147831],[105.8236694,21.0148625],[105.8236851,21.0148468],[105.8235941,21.0147674],[105.8235784,21.0147831]]]}},{"type":"Feature","properties":{"id":"OCD-00734","so_to":14,"so_thua":734,"dia_chi":"","dien_tich":33.2,"osm_id":1288206344},"geometry":{"type":"Polygon","coordinates":[[[105.8235959,21.014764],[105.8236923,21.0148472],[105.8237083,21.0148311],[105.8236119,21.0147478],[105.8235959,21.014764]]]}},{"type":"Feature","properties":{"id":"OCD-00735","so_to":14,"so_thua":735,"dia_chi":"","dien_tich":95.1,"osm_id":1288206345},"geometry":{"type":"Polygon","coordinates":[[[105.8236437,21.0146721],[105.8237053,21.0147214],[105.8237765,21.014644],[105.8237149,21.0145947],[105.8236437,21.0146721]]]}},{"type":"Feature","properties":{"id":"OCD-00736","so_to":14,"so_thua":736,"dia_chi":"","dien_tich":78.6,"osm_id":1288206346},"geometry":{"type":"Polygon","coordinates":[[[105.8235036,21.014564],[105.8235568,21.0146043],[105.8236242,21.0145266],[105.8235709,21.0144864],[105.8235036,21.014564]]]}},{"type":"Feature","properties":{"id":"OCD-00737","so_to":14,"so_thua":737,"dia_chi":"","dien_tich":29.4,"osm_id":1288206347},"geometry":{"type":"Polygon","coordinates":[[[105.8236342,21.0146217],[105.8236633,21.0146449],[105.8237098,21.014594],[105.8236806,21.0145708],[105.8236342,21.0146217]]]}},{"type":"Feature","properties":{"id":"OCD-00738","so_to":14,"so_thua":738,"dia_chi":"","dien_tich":15,"osm_id":1288206348},"geometry":{"type":"Polygon","coordinates":[[[105.8233793,21.014708],[105.8234006,21.0146841],[105.8234328,21.0147091],[105.8234114,21.0147331],[105.8233793,21.014708]]]}},{"type":"Feature","properties":{"id":"OCD-00739","so_to":14,"so_thua":739,"dia_chi":"","dien_tich":9.2,"osm_id":1288206349},"geometry":{"type":"Polygon","coordinates":[[[105.8234127,21.014691],[105.823436,21.0147077],[105.8234539,21.014686],[105.8234305,21.0146693],[105.8234127,21.014691]]]}},{"type":"Feature","properties":{"id":"OCD-00740","so_to":14,"so_thua":740,"dia_chi":"","dien_tich":21.8,"osm_id":1288206350},"geometry":{"type":"Polygon","coordinates":[[[105.8233592,21.0147392],[105.8234072,21.0147766],[105.823428,21.0147534],[105.82338,21.0147159],[105.8233592,21.0147392]]]}},{"type":"Feature","properties":{"id":"OCD-00741","so_to":14,"so_thua":741,"dia_chi":"","dien_tich":52.7,"osm_id":1288206351},"geometry":{"type":"Polygon","coordinates":[[[105.8235334,21.0147127],[105.8235946,21.0146454],[105.8236342,21.0146767],[105.8235729,21.0147441],[105.8235334,21.0147127]]]}},{"type":"Feature","properties":{"id":"OCD-00742","so_to":14,"so_thua":742,"dia_chi":"","dien_tich":10.2,"osm_id":1288206352},"geometry":{"type":"Polygon","coordinates":[[[105.8235981,21.0147187],[105.8236167,21.014733],[105.8236417,21.0147046],[105.8236231,21.0146903],[105.8235981,21.0147187]]]}},{"type":"Feature","properties":{"id":"OCD-00743","so_to":14,"so_thua":743,"dia_chi":"","dien_tich":9.9,"osm_id":1288206353},"geometry":{"type":"Polygon","coordinates":[[[105.8236503,21.0147278],[105.8236708,21.0147446],[105.8236932,21.0147207],[105.8236726,21.014704],[105.8236503,21.0147278]]]}},{"type":"Feature","properties":{"id":"OCD-00744","so_to":14,"so_thua":744,"dia_chi":"","dien_tich":31.4,"osm_id":1288206354},"geometry":{"type":"Polygon","coordinates":[[[105.8236615,21.0147773],[105.8237143,21.0148259],[105.8237421,21.0147997],[105.8236892,21.014751],[105.8236615,21.0147773]]]}},{"type":"Feature","properties":{"id":"OCD-00745","so_to":14,"so_thua":745,"dia_chi":"","dien_tich":22.7,"osm_id":1288206355},"geometry":{"type":"Polygon","coordinates":[[[105.8236196,21.0147443],[105.8236598,21.0147787],[105.823696,21.0147417],[105.8236845,21.0147319],[105.8236706,21.0147461],[105.8236418,21.0147216],[105.8236196,21.0147443]]]}},{"type":"Feature","properties":{"id":"OCD-00746","so_to":14,"so_thua":746,"dia_chi":"","dien_tich":19.8,"osm_id":1288206356},"geometry":{"type":"Polygon","coordinates":[[[105.8237132,21.0147144],[105.8237481,21.014745],[105.8237648,21.0147284],[105.8237595,21.0147238],[105.8237709,21.0147124],[105.8237413,21.0146864],[105.8237132,21.0147144]]]}},{"type":"Feature","properties":{"id":"OCD-00747","so_to":14,"so_thua":747,"dia_chi":"","dien_tich":14.2,"osm_id":1288206357},"geometry":{"type":"Polygon","coordinates":[[[105.8237566,21.014757],[105.8237786,21.0147739],[105.823798,21.0147518],[105.8237881,21.0147442],[105.8237969,21.0147342],[105.8237754,21.0147178],[105.8237631,21.0147318],[105.8237724,21.014739],[105.8237566,21.014757]]]}},{"type":"Feature","properties":{"id":"OCD-00748","so_to":14,"so_thua":748,"dia_chi":"","dien_tich":92.1,"osm_id":1288206358},"geometry":{"type":"Polygon","coordinates":[[[105.8234963,21.0146911],[105.8235306,21.0146539],[105.8235211,21.0146463],[105.823625,21.0145333],[105.8236684,21.0145681],[105.8236417,21.0145972],[105.8236223,21.0145816],[105.8235796,21.014628],[105.8235903,21.0146366],[105.8235215,21.0147113],[105.8234963,21.0146911]]]}},{"type":"Feature","properties":{"id":"OCD-00749","so_to":14,"so_thua":749,"dia_chi":"","dien_tich":11.3,"osm_id":1288206359},"geometry":{"type":"Polygon","coordinates":[[[105.8237493,21.0146848],[105.823769,21.0147013],[105.8237955,21.0146735],[105.8237758,21.0146571],[105.8237625,21.014671],[105.8237493,21.0146848]]]}},{"type":"Feature","properties":{"id":"OCD-00750","so_to":15,"so_thua":750,"dia_chi":"","dien_tich":95.3,"osm_id":1288862635},"geometry":{"type":"Polygon","coordinates":[[[105.8239931,21.0238444],[105.8241326,21.0237988],[105.8241525,21.0238518],[105.8240129,21.0238973],[105.8239931,21.0238444]]]}},{"type":"Feature","properties":{"id":"OCD-00751","so_to":15,"so_thua":751,"dia_chi":"","dien_tich":288.6,"osm_id":1288862637},"geometry":{"type":"Polygon","coordinates":[[[105.8231851,21.0250793],[105.8232939,21.0250446],[105.8232367,21.0248882],[105.8232189,21.0248939],[105.8232143,21.0248813],[105.8231712,21.024895],[105.8231613,21.0248679],[105.8230941,21.0248894],[105.8231519,21.0250472],[105.8231711,21.025041],[105.8231851,21.0250793]]]}},{"type":"Feature","properties":{"id":"OCD-00752","so_to":15,"so_thua":752,"dia_chi":"","dien_tich":121.5,"osm_id":1296771099},"geometry":{"type":"Polygon","coordinates":[[[105.8248368,21.0229354],[105.8247918,21.022803],[105.8247192,21.0228245],[105.8247642,21.0229569],[105.8248368,21.0229354]]]}},{"type":"Feature","properties":{"id":"OCD-00753","so_to":15,"so_thua":753,"dia_chi":"","dien_tich":186.9,"osm_id":1296771100},"geometry":{"type":"Polygon","coordinates":[[[105.824897,21.0230062],[105.825037,21.0229617],[105.8250101,21.0228879],[105.8249739,21.0228994],[105.8249493,21.0228324],[105.8248867,21.0228523],[105.8249108,21.0229182],[105.8248696,21.0229313],[105.824897,21.0230062]]]}},{"type":"Feature","properties":{"id":"OCD-00754","so_to":15,"so_thua":754,"dia_chi":"","dien_tich":115.1,"osm_id":1296771101},"geometry":{"type":"Polygon","coordinates":[[[105.8250429,21.0228776],[105.8251133,21.0228559],[105.825068,21.0227275],[105.8249976,21.0227492],[105.8250429,21.0228776]]]}},{"type":"Feature","properties":{"id":"OCD-00755","so_to":15,"so_thua":755,"dia_chi":"","dien_tich":133.5,"osm_id":1296771102},"geometry":{"type":"Polygon","coordinates":[[[105.8248327,21.0227956],[105.8249531,21.0227586],[105.824928,21.0226876],[105.8249015,21.0226957],[105.8248914,21.0226672],[105.824825,21.0226876],[105.8248346,21.0227147],[105.8248071,21.0227231],[105.8248327,21.0227956]]]}},{"type":"Feature","properties":{"id":"OCD-00756","so_to":15,"so_thua":756,"dia_chi":"","dien_tich":89.9,"osm_id":1296771103},"geometry":{"type":"Polygon","coordinates":[[[105.8246377,21.0227455],[105.8247749,21.0227013],[105.8247561,21.0226503],[105.8246188,21.0226946],[105.8246377,21.0227455]]]}},{"type":"Feature","properties":{"id":"OCD-00757","so_to":15,"so_thua":757,"dia_chi":"","dien_tich":68,"osm_id":1296771104},"geometry":{"type":"Polygon","coordinates":[[[105.8245756,21.0228608],[105.8246435,21.0228405],[105.8246164,21.0227614],[105.8245485,21.0227817],[105.8245756,21.0228608]]]}},{"type":"Feature","properties":{"id":"OCD-00758","so_to":15,"so_thua":758,"dia_chi":"","dien_tich":106.3,"osm_id":1296771105},"geometry":{"type":"Polygon","coordinates":[[[105.8245799,21.0228763],[105.8246236,21.022999],[105.8246915,21.022978],[105.8246478,21.0228552],[105.8245799,21.0228763]]]}},{"type":"Feature","properties":{"id":"OCD-00759","so_to":15,"so_thua":759,"dia_chi":"","dien_tich":82.9,"osm_id":1296771106},"geometry":{"type":"Polygon","coordinates":[[[105.8249446,21.0230495],[105.8250514,21.02302],[105.8250711,21.0230821],[105.8249643,21.0231116],[105.8249446,21.0230495]]]}},{"type":"Feature","properties":{"id":"OCD-00760","so_to":15,"so_thua":760,"dia_chi":"Ngõ 45 Phố Hào Nam","dien_tich":795,"osm_id":1296771109},"geometry":{"type":"Polygon","coordinates":[[[105.8251165,21.0232327],[105.8251655,21.023221],[105.825463,21.0231502],[105.8255136,21.0231381],[105.8255036,21.0231017],[105.8255893,21.0230812],[105.8256299,21.0232296],[105.8252609,21.0233176],[105.8252549,21.0232957],[105.8250572,21.0233427],[105.8250237,21.0232199],[105.8251075,21.0232],[105.8251165,21.0232327]]]}},{"type":"Feature","properties":{"id":"OCD-00761","so_to":15,"so_thua":761,"dia_chi":"","dien_tich":1034.2,"osm_id":1296771110},"geometry":{"type":"Polygon","coordinates":[[[105.8253858,21.0258448],[105.8254004,21.025877],[105.825382,21.0258843],[105.8254083,21.0259425],[105.8254993,21.0259066],[105.8255207,21.025954],[105.8255625,21.0259375],[105.8255576,21.0259266],[105.8255818,21.0259171],[105.8255872,21.025929],[105.8256293,21.0259125],[105.8256217,21.0258956],[105.8256549,21.0258826],[105.8256403,21.0258502],[105.8257137,21.0258214],[105.8257341,21.0258666],[105.8257805,21.0258483],[105.825776,21.0258384],[105.825796,21.0258306],[105.8258012,21.0258422],[105.8258366,21.0258283],[105.8258268,21.0258065],[105.8258547,21.0257956],[105.8258422,21.0257678],[105.8259257,21.0257351],[105.8259436,21.0257751],[105.8260331,21.02574],[105.8260226,21.0257166],[105.8260577,21.0257029],[105.8260393,21.0256618],[105.8260548,21.0256557],[105.8260333,21.0256077],[105.8259368,21.0256455],[105.8259146,21.0255963],[105.8258805,21.0256097],[105.8258861,21.0256222],[105.8258588,21.0256329],[105.8258531,21.0256202],[105.8258168,21.0256344],[105.8258333,21.025671],[105.8257277,21.0257125],[105.8257169,21.0256885],[105.8256878,21.0256999],[105.8256972,21.0257208],[105.8256654,21.0257333],[105.8256557,21.0257119],[105.8256148,21.025728],[105.8256303,21.0257623],[105.8255133,21.0258084],[105.8254986,21.0257759],[105.8254118,21.0258101],[105.8254212,21.0258309],[105.8253858,21.0258448]]]}},{"type":"Feature","properties":{"id":"OCD-00762","so_to":15,"so_thua":762,"dia_chi":"","dien_tich":536.6,"osm_id":1296771111},"geometry":{"type":"Polygon","coordinates":[[[105.8256593,21.0261251],[105.8256948,21.0262024],[105.8262049,21.0259981],[105.8261693,21.0259207],[105.8256593,21.0261251]]]}},{"type":"Feature","properties":{"id":"OCD-00763","so_to":15,"so_thua":763,"dia_chi":"","dien_tich":551.6,"osm_id":1296771112},"geometry":{"type":"Polygon","coordinates":[[[105.8257681,21.0263621],[105.8262743,21.0261579],[105.8263113,21.0262379],[105.8258051,21.026442],[105.8257681,21.0263621]]]}},{"type":"Feature","properties":{"id":"OCD-00764","so_to":15,"so_thua":764,"dia_chi":"","dien_tich":729.1,"osm_id":1296771113},"geometry":{"type":"Polygon","coordinates":[[[105.8257667,21.0266322],[105.8263853,21.0263903],[105.8264266,21.0264824],[105.8263651,21.0265064],[105.8263562,21.0264866],[105.8263226,21.0264998],[105.8263309,21.0265183],[105.8262184,21.0265623],[105.8262091,21.0265417],[105.8261697,21.0265572],[105.8261785,21.0265769],[105.8260651,21.0266213],[105.8260573,21.0266038],[105.8260199,21.0266184],[105.8260286,21.0266376],[105.8259167,21.0266814],[105.8259097,21.0266657],[105.8258738,21.0266797],[105.8258828,21.0266999],[105.8258099,21.0267284],[105.8257667,21.0266322]]]}},{"type":"Feature","properties":{"id":"OCD-00765","so_to":15,"so_thua":765,"dia_chi":"","dien_tich":420.3,"osm_id":1296771114},"geometry":{"type":"Polygon","coordinates":[[[105.8259591,21.0274347],[105.8260212,21.027363],[105.8257125,21.02713],[105.8256504,21.0272016],[105.8259591,21.0274347]]]}},{"type":"Feature","properties":{"id":"OCD-00766","so_to":15,"so_thua":766,"dia_chi":"","dien_tich":519.6,"osm_id":1296771115},"geometry":{"type":"Polygon","coordinates":[[[105.8259578,21.0276717],[105.8259205,21.0276447],[105.8259884,21.0275632],[105.826064,21.027618],[105.8261374,21.0275299],[105.8260939,21.0274983],[105.8261335,21.0274508],[105.8262641,21.0275456],[105.8260762,21.0277711],[105.8259508,21.0276801],[105.8259578,21.0276717]]]}},{"type":"Feature","properties":{"id":"OCD-00767","so_to":15,"so_thua":767,"dia_chi":"","dien_tich":616.5,"osm_id":1296771116},"geometry":{"type":"Polygon","coordinates":[[[105.8253759,21.0273455],[105.825317,21.0274136],[105.8257948,21.0277735],[105.8258536,21.0277056],[105.8253759,21.0273455]]]}},{"type":"Feature","properties":{"id":"OCD-00768","so_to":15,"so_thua":768,"dia_chi":"","dien_tich":1050.9,"osm_id":1296771117},"geometry":{"type":"Polygon","coordinates":[[[105.8245236,21.0271695],[105.8245911,21.0271013],[105.8244308,21.026963],[105.824442,21.0269518],[105.824136,21.0266878],[105.8241459,21.0266778],[105.8240644,21.0266074],[105.8240537,21.0266182],[105.8239373,21.0265178],[105.8238585,21.0265973],[105.8241219,21.0268247],[105.8241327,21.0268137],[105.8243916,21.0270371],[105.8243817,21.0270471],[105.8245236,21.0271695]]]}},{"type":"Feature","properties":{"id":"OCD-00769","so_to":15,"so_thua":769,"dia_chi":"","dien_tich":929.3,"osm_id":1296771119},"geometry":{"type":"Polygon","coordinates":[[[105.8250961,21.0266229],[105.8253831,21.0268638],[105.825477,21.0267663],[105.8253481,21.0264959],[105.8252779,21.026437],[105.8252099,21.0265076],[105.825195,21.0264952],[105.8251385,21.026554],[105.8251518,21.0265651],[105.8250961,21.0266229]]]}},{"type":"Feature","properties":{"id":"OCD-00770","so_to":15,"so_thua":770,"dia_chi":"","dien_tich":105,"osm_id":1296771123},"geometry":{"type":"Polygon","coordinates":[[[105.8264784,21.0274312],[105.8265092,21.0273726],[105.8263833,21.0273152],[105.8263525,21.0273738],[105.8264784,21.0274312]]]}},{"type":"Feature","properties":{"id":"OCD-00771","so_to":15,"so_thua":771,"dia_chi":"","dien_tich":62.7,"osm_id":1296771124},"geometry":{"type":"Polygon","coordinates":[[[105.826541,21.0273855],[105.8265116,21.0274436],[105.8265884,21.0274774],[105.8266178,21.0274193],[105.826541,21.0273855]]]}},{"type":"Feature","properties":{"id":"OCD-00772","so_to":15,"so_thua":772,"dia_chi":"","dien_tich":121.1,"osm_id":1296771125},"geometry":{"type":"Polygon","coordinates":[[[105.8264788,21.0271229],[105.8266115,21.0271881],[105.8266466,21.0271259],[105.8265139,21.0270607],[105.8264788,21.0271229]]]}},{"type":"Feature","properties":{"id":"OCD-00773","so_to":15,"so_thua":773,"dia_chi":"","dien_tich":450.8,"osm_id":1296771126},"geometry":{"type":"Polygon","coordinates":[[[105.8254922,21.0278557],[105.8255526,21.0277845],[105.8252138,21.0275341],[105.8251534,21.0276053],[105.8254922,21.0278557]]]}},{"type":"Feature","properties":{"id":"OCD-00774","so_to":15,"so_thua":774,"dia_chi":"","dien_tich":452.8,"osm_id":1296771127},"geometry":{"type":"Polygon","coordinates":[[[105.8254922,21.0278557],[105.8254619,21.0278932],[105.8256254,21.0280112],[105.8257504,21.0278603],[105.8255869,21.0277423],[105.8255526,21.0277845],[105.8254922,21.0278557]]]}},{"type":"Feature","properties":{"id":"OCD-00775","so_to":15,"so_thua":775,"dia_chi":"","dien_tich":387.6,"osm_id":1296771128},"geometry":{"type":"Polygon","coordinates":[[[105.8251534,21.0276053],[105.8251103,21.0276547],[105.8251848,21.0277107],[105.8251325,21.0277714],[105.8249838,21.0276597],[105.8251694,21.0274445],[105.8252435,21.0275002],[105.8252138,21.0275341],[105.8251534,21.0276053]]]}},{"type":"Feature","properties":{"id":"OCD-00776","so_to":15,"so_thua":776,"dia_chi":"","dien_tich":273.9,"osm_id":1296771129},"geometry":{"type":"Polygon","coordinates":[[[105.8239973,21.0263463],[105.8240659,21.0262771],[105.8240443,21.0262584],[105.8240507,21.026252],[105.8240212,21.0262266],[105.8240112,21.0262366],[105.8239459,21.0261803],[105.8239543,21.0261717],[105.8239291,21.02615],[105.8239192,21.02616],[105.8238829,21.0261287],[105.8238167,21.0261956],[105.8238489,21.0262234],[105.8238419,21.0262304],[105.823875,21.026259],[105.8238842,21.0262497],[105.8239467,21.0263036],[105.8239395,21.0263108],[105.8239657,21.0263334],[105.8239734,21.0263257],[105.8239973,21.0263463]]]}},{"type":"Feature","properties":{"id":"OCD-00777","so_to":15,"so_thua":777,"dia_chi":"","dien_tich":840.5,"osm_id":1296771132},"geometry":{"type":"Polygon","coordinates":[[[105.8225813,21.0255359],[105.822608,21.0255086],[105.8226021,21.0255036],[105.8226294,21.0254755],[105.8226355,21.0254807],[105.8226692,21.0254458],[105.8227312,21.025498],[105.8227206,21.0255089],[105.8229428,21.0256954],[105.8229364,21.0257019],[105.8229765,21.0257356],[105.8229836,21.0257283],[105.8230839,21.0258129],[105.8230765,21.0258205],[105.8231089,21.0258479],[105.8230414,21.0259173],[105.8230089,21.0258897],[105.8229907,21.0259084],[105.8229607,21.0258829],[105.8229699,21.0258735],[105.8229318,21.025841],[105.8229233,21.0258497],[105.8228199,21.0257613],[105.8228288,21.0257523],[105.8227855,21.0257152],[105.8227757,21.0257252],[105.8227496,21.0257028],[105.822765,21.0256872],[105.8227087,21.0256389],[105.8226981,21.0256497],[105.8226388,21.0255989],[105.8226309,21.025607],[105.8225973,21.0255783],[105.8226127,21.0255626],[105.8225813,21.0255359]]]}},{"type":"Feature","properties":{"id":"OCD-00778","so_to":15,"so_thua":778,"dia_chi":"36 Phố Hoàng Cầu","dien_tich":272.2,"osm_id":1298815742},"geometry":{"type":"Polygon","coordinates":[[[105.8238754,21.0183651],[105.8239115,21.0184455],[105.8241622,21.0183473],[105.8241261,21.0182669],[105.8238754,21.0183651]]]}},{"type":"Feature","properties":{"id":"OCD-00779","so_to":15,"so_thua":779,"dia_chi":"","dien_tich":37.6,"osm_id":1303428832},"geometry":{"type":"Polygon","coordinates":[[[105.8201212,21.0202826],[105.8201497,21.0202711],[105.8201047,21.0201744],[105.8200762,21.0201859],[105.8201212,21.0202826]]]}},{"type":"Feature","properties":{"id":"OCD-00780","so_to":15,"so_thua":780,"dia_chi":"","dien_tich":48.5,"osm_id":1303428833},"geometry":{"type":"Polygon","coordinates":[[[105.82031,21.0203451],[105.8203404,21.0203328],[105.8202942,21.0202338],[105.8202859,21.0202158],[105.8202555,21.0202282],[105.82031,21.0203451]]]}},{"type":"Feature","properties":{"id":"OCD-00781","so_to":15,"so_thua":781,"dia_chi":"","dien_tich":31.9,"osm_id":1303428834},"geometry":{"type":"Polygon","coordinates":[[[105.8204261,21.0202286],[105.8204072,21.0201879],[105.8203497,21.0202113],[105.8203687,21.0202519],[105.8204261,21.0202286]]]}},{"type":"Feature","properties":{"id":"OCD-00782","so_to":15,"so_thua":782,"dia_chi":"","dien_tich":120.9,"osm_id":1303428835},"geometry":{"type":"Polygon","coordinates":[[[105.8203497,21.0202113],[105.8202942,21.0202338],[105.8203404,21.0203328],[105.8204533,21.020287],[105.8204261,21.0202286],[105.8203687,21.0202519],[105.8203497,21.0202113]]]}},{"type":"Feature","properties":{"id":"OCD-00783","so_to":15,"so_thua":783,"dia_chi":"","dien_tich":48,"osm_id":1303428836},"geometry":{"type":"Polygon","coordinates":[[[105.8202896,21.0201492],[105.8203733,21.0201152],[105.8203538,21.0200733],[105.82027,21.0201072],[105.8202896,21.0201492]]]}},{"type":"Feature","properties":{"id":"OCD-00784","so_to":15,"so_thua":784,"dia_chi":"","dien_tich":112.2,"osm_id":1303428837},"geometry":{"type":"Polygon","coordinates":[[[105.8204072,21.0201879],[105.8203733,21.0201152],[105.8202896,21.0201492],[105.8202604,21.0201611],[105.8202859,21.0202158],[105.8202942,21.0202338],[105.8203497,21.0202113],[105.8204072,21.0201879]]]}},{"type":"Feature","properties":{"id":"OCD-00785","so_to":15,"so_thua":785,"dia_chi":"","dien_tich":35.9,"osm_id":1303428838},"geometry":{"type":"Polygon","coordinates":[[[105.8202048,21.0201337],[105.8201776,21.0201448],[105.8202226,21.0202415],[105.8202498,21.0202304],[105.8202048,21.0201337]]]}},{"type":"Feature","properties":{"id":"OCD-00786","so_to":15,"so_thua":786,"dia_chi":"","dien_tich":96.3,"osm_id":1303428839},"geometry":{"type":"Polygon","coordinates":[[[105.8201776,21.0201448],[105.8201047,21.0201744],[105.8201497,21.0202711],[105.8201591,21.0202673],[105.8202226,21.0202415],[105.8201776,21.0201448]]]}},{"type":"Feature","properties":{"id":"OCD-00787","so_to":15,"so_thua":787,"dia_chi":"","dien_tich":98.6,"osm_id":1303428840},"geometry":{"type":"Polygon","coordinates":[[[105.8201519,21.0204093],[105.8202136,21.0203843],[105.8201591,21.0202673],[105.8201497,21.0202711],[105.8201212,21.0202826],[105.8200974,21.0202923],[105.8201519,21.0204093]]]}},{"type":"Feature","properties":{"id":"OCD-00788","so_to":15,"so_thua":788,"dia_chi":"","dien_tich":101.5,"osm_id":1303428841},"geometry":{"type":"Polygon","coordinates":[[[105.8202136,21.0203843],[105.8202771,21.0203585],[105.8202226,21.0202415],[105.8201591,21.0202673],[105.8202136,21.0203843]]]}},{"type":"Feature","properties":{"id":"OCD-00789","so_to":15,"so_thua":789,"dia_chi":"","dien_tich":46.8,"osm_id":1303428842},"geometry":{"type":"Polygon","coordinates":[[[105.8200762,21.0201859],[105.8200408,21.0202003],[105.8200569,21.0202348],[105.8200694,21.0202619],[105.8200858,21.020297],[105.8200974,21.0202923],[105.8201212,21.0202826],[105.8200762,21.0201859]]]}},{"type":"Feature","properties":{"id":"OCD-00790","so_to":15,"so_thua":790,"dia_chi":"","dien_tich":64.4,"osm_id":1303428843},"geometry":{"type":"Polygon","coordinates":[[[105.82027,21.0201072],[105.8202048,21.0201337],[105.8202498,21.0202304],[105.8202555,21.0202282],[105.8202859,21.0202158],[105.8202604,21.0201611],[105.8202896,21.0201492],[105.82027,21.0201072]]]}},{"type":"Feature","properties":{"id":"OCD-00791","so_to":15,"so_thua":791,"dia_chi":"","dien_tich":49.6,"osm_id":1303428844},"geometry":{"type":"Polygon","coordinates":[[[105.8199659,21.0203039],[105.8199823,21.020339],[105.8200665,21.0203048],[105.8200858,21.020297],[105.8200694,21.0202619],[105.8199659,21.0203039]]]}},{"type":"Feature","properties":{"id":"OCD-00792","so_to":15,"so_thua":792,"dia_chi":"","dien_tich":45.3,"osm_id":1303428845},"geometry":{"type":"Polygon","coordinates":[[[105.8200569,21.0202348],[105.8200408,21.0202003],[105.8199448,21.0202392],[105.8199609,21.0202738],[105.8200569,21.0202348]]]}},{"type":"Feature","properties":{"id":"OCD-00793","so_to":15,"so_thua":793,"dia_chi":"","dien_tich":38.2,"osm_id":1303428846},"geometry":{"type":"Polygon","coordinates":[[[105.8200694,21.0202619],[105.8200569,21.0202348],[105.8199609,21.0202738],[105.8199533,21.0202769],[105.8199659,21.0203039],[105.8200694,21.0202619]]]}},{"type":"Feature","properties":{"id":"OCD-00794","so_to":15,"so_thua":794,"dia_chi":"","dien_tich":52.6,"osm_id":1303428847},"geometry":{"type":"Polygon","coordinates":[[[105.8202555,21.0202282],[105.8202498,21.0202304],[105.8202226,21.0202415],[105.8202771,21.0203585],[105.82031,21.0203451],[105.8202555,21.0202282]]]}},{"type":"Feature","properties":{"id":"OCD-00795","so_to":15,"so_thua":795,"dia_chi":"","dien_tich":81.9,"osm_id":1303428848},"geometry":{"type":"Polygon","coordinates":[[[105.8199823,21.020339],[105.819962,21.0203472],[105.8199887,21.0204046],[105.8200932,21.0203622],[105.8200665,21.0203048],[105.8199823,21.020339]]]}},{"type":"Feature","properties":{"id":"OCD-00796","so_to":15,"so_thua":796,"dia_chi":"","dien_tich":85.1,"osm_id":1303428849},"geometry":{"type":"Polygon","coordinates":[[[105.8199887,21.0204046],[105.8200165,21.0204642],[105.820121,21.0204218],[105.8200932,21.0203622],[105.8199887,21.0204046]]]}},{"type":"Feature","properties":{"id":"OCD-00797","so_to":15,"so_thua":797,"dia_chi":"","dien_tich":49.4,"osm_id":1303428850},"geometry":{"type":"Polygon","coordinates":[[[105.8200974,21.0202923],[105.8200858,21.020297],[105.8200665,21.0203048],[105.8200932,21.0203622],[105.820121,21.0204218],[105.8201519,21.0204093],[105.8200974,21.0202923]]]}},{"type":"Feature","properties":{"id":"OCD-00798","so_to":15,"so_thua":798,"dia_chi":"","dien_tich":58.1,"osm_id":1303428851},"geometry":{"type":"Polygon","coordinates":[[[105.8200844,21.0200202],[105.8200446,21.0200363],[105.8200942,21.0201433],[105.820134,21.0201272],[105.8200844,21.0200202]]]}},{"type":"Feature","properties":{"id":"OCD-00799","so_to":15,"so_thua":799,"dia_chi":"","dien_tich":48.3,"osm_id":1303428852},"geometry":{"type":"Polygon","coordinates":[[[105.820119,21.0199669],[105.8201059,21.0199387],[105.8199943,21.0199838],[105.8199778,21.0199905],[105.8199903,21.0200176],[105.820119,21.0199669]]]}},{"type":"Feature","properties":{"id":"OCD-00800","so_to":15,"so_thua":800,"dia_chi":"","dien_tich":48.7,"osm_id":1303428853},"geometry":{"type":"Polygon","coordinates":[[[105.8201079,21.019903],[105.820095,21.0198753],[105.8200021,21.0199129],[105.8199678,21.0199267],[105.819981,21.0199552],[105.8201079,21.019903]]]}},{"type":"Feature","properties":{"id":"OCD-00801","so_to":15,"so_thua":801,"dia_chi":"","dien_tich":66.7,"osm_id":1303428854},"geometry":{"type":"Polygon","coordinates":[[[105.8200506,21.0197291],[105.8200482,21.019724],[105.8200053,21.0197414],[105.8200245,21.0197827],[105.8199761,21.0198023],[105.8199919,21.0198364],[105.8200832,21.0197995],[105.8200506,21.0197291]]]}},{"type":"Feature","properties":{"id":"OCD-00802","so_to":15,"so_thua":802,"dia_chi":"","dien_tich":60.4,"osm_id":1303428855},"geometry":{"type":"Polygon","coordinates":[[[105.820088,21.0197975],[105.8201055,21.0198352],[105.8202231,21.0197877],[105.8202056,21.0197501],[105.820088,21.0197975]]]}},{"type":"Feature","properties":{"id":"OCD-00803","so_to":15,"so_thua":803,"dia_chi":"","dien_tich":60.3,"osm_id":1303428856},"geometry":{"type":"Polygon","coordinates":[[[105.8199919,21.0198364],[105.8199706,21.019845],[105.8199881,21.0198827],[105.8201055,21.0198352],[105.820088,21.0197975],[105.8200832,21.0197995],[105.8199919,21.0198364]]]}},{"type":"Feature","properties":{"id":"OCD-00804","so_to":15,"so_thua":804,"dia_chi":"","dien_tich":48.4,"osm_id":1303428857},"geometry":{"type":"Polygon","coordinates":[[[105.8201195,21.0198654],[105.8202371,21.0198179],[105.8202231,21.0197877],[105.8201055,21.0198352],[105.8201195,21.0198654]]]}},{"type":"Feature","properties":{"id":"OCD-00805","so_to":15,"so_thua":805,"dia_chi":"","dien_tich":48.4,"osm_id":1303428858},"geometry":{"type":"Polygon","coordinates":[[[105.8201055,21.0198352],[105.8199881,21.0198827],[105.8200021,21.0199129],[105.820095,21.0198753],[105.8201195,21.0198654],[105.8201055,21.0198352]]]}},{"type":"Feature","properties":{"id":"OCD-00806","so_to":15,"so_thua":806,"dia_chi":"","dien_tich":68.6,"osm_id":1303428859},"geometry":{"type":"Polygon","coordinates":[[[105.8202535,21.0198533],[105.8202371,21.0198179],[105.8201195,21.0198654],[105.820095,21.0198753],[105.8201079,21.019903],[105.8201114,21.0199107],[105.8202535,21.0198533]]]}},{"type":"Feature","properties":{"id":"OCD-00807","so_to":15,"so_thua":807,"dia_chi":"","dien_tich":61.2,"osm_id":1303428860},"geometry":{"type":"Polygon","coordinates":[[[105.8201114,21.0199107],[105.8201215,21.0199324],[105.8201261,21.0199423],[105.8202681,21.0198849],[105.8202535,21.0198533],[105.8201114,21.0199107]]]}},{"type":"Feature","properties":{"id":"OCD-00808","so_to":15,"so_thua":808,"dia_chi":"","dien_tich":45.7,"osm_id":1303428861},"geometry":{"type":"Polygon","coordinates":[[[105.820134,21.0201272],[105.8201653,21.0201146],[105.820147,21.020075],[105.8201157,21.0200076],[105.8200844,21.0200202],[105.820134,21.0201272]]]}},{"type":"Feature","properties":{"id":"OCD-00809","so_to":15,"so_thua":809,"dia_chi":"","dien_tich":81.2,"osm_id":1303428862},"geometry":{"type":"Polygon","coordinates":[[[105.8200062,21.0200518],[105.8199701,21.0200664],[105.8199826,21.0200934],[105.8199684,21.0200992],[105.8199829,21.0201305],[105.8200477,21.0201043],[105.8200703,21.0201529],[105.8200942,21.0201433],[105.8200446,21.0200363],[105.8200062,21.0200518]]]}},{"type":"Feature","properties":{"id":"OCD-00810","so_to":15,"so_thua":810,"dia_chi":"","dien_tich":58.9,"osm_id":1303428863},"geometry":{"type":"Polygon","coordinates":[[[105.8199829,21.0201305],[105.8199589,21.0201402],[105.8199814,21.0201888],[105.8200703,21.0201529],[105.8200477,21.0201043],[105.8199829,21.0201305]]]}},{"type":"Feature","properties":{"id":"OCD-00811","so_to":15,"so_thua":811,"dia_chi":"","dien_tich":112.7,"osm_id":1303428864},"geometry":{"type":"Polygon","coordinates":[[[105.8201215,21.0199324],[105.8201059,21.0199387],[105.820119,21.0199669],[105.8201344,21.02],[105.8201506,21.0199935],[105.820292,21.0199364],[105.8202681,21.0198849],[105.8201261,21.0199423],[105.8201215,21.0199324]]]}},{"type":"Feature","properties":{"id":"OCD-00812","so_to":15,"so_thua":812,"dia_chi":"","dien_tich":50.3,"osm_id":1303428865},"geometry":{"type":"Polygon","coordinates":[[[105.819981,21.0199552],[105.8199943,21.0199838],[105.8201059,21.0199387],[105.8201215,21.0199324],[105.8201114,21.0199107],[105.8201079,21.019903],[105.819981,21.0199552]]]}},{"type":"Feature","properties":{"id":"OCD-00813","so_to":15,"so_thua":813,"dia_chi":"","dien_tich":58.9,"osm_id":1303428866},"geometry":{"type":"Polygon","coordinates":[[[105.8199903,21.0200176],[105.8200062,21.0200518],[105.8200446,21.0200363],[105.8200844,21.0200202],[105.8201157,21.0200076],[105.8201344,21.02],[105.820119,21.0199669],[105.8199903,21.0200176]]]}},{"type":"Feature","properties":{"id":"OCD-00814","so_to":15,"so_thua":814,"dia_chi":"","dien_tich":62.4,"osm_id":1303428867},"geometry":{"type":"Polygon","coordinates":[[[105.820307,21.0199687],[105.820292,21.0199364],[105.8201506,21.0199935],[105.8201656,21.0200259],[105.820307,21.0199687]]]}},{"type":"Feature","properties":{"id":"OCD-00815","so_to":15,"so_thua":815,"dia_chi":"","dien_tich":61.5,"osm_id":1303428868},"geometry":{"type":"Polygon","coordinates":[[[105.8202275,21.0200894],[105.8203416,21.0200433],[105.8203233,21.0200038],[105.8202092,21.0200499],[105.8202275,21.0200894]]]}},{"type":"Feature","properties":{"id":"OCD-00816","so_to":15,"so_thua":816,"dia_chi":"","dien_tich":67.6,"osm_id":1303428869},"geometry":{"type":"Polygon","coordinates":[[[105.8201656,21.0200259],[105.8201819,21.0200609],[105.8202092,21.0200499],[105.8203233,21.0200038],[105.820307,21.0199687],[105.8201656,21.0200259]]]}},{"type":"Feature","properties":{"id":"OCD-00817","so_to":15,"so_thua":817,"dia_chi":"","dien_tich":32.1,"osm_id":1303428870},"geometry":{"type":"Polygon","coordinates":[[[105.8201506,21.0199935],[105.8201344,21.02],[105.8201157,21.0200076],[105.820147,21.020075],[105.8201819,21.0200609],[105.8201656,21.0200259],[105.8201506,21.0199935]]]}},{"type":"Feature","properties":{"id":"OCD-00818","so_to":15,"so_thua":818,"dia_chi":"","dien_tich":33.5,"osm_id":1303428871},"geometry":{"type":"Polygon","coordinates":[[[105.8202092,21.0200499],[105.8201819,21.0200609],[105.820147,21.020075],[105.8201653,21.0201146],[105.8202275,21.0200894],[105.8202092,21.0200499]]]}},{"type":"Feature","properties":{"id":"OCD-00819","so_to":15,"so_thua":819,"dia_chi":"","dien_tich":110.2,"osm_id":1303428872},"geometry":{"type":"Polygon","coordinates":[[[105.8200832,21.0197995],[105.820088,21.0197975],[105.8202056,21.0197501],[105.8201781,21.0196908],[105.8201306,21.0197099],[105.8201255,21.0196989],[105.8200506,21.0197291],[105.8200832,21.0197995]]]}},{"type":"Feature","properties":{"id":"OCD-00820","so_to":15,"so_thua":820,"dia_chi":"","dien_tich":43.4,"osm_id":1303428873},"geometry":{"type":"Polygon","coordinates":[[[105.8209506,21.019956],[105.8209381,21.0199287],[105.8208319,21.0199703],[105.8208476,21.0200043],[105.8208818,21.0199919],[105.8208888,21.0199809],[105.8209506,21.019956]]]}},{"type":"Feature","properties":{"id":"OCD-00821","so_to":15,"so_thua":821,"dia_chi":"","dien_tich":66.5,"osm_id":1303428874},"geometry":{"type":"Polygon","coordinates":[[[105.8206922,21.0202034],[105.8207338,21.0201872],[105.8206808,21.0200686],[105.8206392,21.0200848],[105.8206922,21.0202034]]]}},{"type":"Feature","properties":{"id":"OCD-00822","so_to":15,"so_thua":822,"dia_chi":"","dien_tich":59.5,"osm_id":1303428875},"geometry":{"type":"Polygon","coordinates":[[[105.8206392,21.0200848],[105.820602,21.0200993],[105.820655,21.0202179],[105.8206922,21.0202034],[105.8206392,21.0200848]]]}},{"type":"Feature","properties":{"id":"OCD-00823","so_to":15,"so_thua":823,"dia_chi":"","dien_tich":42.2,"osm_id":1303428876},"geometry":{"type":"Polygon","coordinates":[[[105.820602,21.0200993],[105.8205756,21.0201096],[105.8206286,21.0202282],[105.820655,21.0202179],[105.820602,21.0200993]]]}},{"type":"Feature","properties":{"id":"OCD-00824","so_to":15,"so_thua":824,"dia_chi":"","dien_tich":54,"osm_id":1303428877},"geometry":{"type":"Polygon","coordinates":[[[105.8205983,21.0198866],[105.8205839,21.0198547],[105.8204584,21.0199046],[105.8204727,21.0199362],[105.8205983,21.0198866]]]}},{"type":"Feature","properties":{"id":"OCD-00825","so_to":15,"so_thua":825,"dia_chi":"","dien_tich":61.8,"osm_id":1303428878},"geometry":{"type":"Polygon","coordinates":[[[105.8204758,21.0199431],[105.8204727,21.0199362],[105.8204584,21.0199046],[105.8203403,21.0199503],[105.820358,21.0199893],[105.8204758,21.0199431]]]}},{"type":"Feature","properties":{"id":"OCD-00826","so_to":15,"so_thua":826,"dia_chi":"","dien_tich":77.6,"osm_id":1303428879},"geometry":{"type":"Polygon","coordinates":[[[105.8204584,21.0199046],[105.8204362,21.0198556],[105.8203184,21.019902],[105.8203403,21.0199503],[105.8204584,21.0199046]]]}},{"type":"Feature","properties":{"id":"OCD-00827","so_to":15,"so_thua":827,"dia_chi":"","dien_tich":49.2,"osm_id":1303428880},"geometry":{"type":"Polygon","coordinates":[[[105.8202541,21.0197598],[105.8202757,21.0198074],[105.8203528,21.0197773],[105.8203308,21.0197303],[105.8202541,21.0197598]]]}},{"type":"Feature","properties":{"id":"OCD-00828","so_to":15,"so_thua":828,"dia_chi":"","dien_tich":40.1,"osm_id":1303428881},"geometry":{"type":"Polygon","coordinates":[[[105.8203308,21.0197303],[105.8203214,21.0197102],[105.8203129,21.0196913],[105.8202367,21.0197212],[105.8202541,21.0197598],[105.8203308,21.0197303]]]}},{"type":"Feature","properties":{"id":"OCD-00829","so_to":15,"so_thua":829,"dia_chi":"","dien_tich":45.7,"osm_id":1303428882},"geometry":{"type":"Polygon","coordinates":[[[105.8202757,21.0198074],[105.8202887,21.0198363],[105.8204065,21.0197899],[105.8203936,21.0197614],[105.8203528,21.0197773],[105.8202757,21.0198074]]]}},{"type":"Feature","properties":{"id":"OCD-00830","so_to":15,"so_thua":830,"dia_chi":"","dien_tich":53.5,"osm_id":1303428883},"geometry":{"type":"Polygon","coordinates":[[[105.8204467,21.0197745],[105.8205327,21.0197416],[105.8205117,21.0196953],[105.8204252,21.0197293],[105.8204467,21.0197745]]]}},{"type":"Feature","properties":{"id":"OCD-00831","so_to":15,"so_thua":831,"dia_chi":"","dien_tich":93.9,"osm_id":1303428884},"geometry":{"type":"Polygon","coordinates":[[[105.8204065,21.0197899],[105.8204317,21.0198457],[105.8205574,21.0197962],[105.8205327,21.0197416],[105.8204467,21.0197745],[105.8204065,21.0197899]]]}},{"type":"Feature","properties":{"id":"OCD-00832","so_to":15,"so_thua":832,"dia_chi":"","dien_tich":99.9,"osm_id":1303428885},"geometry":{"type":"Polygon","coordinates":[[[105.8204317,21.0198457],[105.8204362,21.0198556],[105.8204584,21.0199046],[105.8205839,21.0198547],[105.8205574,21.0197962],[105.8204317,21.0198457]]]}},{"type":"Feature","properties":{"id":"OCD-00833","so_to":15,"so_thua":833,"dia_chi":"","dien_tich":95.5,"osm_id":1303428886},"geometry":{"type":"Polygon","coordinates":[[[105.8204727,21.0199362],[105.8204758,21.0199431],[105.8204983,21.0199927],[105.8206235,21.0199424],[105.8205983,21.0198866],[105.8204727,21.0199362]]]}},{"type":"Feature","properties":{"id":"OCD-00834","so_to":15,"so_thua":834,"dia_chi":"","dien_tich":55,"osm_id":1303428887},"geometry":{"type":"Polygon","coordinates":[[[105.8204983,21.0199927],[105.8205046,21.0200068],[105.8205127,21.0200246],[105.8206384,21.0199752],[105.8206235,21.0199424],[105.8204983,21.0199927]]]}},{"type":"Feature","properties":{"id":"OCD-00835","so_to":15,"so_thua":835,"dia_chi":"","dien_tich":99.5,"osm_id":1303428888},"geometry":{"type":"Polygon","coordinates":[[[105.820358,21.0199893],[105.8203858,21.0200505],[105.8205046,21.0200068],[105.8204983,21.0199927],[105.8204758,21.0199431],[105.820358,21.0199893]]]}},{"type":"Feature","properties":{"id":"OCD-00836","so_to":15,"so_thua":836,"dia_chi":"","dien_tich":51.7,"osm_id":1303428889},"geometry":{"type":"Polygon","coordinates":[[[105.8204056,21.0200941],[105.8204211,21.020128],[105.8205384,21.0200815],[105.8205244,21.0200504],[105.8204056,21.0200941]]]}},{"type":"Feature","properties":{"id":"OCD-00837","so_to":15,"so_thua":837,"dia_chi":"","dien_tich":69.4,"osm_id":1303428890},"geometry":{"type":"Polygon","coordinates":[[[105.8203858,21.0200505],[105.8204056,21.0200941],[105.8205244,21.0200504],[105.8205127,21.0200246],[105.8205046,21.0200068],[105.8203858,21.0200505]]]}},{"type":"Feature","properties":{"id":"OCD-00838","so_to":15,"so_thua":838,"dia_chi":"","dien_tich":62.5,"osm_id":1303428891},"geometry":{"type":"Polygon","coordinates":[[[105.8205384,21.0200815],[105.8205548,21.0201177],[105.8205756,21.0201096],[105.820602,21.0200993],[105.8206392,21.0200848],[105.8206808,21.0200686],[105.8206643,21.0200314],[105.8205384,21.0200815]]]}},{"type":"Feature","properties":{"id":"OCD-00839","so_to":15,"so_thua":839,"dia_chi":"","dien_tich":96.4,"osm_id":1303428892},"geometry":{"type":"Polygon","coordinates":[[[105.8206643,21.0200314],[105.8206384,21.0199752],[105.8205127,21.0200246],[105.8205244,21.0200504],[105.8205384,21.0200815],[105.8206643,21.0200314]]]}},{"type":"Feature","properties":{"id":"OCD-00840","so_to":15,"so_thua":840,"dia_chi":"","dien_tich":82.9,"osm_id":1303428893},"geometry":{"type":"Polygon","coordinates":[[[105.8205386,21.020124],[105.8204867,21.0201442],[105.8205398,21.0202628],[105.8205916,21.0202426],[105.8205386,21.020124]]]}},{"type":"Feature","properties":{"id":"OCD-00841","so_to":15,"so_thua":841,"dia_chi":"","dien_tich":79.6,"osm_id":1303428894},"geometry":{"type":"Polygon","coordinates":[[[105.8204867,21.0201442],[105.820437,21.0201636],[105.82049,21.0202822],[105.8205398,21.0202628],[105.8204867,21.0201442]]]}},{"type":"Feature","properties":{"id":"OCD-00842","so_to":15,"so_thua":842,"dia_chi":"","dien_tich":37.7,"osm_id":1303428895},"geometry":{"type":"Polygon","coordinates":[[[105.8203528,21.0197773],[105.8203936,21.0197614],[105.8203723,21.0197142],[105.8203631,21.0196938],[105.8203214,21.0197102],[105.8203308,21.0197303],[105.8203528,21.0197773]]]}},{"type":"Feature","properties":{"id":"OCD-00843","so_to":15,"so_thua":843,"dia_chi":"","dien_tich":57,"osm_id":1303428896},"geometry":{"type":"Polygon","coordinates":[[[105.8204211,21.020128],[105.820437,21.0201636],[105.8204867,21.0201442],[105.8205386,21.020124],[105.8205548,21.0201177],[105.8205384,21.0200815],[105.8204211,21.020128]]]}},{"type":"Feature","properties":{"id":"OCD-00844","so_to":15,"so_thua":844,"dia_chi":"","dien_tich":59.2,"osm_id":1303428897},"geometry":{"type":"Polygon","coordinates":[[[105.8205756,21.0201096],[105.8205548,21.0201177],[105.8205386,21.020124],[105.8205916,21.0202426],[105.8206286,21.0202282],[105.8205756,21.0201096]]]}},{"type":"Feature","properties":{"id":"OCD-00845","so_to":15,"so_thua":845,"dia_chi":"","dien_tich":104.7,"osm_id":1303428898},"geometry":{"type":"Polygon","coordinates":[[[105.8202887,21.0198363],[105.8203184,21.019902],[105.8204362,21.0198556],[105.8204317,21.0198457],[105.8204065,21.0197899],[105.8202887,21.0198363]]]}},{"type":"Feature","properties":{"id":"OCD-00846","so_to":15,"so_thua":846,"dia_chi":"","dien_tich":40.4,"osm_id":1303428899},"geometry":{"type":"Polygon","coordinates":[[[105.8204252,21.0197293],[105.8204114,21.0196988],[105.8203723,21.0197142],[105.8203936,21.0197614],[105.8204065,21.0197899],[105.8204467,21.0197745],[105.8204252,21.0197293]]]}},{"type":"Feature","properties":{"id":"OCD-00847","so_to":15,"so_thua":847,"dia_chi":"","dien_tich":48,"osm_id":1303428900},"geometry":{"type":"Polygon","coordinates":[[[105.8209513,21.0200498],[105.8209209,21.020062],[105.8209666,21.0201614],[105.8209743,21.0201781],[105.8210047,21.0201659],[105.8209513,21.0200498]]]}},{"type":"Feature","properties":{"id":"OCD-00848","so_to":15,"so_thua":848,"dia_chi":"","dien_tich":109.3,"osm_id":1303428901},"geometry":{"type":"Polygon","coordinates":[[[105.8210441,21.0201568],[105.8210486,21.0201667],[105.8211144,21.0201404],[105.8210582,21.0200182],[105.8209924,21.0200446],[105.8210441,21.0201568]]]}},{"type":"Feature","properties":{"id":"OCD-00849","so_to":15,"so_thua":849,"dia_chi":"","dien_tich":69.3,"osm_id":1303428902},"geometry":{"type":"Polygon","coordinates":[[[105.8211144,21.0201404],[105.8211561,21.0201236],[105.8210999,21.0200015],[105.8210582,21.0200182],[105.8211144,21.0201404]]]}},{"type":"Feature","properties":{"id":"OCD-00850","so_to":15,"so_thua":850,"dia_chi":"","dien_tich":58.2,"osm_id":1303428903},"geometry":{"type":"Polygon","coordinates":[[[105.8209209,21.020062],[105.8209169,21.0200534],[105.8208773,21.0200693],[105.820927,21.0201773],[105.8209666,21.0201614],[105.8209209,21.020062]]]}},{"type":"Feature","properties":{"id":"OCD-00851","so_to":15,"so_thua":851,"dia_chi":"","dien_tich":50.3,"osm_id":1303428904},"geometry":{"type":"Polygon","coordinates":[[[105.820988,21.0200351],[105.8209697,21.0199975],[105.8208639,21.0200397],[105.8208773,21.0200693],[105.8209169,21.0200534],[105.8209209,21.020062],[105.8209513,21.0200498],[105.820988,21.0200351]]]}},{"type":"Feature","properties":{"id":"OCD-00852","so_to":15,"so_thua":852,"dia_chi":"","dien_tich":56.1,"osm_id":1303428905},"geometry":{"type":"Polygon","coordinates":[[[105.8208476,21.0200043],[105.8208639,21.0200397],[105.8209697,21.0199975],[105.820955,21.0199655],[105.8209506,21.019956],[105.8208888,21.0199809],[105.8208818,21.0199919],[105.8208476,21.0200043]]]}},{"type":"Feature","properties":{"id":"OCD-00853","so_to":15,"so_thua":853,"dia_chi":"","dien_tich":55.4,"osm_id":1303428906},"geometry":{"type":"Polygon","coordinates":[[[105.8209381,21.0199287],[105.8209202,21.0198898],[105.8208144,21.0199322],[105.8208319,21.0199703],[105.8209381,21.0199287]]]}},{"type":"Feature","properties":{"id":"OCD-00854","so_to":15,"so_thua":854,"dia_chi":"","dien_tich":46.5,"osm_id":1303428907},"geometry":{"type":"Polygon","coordinates":[[[105.8209057,21.0198583],[105.8209202,21.0198898],[105.8210288,21.0198463],[105.8210143,21.0198148],[105.8209057,21.0198583]]]}},{"type":"Feature","properties":{"id":"OCD-00855","so_to":15,"so_thua":855,"dia_chi":"","dien_tich":51.6,"osm_id":1303428908},"geometry":{"type":"Polygon","coordinates":[[[105.8209986,21.0197806],[105.8209825,21.0197457],[105.8208739,21.0197891],[105.82089,21.0198241],[105.8209986,21.0197806]]]}},{"type":"Feature","properties":{"id":"OCD-00856","so_to":15,"so_thua":856,"dia_chi":"","dien_tich":42,"osm_id":1303428909},"geometry":{"type":"Polygon","coordinates":[[[105.8209825,21.0197457],[105.8209695,21.0197172],[105.8208609,21.0197607],[105.8208739,21.0197891],[105.8209825,21.0197457]]]}},{"type":"Feature","properties":{"id":"OCD-00857","so_to":15,"so_thua":857,"dia_chi":"","dien_tich":49.7,"osm_id":1303428910},"geometry":{"type":"Polygon","coordinates":[[[105.8207683,21.0198319],[105.820784,21.019866],[105.82089,21.0198241],[105.8208739,21.0197891],[105.8207683,21.0198319]]]}},{"type":"Feature","properties":{"id":"OCD-00858","so_to":15,"so_thua":858,"dia_chi":"","dien_tich":50.5,"osm_id":1303428911},"geometry":{"type":"Polygon","coordinates":[[[105.8210143,21.0198148],[105.8209986,21.0197806],[105.82089,21.0198241],[105.8209057,21.0198583],[105.8210143,21.0198148]]]}},{"type":"Feature","properties":{"id":"OCD-00859","so_to":15,"so_thua":859,"dia_chi":"","dien_tich":55.2,"osm_id":1303428912},"geometry":{"type":"Polygon","coordinates":[[[105.8209695,21.0197172],[105.8209523,21.0196799],[105.8209029,21.0196996],[105.8208598,21.0197169],[105.8208437,21.0197233],[105.8208609,21.0197607],[105.8209695,21.0197172]]]}},{"type":"Feature","properties":{"id":"OCD-00860","so_to":15,"so_thua":860,"dia_chi":"","dien_tich":67.4,"osm_id":1303428913},"geometry":{"type":"Polygon","coordinates":[[[105.820734,21.0196392],[105.8206882,21.0196575],[105.8207379,21.0197657],[105.8207837,21.0197473],[105.820734,21.0196392]]]}},{"type":"Feature","properties":{"id":"OCD-00861","so_to":15,"so_thua":861,"dia_chi":"","dien_tich":50.2,"osm_id":1303428914},"geometry":{"type":"Polygon","coordinates":[[[105.8208219,21.0197321],[105.8208437,21.0197233],[105.8208598,21.0197169],[105.820815,21.0196195],[105.8207771,21.0196346],[105.8208219,21.0197321]]]}},{"type":"Feature","properties":{"id":"OCD-00862","so_to":15,"so_thua":862,"dia_chi":"","dien_tich":57.1,"osm_id":1303428915},"geometry":{"type":"Polygon","coordinates":[[[105.8208598,21.0197169],[105.8209029,21.0196996],[105.8208639,21.0196149],[105.8208581,21.0196022],[105.820815,21.0196195],[105.8208598,21.0197169]]]}},{"type":"Feature","properties":{"id":"OCD-00863","so_to":15,"so_thua":863,"dia_chi":"","dien_tich":57,"osm_id":1303428916},"geometry":{"type":"Polygon","coordinates":[[[105.8209029,21.0196996],[105.8209523,21.0196799],[105.8209134,21.0195951],[105.8208639,21.0196149],[105.8209029,21.0196996]]]}},{"type":"Feature","properties":{"id":"OCD-00864","so_to":15,"so_thua":864,"dia_chi":"","dien_tich":95,"osm_id":1303428917},"geometry":{"type":"Polygon","coordinates":[[[105.8208739,21.0197891],[105.8208609,21.0197607],[105.8208437,21.0197233],[105.8208219,21.0197321],[105.8207837,21.0197473],[105.8207379,21.0197657],[105.8207683,21.0198319],[105.8208739,21.0197891]]]}},{"type":"Feature","properties":{"id":"OCD-00865","so_to":15,"so_thua":865,"dia_chi":"","dien_tich":45.4,"osm_id":1303428918},"geometry":{"type":"Polygon","coordinates":[[[105.8209057,21.0198583],[105.8207999,21.0199006],[105.8208144,21.0199322],[105.8209202,21.0198898],[105.8209057,21.0198583]]]}},{"type":"Feature","properties":{"id":"OCD-00866","so_to":15,"so_thua":866,"dia_chi":"","dien_tich":49.5,"osm_id":1303428919},"geometry":{"type":"Polygon","coordinates":[[[105.820784,21.019866],[105.8207999,21.0199006],[105.8209057,21.0198583],[105.82089,21.0198241],[105.820784,21.019866]]]}},{"type":"Feature","properties":{"id":"OCD-00867","so_to":15,"so_thua":867,"dia_chi":"","dien_tich":56.2,"osm_id":1303428920},"geometry":{"type":"Polygon","coordinates":[[[105.8207837,21.0197473],[105.8208219,21.0197321],[105.8207771,21.0196346],[105.8207722,21.0196239],[105.820734,21.0196392],[105.8207837,21.0197473]]]}},{"type":"Feature","properties":{"id":"OCD-00868","so_to":15,"so_thua":868,"dia_chi":"","dien_tich":57.5,"osm_id":1303428921},"geometry":{"type":"Polygon","coordinates":[[[105.8210467,21.0198853],[105.8210288,21.0198463],[105.8209202,21.0198898],[105.8209381,21.0199287],[105.8210467,21.0198853]]]}},{"type":"Feature","properties":{"id":"OCD-00869","so_to":15,"so_thua":869,"dia_chi":"","dien_tich":54.3,"osm_id":1303428922},"geometry":{"type":"Polygon","coordinates":[[[105.8209381,21.0199287],[105.8209506,21.019956],[105.820955,21.0199655],[105.8210636,21.0199221],[105.8210467,21.0198853],[105.8209381,21.0199287]]]}},{"type":"Feature","properties":{"id":"OCD-00870","so_to":15,"so_thua":870,"dia_chi":"","dien_tich":47.2,"osm_id":1303428923},"geometry":{"type":"Polygon","coordinates":[[[105.820955,21.0199655],[105.8209697,21.0199975],[105.8210782,21.0199541],[105.8210636,21.0199221],[105.820955,21.0199655]]]}},{"type":"Feature","properties":{"id":"OCD-00871","so_to":15,"so_thua":871,"dia_chi":"","dien_tich":69.6,"osm_id":1303428924},"geometry":{"type":"Polygon","coordinates":[[[105.8209697,21.0199975],[105.820988,21.0200351],[105.8209924,21.0200446],[105.8210582,21.0200182],[105.8210999,21.0200015],[105.8210782,21.0199541],[105.8209697,21.0199975]]]}},{"type":"Feature","properties":{"id":"OCD-00872","so_to":15,"so_thua":872,"dia_chi":"","dien_tich":60.9,"osm_id":1303428925},"geometry":{"type":"Polygon","coordinates":[[[105.8210047,21.0201659],[105.8210073,21.0201716],[105.8210441,21.0201568],[105.8209924,21.0200446],[105.820988,21.0200351],[105.8209513,21.0200498],[105.8210047,21.0201659]]]}},{"type":"Feature","properties":{"id":"OCD-00873","so_to":15,"so_thua":873,"dia_chi":"","dien_tich":85.8,"osm_id":1303428926},"geometry":{"type":"Polygon","coordinates":[[[105.8209911,21.0193856],[105.8209876,21.0193712],[105.8209222,21.0193851],[105.8209481,21.0194932],[105.8210142,21.0194791],[105.821012,21.01947],[105.8209911,21.0193856]]]}},{"type":"Feature","properties":{"id":"OCD-00874","so_to":15,"so_thua":874,"dia_chi":"","dien_tich":59.2,"osm_id":1303428927},"geometry":{"type":"Polygon","coordinates":[[[105.8209911,21.0193856],[105.821012,21.01947],[105.8210699,21.0194576],[105.821049,21.0193731],[105.8209911,21.0193856]]]}},{"type":"Feature","properties":{"id":"OCD-00875","so_to":15,"so_thua":875,"dia_chi":"","dien_tich":73.1,"osm_id":1303428928},"geometry":{"type":"Polygon","coordinates":[[[105.8206885,21.0198238],[105.8207295,21.0198079],[105.8206705,21.0196756],[105.8206295,21.0196916],[105.8206885,21.0198238]]]}},{"type":"Feature","properties":{"id":"OCD-00876","so_to":15,"so_thua":876,"dia_chi":"","dien_tich":63.1,"osm_id":1303428929},"geometry":{"type":"Polygon","coordinates":[[[105.8206379,21.0198835],[105.8206575,21.0199273],[105.8207643,21.0198858],[105.8207447,21.0198419],[105.8206379,21.0198835]]]}},{"type":"Feature","properties":{"id":"OCD-00877","so_to":15,"so_thua":877,"dia_chi":"","dien_tich":49,"osm_id":1303428930},"geometry":{"type":"Polygon","coordinates":[[[105.8207447,21.0198419],[105.8207295,21.0198079],[105.8206885,21.0198238],[105.8206227,21.0198494],[105.8206379,21.0198835],[105.8207447,21.0198419]]]}},{"type":"Feature","properties":{"id":"OCD-00878","so_to":15,"so_thua":878,"dia_chi":"","dien_tich":71.2,"osm_id":1303428931},"geometry":{"type":"Polygon","coordinates":[[[105.8208569,21.0201851],[105.8208918,21.0201716],[105.8208243,21.0200202],[105.8207894,21.0200337],[105.8208569,21.0201851]]]}},{"type":"Feature","properties":{"id":"OCD-00879","so_to":15,"so_thua":879,"dia_chi":"","dien_tich":68.5,"osm_id":1303428932},"geometry":{"type":"Polygon","coordinates":[[[105.8207894,21.0200337],[105.8207558,21.0200468],[105.8208234,21.0201982],[105.8208569,21.0201851],[105.8207894,21.0200337]]]}},{"type":"Feature","properties":{"id":"OCD-00880","so_to":15,"so_thua":880,"dia_chi":"","dien_tich":78.3,"osm_id":1303428933},"geometry":{"type":"Polygon","coordinates":[[[105.8207558,21.0200468],[105.8207175,21.0200617],[105.820785,21.0202131],[105.8208234,21.0201982],[105.8207558,21.0200468]]]}},{"type":"Feature","properties":{"id":"OCD-00881","so_to":15,"so_thua":881,"dia_chi":"","dien_tich":96.2,"osm_id":1303428934},"geometry":{"type":"Polygon","coordinates":[[[105.8206575,21.0199273],[105.8206873,21.0199942],[105.8207941,21.0199526],[105.8207643,21.0198858],[105.8206575,21.0199273]]]}},{"type":"Feature","properties":{"id":"OCD-00882","so_to":15,"so_thua":882,"dia_chi":"","dien_tich":97.2,"osm_id":1303428935},"geometry":{"type":"Polygon","coordinates":[[[105.8208243,21.0200202],[105.8207941,21.0199526],[105.8206873,21.0199942],[105.8207175,21.0200617],[105.8207558,21.0200468],[105.8207894,21.0200337],[105.8208243,21.0200202]]]}},{"type":"Feature","properties":{"id":"OCD-00883","so_to":15,"so_thua":883,"dia_chi":"","dien_tich":134.3,"osm_id":1303428936},"geometry":{"type":"Polygon","coordinates":[[[105.8206295,21.0196916],[105.8206209,21.0196724],[105.8205551,21.019698],[105.8206227,21.0198494],[105.8206885,21.0198238],[105.8206295,21.0196916]]]}},{"type":"Feature","properties":{"id":"OCD-00884","so_to":15,"so_thua":884,"dia_chi":"","dien_tich":46.9,"osm_id":1303430000},"geometry":{"type":"Polygon","coordinates":[[[105.81982,21.0204756],[105.819852,21.0204704],[105.8198291,21.0203466],[105.8197971,21.0203518],[105.81982,21.0204756]]]}},{"type":"Feature","properties":{"id":"OCD-00885","so_to":15,"so_thua":885,"dia_chi":"","dien_tich":102.8,"osm_id":1303430003},"geometry":{"type":"Polygon","coordinates":[[[105.8197656,21.020062],[105.8197734,21.0201065],[105.8197761,21.020117],[105.8197948,21.020116],[105.8197967,21.0201288],[105.8198297,21.0201279],[105.819829,21.0201058],[105.8199165,21.0201034],[105.8199193,21.0200451],[105.8198377,21.0200479],[105.8198375,21.0200529],[105.8197656,21.020062]]]}},{"type":"Feature","properties":{"id":"OCD-00886","so_to":15,"so_thua":886,"dia_chi":"","dien_tich":103.8,"osm_id":1303430004},"geometry":{"type":"Polygon","coordinates":[[[105.8197988,21.0201983],[105.8196907,21.0202044],[105.8196857,21.0201218],[105.8197761,21.020117],[105.8197948,21.020116],[105.8197967,21.0201288],[105.8197988,21.0201983]]]}},{"type":"Feature","properties":{"id":"OCD-00887","so_to":15,"so_thua":887,"dia_chi":"","dien_tich":75.7,"osm_id":1303430007},"geometry":{"type":"Polygon","coordinates":[[[105.8198214,21.0199702],[105.8197512,21.0199791],[105.8197656,21.020062],[105.8198375,21.0200529],[105.8198377,21.0200479],[105.8198345,21.0199684],[105.8198214,21.0199702]]]}},{"type":"Feature","properties":{"id":"OCD-00888","so_to":15,"so_thua":888,"dia_chi":"","dien_tich":111.2,"osm_id":1303430792},"geometry":{"type":"Polygon","coordinates":[[[105.8210379,21.0196668],[105.8212028,21.0195998],[105.8212232,21.0196433],[105.821112,21.0196871],[105.8211082,21.0196786],[105.821007,21.0197189],[105.8209913,21.0196859],[105.8210379,21.0196668]]]}},{"type":"Feature","properties":{"id":"OCD-00889","so_to":15,"so_thua":889,"dia_chi":"","dien_tich":255.5,"osm_id":1303430793},"geometry":{"type":"Polygon","coordinates":[[[105.8210016,21.0195333],[105.8211448,21.0194751],[105.8212028,21.0195998],[105.8210379,21.0196668],[105.8210192,21.019627],[105.8210414,21.0196179],[105.8210016,21.0195333]]]}},{"type":"Feature","properties":{"id":"OCD-00890","so_to":15,"so_thua":890,"dia_chi":"","dien_tich":96.1,"osm_id":1303430794},"geometry":{"type":"Polygon","coordinates":[[[105.8212232,21.0196433],[105.8212528,21.0197068],[105.821141,21.0197506],[105.8211384,21.0197449],[105.8211229,21.019711],[105.821112,21.0196871],[105.8212232,21.0196433]]]}},{"type":"Feature","properties":{"id":"OCD-00891","so_to":15,"so_thua":891,"dia_chi":"","dien_tich":138,"osm_id":1303430795},"geometry":{"type":"Polygon","coordinates":[[[105.8212528,21.0197068],[105.8212951,21.0197963],[105.8211826,21.0198419],[105.8211673,21.0198082],[105.8211532,21.0197773],[105.821141,21.0197506],[105.8212528,21.0197068]]]}},{"type":"Feature","properties":{"id":"OCD-00892","so_to":15,"so_thua":892,"dia_chi":"","dien_tich":44.4,"osm_id":1303430796},"geometry":{"type":"Polygon","coordinates":[[[105.8210217,21.0197512],[105.821007,21.0197189],[105.8211082,21.0196786],[105.821112,21.0196871],[105.8211229,21.019711],[105.8210217,21.0197512]]]}},{"type":"Feature","properties":{"id":"OCD-00893","so_to":15,"so_thua":893,"dia_chi":"","dien_tich":44.5,"osm_id":1303430797},"geometry":{"type":"Polygon","coordinates":[[[105.8211384,21.0197449],[105.821141,21.0197506],[105.8211532,21.0197773],[105.821052,21.0198175],[105.8210372,21.0197851],[105.8211384,21.0197449]]]}},{"type":"Feature","properties":{"id":"OCD-00894","so_to":15,"so_thua":894,"dia_chi":"","dien_tich":42.5,"osm_id":1303430798},"geometry":{"type":"Polygon","coordinates":[[[105.8211532,21.0197773],[105.8211673,21.0198082],[105.8210661,21.0198485],[105.821052,21.0198175],[105.8211532,21.0197773]]]}},{"type":"Feature","properties":{"id":"OCD-00895","so_to":15,"so_thua":895,"dia_chi":"","dien_tich":46.2,"osm_id":1303430799},"geometry":{"type":"Polygon","coordinates":[[[105.8211673,21.0198082],[105.8211826,21.0198419],[105.8210814,21.0198821],[105.8210661,21.0198485],[105.8211673,21.0198082]]]}},{"type":"Feature","properties":{"id":"OCD-00896","so_to":15,"so_thua":896,"dia_chi":"","dien_tich":46.6,"osm_id":1303430800},"geometry":{"type":"Polygon","coordinates":[[[105.8211229,21.019711],[105.8211384,21.0197449],[105.8210372,21.0197851],[105.8210217,21.0197512],[105.8211229,21.019711]]]}},{"type":"Feature","properties":{"id":"OCD-00897","so_to":15,"so_thua":897,"dia_chi":"","dien_tich":104.2,"osm_id":1303430801},"geometry":{"type":"Polygon","coordinates":[[[105.8212303,21.0201157],[105.8211978,21.020129],[105.8211164,21.0199555],[105.8212167,21.0199146],[105.821221,21.0199238],[105.8212304,21.0199436],[105.8211626,21.0199713],[105.8212303,21.0201157]]]}},{"type":"Feature","properties":{"id":"OCD-00898","so_to":15,"so_thua":898,"dia_chi":"","dien_tich":50.2,"osm_id":1303430802},"geometry":{"type":"Polygon","coordinates":[[[105.8212452,21.0199751],[105.8212517,21.0199892],[105.8213031,21.0200987],[105.8212729,21.0201111],[105.8212678,21.0201003],[105.8212161,21.0199869],[105.8212452,21.0199751]]]}},{"type":"Feature","properties":{"id":"OCD-00899","so_to":15,"so_thua":899,"dia_chi":"","dien_tich":53.1,"osm_id":1303430803},"geometry":{"type":"Polygon","coordinates":[[[105.8212373,21.0199585],[105.8212304,21.0199436],[105.821221,21.0199238],[105.8213329,21.019878],[105.8213491,21.0199127],[105.8212373,21.0199585]]]}},{"type":"Feature","properties":{"id":"OCD-00900","so_to":16,"so_thua":900,"dia_chi":"","dien_tich":56.5,"osm_id":1303430804},"geometry":{"type":"Polygon","coordinates":[[[105.8213882,21.020083],[105.821352,21.0200977],[105.821348,21.0200892],[105.8212984,21.0199835],[105.8213345,21.0199687],[105.8213882,21.020083]]]}},{"type":"Feature","properties":{"id":"OCD-00901","so_to":16,"so_thua":901,"dia_chi":"","dien_tich":66.3,"osm_id":1303430805},"geometry":{"type":"Polygon","coordinates":[[[105.8212984,21.0199835],[105.821348,21.0200892],[105.8213066,21.0201061],[105.8213031,21.0200987],[105.8212517,21.0199892],[105.8212931,21.0199722],[105.8212984,21.0199835]]]}},{"type":"Feature","properties":{"id":"OCD-00902","so_to":16,"so_thua":902,"dia_chi":"","dien_tich":57.8,"osm_id":1303430806},"geometry":{"type":"Polygon","coordinates":[[[105.8213345,21.0199687],[105.8213688,21.0199547],[105.8214266,21.0200778],[105.8213923,21.0200919],[105.8213882,21.020083],[105.8213345,21.0199687]]]}},{"type":"Feature","properties":{"id":"OCD-00903","so_to":16,"so_thua":903,"dia_chi":"","dien_tich":88.1,"osm_id":1303430807},"geometry":{"type":"Polygon","coordinates":[[[105.8212304,21.0199436],[105.8212373,21.0199585],[105.8212452,21.0199751],[105.8212161,21.0199869],[105.8212678,21.0201003],[105.8212303,21.0201157],[105.8211626,21.0199713],[105.8212304,21.0199436]]]}},{"type":"Feature","properties":{"id":"OCD-00904","so_to":16,"so_thua":904,"dia_chi":"","dien_tich":50,"osm_id":1303430808},"geometry":{"type":"Polygon","coordinates":[[[105.8212167,21.0199146],[105.8211164,21.0199555],[105.8210993,21.0199191],[105.8211996,21.0198781],[105.8212167,21.0199146]]]}},{"type":"Feature","properties":{"id":"OCD-00905","so_to":16,"so_thua":905,"dia_chi":"","dien_tich":69.9,"osm_id":1303430809},"geometry":{"type":"Polygon","coordinates":[[[105.8211996,21.0198781],[105.8213114,21.0198324],[105.8213329,21.019878],[105.821221,21.0199238],[105.8212167,21.0199146],[105.8211996,21.0198781]]]}},{"type":"Feature","properties":{"id":"OCD-00906","so_to":16,"so_thua":906,"dia_chi":"","dien_tich":105.8,"osm_id":1303430810},"geometry":{"type":"Polygon","coordinates":[[[105.8210993,21.0199191],[105.8210814,21.0198821],[105.8211826,21.0198419],[105.8212951,21.0197963],[105.8213114,21.0198324],[105.8211996,21.0198781],[105.8210993,21.0199191]]]}},{"type":"Feature","properties":{"id":"OCD-00907","so_to":16,"so_thua":907,"dia_chi":"","dien_tich":98.8,"osm_id":1303430811},"geometry":{"type":"Polygon","coordinates":[[[105.8209913,21.0196859],[105.8209415,21.0195802],[105.8209666,21.0195699],[105.8209578,21.0195512],[105.8210016,21.0195333],[105.8210414,21.0196179],[105.8210192,21.019627],[105.8210379,21.0196668],[105.8209913,21.0196859]]]}},{"type":"Feature","properties":{"id":"OCD-00908","so_to":16,"so_thua":908,"dia_chi":"","dien_tich":57.8,"osm_id":1303430812},"geometry":{"type":"Polygon","coordinates":[[[105.8213491,21.0199127],[105.8213688,21.0199547],[105.8213345,21.0199687],[105.8212984,21.0199835],[105.8212931,21.0199722],[105.8212517,21.0199892],[105.8212452,21.0199751],[105.8212373,21.0199585],[105.8213491,21.0199127]]]}},{"type":"Feature","properties":{"id":"OCD-00909","so_to":16,"so_thua":909,"dia_chi":"","dien_tich":102.8,"osm_id":1303432296},"geometry":{"type":"Polygon","coordinates":[[[105.8201563,21.0194072],[105.8202094,21.0194062],[105.820206,21.0192378],[105.8201529,21.0192388],[105.8201563,21.0194072]]]}},{"type":"Feature","properties":{"id":"OCD-00910","so_to":16,"so_thua":910,"dia_chi":"","dien_tich":90.5,"osm_id":1303432297},"geometry":{"type":"Polygon","coordinates":[[[105.8201041,21.0192397],[105.8200573,21.0192405],[105.8200607,21.0194089],[105.8201075,21.019408],[105.8201041,21.0192397]]]}},{"type":"Feature","properties":{"id":"OCD-00911","so_to":16,"so_thua":911,"dia_chi":"","dien_tich":94.4,"osm_id":1303432298},"geometry":{"type":"Polygon","coordinates":[[[105.8201529,21.0192388],[105.8201041,21.0192397],[105.8201075,21.019408],[105.8201563,21.0194072],[105.8201529,21.0192388]]]}},{"type":"Feature","properties":{"id":"OCD-00912","so_to":16,"so_thua":912,"dia_chi":"","dien_tich":68.4,"osm_id":1303432299},"geometry":{"type":"Polygon","coordinates":[[[105.8203832,21.0192235],[105.8204164,21.0192245],[105.8204191,21.0194017],[105.8203853,21.0194021],[105.8203832,21.0192235]]]}},{"type":"Feature","properties":{"id":"OCD-00913","so_to":16,"so_thua":913,"dia_chi":"","dien_tich":83.8,"osm_id":1303432300},"geometry":{"type":"Polygon","coordinates":[[[105.8204164,21.0192245],[105.820458,21.0192229],[105.820458,21.0192397],[105.8204587,21.0193075],[105.8204596,21.0194014],[105.8204191,21.0194017],[105.8204164,21.0192245]]]}},{"type":"Feature","properties":{"id":"OCD-00914","so_to":16,"so_thua":914,"dia_chi":"","dien_tich":25.4,"osm_id":1303432301},"geometry":{"type":"Polygon","coordinates":[[[105.8204587,21.0193075],[105.820458,21.0192397],[105.8204906,21.0192394],[105.8204913,21.0193072],[105.8204587,21.0193075]]]}},{"type":"Feature","properties":{"id":"OCD-00915","so_to":16,"so_thua":915,"dia_chi":"","dien_tich":32.6,"osm_id":1303432302},"geometry":{"type":"Polygon","coordinates":[[[105.8204906,21.0192394],[105.8204904,21.0192252],[105.820525,21.0192249],[105.8205259,21.0193069],[105.8204913,21.0193072],[105.8204906,21.0192394]]]}},{"type":"Feature","properties":{"id":"OCD-00916","so_to":16,"so_thua":916,"dia_chi":"","dien_tich":72.1,"osm_id":1303432303},"geometry":{"type":"Polygon","coordinates":[[[105.8208724,21.0191908],[105.8209364,21.0191911],[105.8209369,21.019289],[105.8208731,21.0192894],[105.8208724,21.0191908]]]}},{"type":"Feature","properties":{"id":"OCD-00917","so_to":16,"so_thua":917,"dia_chi":"","dien_tich":42.4,"osm_id":1303432304},"geometry":{"type":"Polygon","coordinates":[[[105.820762,21.0192901],[105.8208052,21.0192898],[105.8208058,21.0193753],[105.8207626,21.0193755],[105.820762,21.0192901]]]}},{"type":"Feature","properties":{"id":"OCD-00918","so_to":16,"so_thua":918,"dia_chi":"","dien_tich":61.2,"osm_id":1303432305},"geometry":{"type":"Polygon","coordinates":[[[105.8207504,21.0191915],[105.8208044,21.0191912],[105.8208052,21.0192898],[105.820762,21.0192901],[105.8207511,21.0192902],[105.8207504,21.0191915]]]}},{"type":"Feature","properties":{"id":"OCD-00919","so_to":16,"so_thua":919,"dia_chi":"","dien_tich":43.5,"osm_id":1303432306},"geometry":{"type":"Polygon","coordinates":[[[105.8207626,21.0193755],[105.8207184,21.0193759],[105.8207175,21.0192904],[105.8207511,21.0192902],[105.820762,21.0192901],[105.8207626,21.0193755]]]}},{"type":"Feature","properties":{"id":"OCD-00920","so_to":16,"so_thua":920,"dia_chi":"","dien_tich":77,"osm_id":1303432307},"geometry":{"type":"Polygon","coordinates":[[[105.8208731,21.0192894],[105.8208052,21.0192898],[105.8208044,21.0191912],[105.8208724,21.0191908],[105.8208731,21.0192894]]]}},{"type":"Feature","properties":{"id":"OCD-00921","so_to":16,"so_thua":921,"dia_chi":"","dien_tich":66.6,"osm_id":1303432308},"geometry":{"type":"Polygon","coordinates":[[[105.8208736,21.0193608],[105.8208737,21.0193748],[105.8208058,21.0193753],[105.8208052,21.0192898],[105.8208731,21.0192894],[105.8208736,21.0193608]]]}},{"type":"Feature","properties":{"id":"OCD-00922","so_to":16,"so_thua":922,"dia_chi":"","dien_tich":52.3,"osm_id":1303432309},"geometry":{"type":"Polygon","coordinates":[[[105.8208731,21.0192894],[105.8209369,21.019289],[105.8209372,21.0193423],[105.8209374,21.0193604],[105.8208736,21.0193608],[105.8208731,21.0192894]]]}},{"type":"Feature","properties":{"id":"OCD-00923","so_to":16,"so_thua":923,"dia_chi":"","dien_tich":45.2,"osm_id":1304460840},"geometry":{"type":"Polygon","coordinates":[[[105.8208271,21.0195481],[105.8207938,21.0195534],[105.8207748,21.0194262],[105.820802,21.019422],[105.8208271,21.0195481]]]}},{"type":"Feature","properties":{"id":"OCD-00924","so_to":16,"so_thua":924,"dia_chi":"","dien_tich":79.6,"osm_id":1304460841},"geometry":{"type":"Polygon","coordinates":[[[105.8207737,21.019419],[105.8207277,21.019425],[105.8207499,21.0195728],[105.8207958,21.0195668],[105.8207938,21.0195534],[105.8207748,21.0194262],[105.8207737,21.019419]]]}},{"type":"Feature","properties":{"id":"OCD-00925","so_to":16,"so_thua":925,"dia_chi":"","dien_tich":112.5,"osm_id":1304460842},"geometry":{"type":"Polygon","coordinates":[[[105.8207499,21.0195728],[105.8207487,21.0195825],[105.8206867,21.0195913],[105.8206772,21.0194578],[105.8206746,21.0194235],[105.8207282,21.0194179],[105.8207277,21.019425],[105.8207499,21.0195728]]]}},{"type":"Feature","properties":{"id":"OCD-00926","so_to":16,"so_thua":926,"dia_chi":"","dien_tich":52.9,"osm_id":1304460843},"geometry":{"type":"Polygon","coordinates":[[[105.8206867,21.0195913],[105.8206772,21.0194578],[105.8206517,21.0194584],[105.8206532,21.0196154],[105.8206887,21.0196051],[105.8206867,21.0195913]]]}},{"type":"Feature","properties":{"id":"OCD-00927","so_to":16,"so_thua":927,"dia_chi":"","dien_tich":74.6,"osm_id":1304460844},"geometry":{"type":"Polygon","coordinates":[[[105.8206143,21.0196254],[105.8206532,21.0196251],[105.8206532,21.0196154],[105.8206517,21.0194584],[105.8206128,21.0194588],[105.8206143,21.0196254]]]}},{"type":"Feature","properties":{"id":"OCD-00928","so_to":16,"so_thua":928,"dia_chi":"","dien_tich":91,"osm_id":1304460845},"geometry":{"type":"Polygon","coordinates":[[[105.8205723,21.019428],[105.8205345,21.0194286],[105.8205347,21.0194386],[105.8205378,21.0196379],[105.8205757,21.0196374],[105.8205723,21.019428]]]}},{"type":"Feature","properties":{"id":"OCD-00929","so_to":16,"so_thua":929,"dia_chi":"","dien_tich":85.3,"osm_id":1304460846},"geometry":{"type":"Polygon","coordinates":[[[105.8205347,21.0194386],[105.8205003,21.0194391],[105.8205039,21.0196556],[105.8205382,21.0196551],[105.8205378,21.0196379],[105.8205347,21.0194386]]]}},{"type":"Feature","properties":{"id":"OCD-00930","so_to":16,"so_thua":930,"dia_chi":"","dien_tich":87.1,"osm_id":1304460847},"geometry":{"type":"Polygon","coordinates":[[[105.8205003,21.0194391],[105.8204653,21.0194396],[105.8204654,21.0194452],[105.8204673,21.0195594],[105.8204688,21.0196561],[105.8205039,21.0196556],[105.8205003,21.0194391]]]}},{"type":"Feature","properties":{"id":"OCD-00931","so_to":16,"so_thua":931,"dia_chi":"","dien_tich":70.1,"osm_id":1304460848},"geometry":{"type":"Polygon","coordinates":[[[105.8203694,21.019545],[105.8203713,21.0196371],[105.8204376,21.0196359],[105.820436,21.01956],[105.8204357,21.0195438],[105.8203694,21.019545]]]}},{"type":"Feature","properties":{"id":"OCD-00932","so_to":16,"so_thua":932,"dia_chi":"","dien_tich":61.5,"osm_id":1304460849},"geometry":{"type":"Polygon","coordinates":[[[105.820436,21.01956],[105.8204673,21.0195594],[105.8204654,21.0194452],[105.8204326,21.0194457],[105.8204341,21.0195185],[105.8203688,21.0195197],[105.8203694,21.019545],[105.8204357,21.0195438],[105.820436,21.01956]]]}},{"type":"Feature","properties":{"id":"OCD-00933","so_to":16,"so_thua":933,"dia_chi":"","dien_tich":45.8,"osm_id":1304460850},"geometry":{"type":"Polygon","coordinates":[[[105.8203688,21.0195197],[105.8203348,21.0195205],[105.8203375,21.0196378],[105.8203713,21.0196371],[105.8203694,21.019545],[105.8203688,21.0195197]]]}},{"type":"Feature","properties":{"id":"OCD-00934","so_to":16,"so_thua":934,"dia_chi":"","dien_tich":57,"osm_id":1304460851},"geometry":{"type":"Polygon","coordinates":[[[105.8202596,21.0194747],[105.8202299,21.0194753],[105.8202338,21.0196424],[105.8202635,21.0196418],[105.8202596,21.0194747]]]}},{"type":"Feature","properties":{"id":"OCD-00935","so_to":16,"so_thua":935,"dia_chi":"","dien_tich":66.8,"osm_id":1304460852},"geometry":{"type":"Polygon","coordinates":[[[105.8202635,21.0196418],[105.8202983,21.0196411],[105.8202944,21.019474],[105.8202596,21.0194747],[105.8202635,21.0196418]]]}},{"type":"Feature","properties":{"id":"OCD-00936","so_to":16,"so_thua":936,"dia_chi":"","dien_tich":88.5,"osm_id":1304460853},"geometry":{"type":"Polygon","coordinates":[[[105.8202983,21.0196411],[105.8202985,21.0196502],[105.8203378,21.0196494],[105.8203375,21.0196378],[105.8203348,21.0195205],[105.8203332,21.0194533],[105.8202939,21.0194541],[105.8202944,21.019474],[105.8202983,21.0196411]]]}},{"type":"Feature","properties":{"id":"OCD-00937","so_to":16,"so_thua":937,"dia_chi":"","dien_tich":94.9,"osm_id":1304460854},"geometry":{"type":"Polygon","coordinates":[[[105.8206128,21.0194588],[105.8206123,21.0194275],[105.8205723,21.019428],[105.8205757,21.0196374],[105.8206156,21.0196368],[105.8206143,21.0196254],[105.8206128,21.0194588]]]}},{"type":"Feature","properties":{"id":"OCD-00938","so_to":16,"so_thua":938,"dia_chi":"","dien_tich":66.9,"osm_id":1304460855},"geometry":{"type":"Polygon","coordinates":[[[105.8208674,21.0195318],[105.8208692,21.0195408],[105.8208271,21.0195481],[105.820802,21.019422],[105.8208005,21.0194144],[105.8208426,21.0194071],[105.8208674,21.0195318]]]}},{"type":"Feature","properties":{"id":"OCD-00939","so_to":16,"so_thua":939,"dia_chi":"","dien_tich":70.2,"osm_id":1304460856},"geometry":{"type":"Polygon","coordinates":[[[105.820911,21.0195153],[105.8209127,21.0195238],[105.8208674,21.0195318],[105.8208426,21.0194071],[105.820841,21.0194008],[105.8208861,21.0193928],[105.820911,21.0195153]]]}},{"type":"Feature","properties":{"id":"OCD-00940","so_to":16,"so_thua":940,"dia_chi":"","dien_tich":56.4,"osm_id":1304460857},"geometry":{"type":"Polygon","coordinates":[[[105.8209222,21.0193851],[105.8208861,21.0193928],[105.820911,21.0195153],[105.8209511,21.0195082],[105.8209481,21.0194932],[105.8209222,21.0193851]]]}},{"type":"Feature","properties":{"id":"OCD-00941","so_to":16,"so_thua":941,"dia_chi":"145 Phố Nguyễn Thái Học","dien_tich":118.9,"osm_id":1306087173},"geometry":{"type":"Polygon","coordinates":[[[105.8336231,21.0309379],[105.8335855,21.0308212],[105.8335042,21.030844],[105.8335417,21.0309607],[105.8336231,21.0309379]]]}},{"type":"Feature","properties":{"id":"OCD-00942","so_to":16,"so_thua":942,"dia_chi":"","dien_tich":29.9,"osm_id":1306087174},"geometry":{"type":"Polygon","coordinates":[[[105.833676,21.0309192],[105.8336496,21.0309272],[105.8336813,21.0310186],[105.8337064,21.0310099],[105.833676,21.0309192]]]}},{"type":"Feature","properties":{"id":"OCD-00943","so_to":16,"so_thua":943,"dia_chi":"","dien_tich":59.2,"osm_id":1306087177},"geometry":{"type":"Polygon","coordinates":[[[105.8329391,21.0308797],[105.8329185,21.0308858],[105.8328363,21.0309104],[105.832852,21.0309561],[105.8329535,21.0309257],[105.8329484,21.0309082],[105.8329391,21.0308797]]]}},{"type":"Feature","properties":{"id":"OCD-00944","so_to":16,"so_thua":944,"dia_chi":"","dien_tich":37.1,"osm_id":1306087179},"geometry":{"type":"Polygon","coordinates":[[[105.8331434,21.0307477],[105.8331751,21.0308415],[105.8331437,21.0308511],[105.8331124,21.0307565],[105.8331434,21.0307477]]]}},{"type":"Feature","properties":{"id":"OCD-00945","so_to":16,"so_thua":945,"dia_chi":"","dien_tich":34.4,"osm_id":1306087180},"geometry":{"type":"Polygon","coordinates":[[[105.8331124,21.0307565],[105.8330835,21.0307649],[105.8331149,21.0308596],[105.8331437,21.0308511],[105.8331124,21.0307565]]]}},{"type":"Feature","properties":{"id":"OCD-00946","so_to":16,"so_thua":946,"dia_chi":"","dien_tich":36.8,"osm_id":1306087181},"geometry":{"type":"Polygon","coordinates":[[[105.8330835,21.0307649],[105.8330528,21.0307735],[105.8330839,21.0308686],[105.8331149,21.0308596],[105.8330835,21.0307649]]]}},{"type":"Feature","properties":{"id":"OCD-00947","so_to":16,"so_thua":947,"dia_chi":"","dien_tich":38.1,"osm_id":1306087182},"geometry":{"type":"Polygon","coordinates":[[[105.8330528,21.0307735],[105.8330209,21.0307826],[105.8330521,21.0308779],[105.8330839,21.0308686],[105.8330528,21.0307735]]]}},{"type":"Feature","properties":{"id":"OCD-00948","so_to":16,"so_thua":948,"dia_chi":"","dien_tich":38.7,"osm_id":1306087183},"geometry":{"type":"Polygon","coordinates":[[[105.8330209,21.0307826],[105.8329886,21.0307917],[105.8330199,21.0308873],[105.8330521,21.0308779],[105.8330209,21.0307826]]]}},{"type":"Feature","properties":{"id":"OCD-00949","so_to":16,"so_thua":949,"dia_chi":"","dien_tich":39.6,"osm_id":1306087184},"geometry":{"type":"Polygon","coordinates":[[[105.8329886,21.0307917],[105.8329556,21.0308009],[105.832987,21.0308969],[105.8330199,21.0308873],[105.8329886,21.0307917]]]}},{"type":"Feature","properties":{"id":"OCD-00950","so_to":16,"so_thua":950,"dia_chi":"","dien_tich":46.7,"osm_id":1306087185},"geometry":{"type":"Polygon","coordinates":[[[105.8329556,21.0308009],[105.8329169,21.030812],[105.8329391,21.0308797],[105.8329484,21.0309082],[105.832987,21.0308969],[105.8329556,21.0308009]]]}},{"type":"Feature","properties":{"id":"OCD-00951","so_to":16,"so_thua":951,"dia_chi":"","dien_tich":48.7,"osm_id":1306087187},"geometry":{"type":"Polygon","coordinates":[[[105.83313,21.0307079],[105.8331434,21.0307477],[105.8331751,21.0308415],[105.8332042,21.0308326],[105.8331585,21.0306993],[105.83313,21.0307079]]]}},{"type":"Feature","properties":{"id":"OCD-00952","so_to":16,"so_thua":952,"dia_chi":"","dien_tich":44.1,"osm_id":1306087194},"geometry":{"type":"Polygon","coordinates":[[[105.8331585,21.0306993],[105.8332042,21.0308326],[105.8332303,21.0308248],[105.8331846,21.0306915],[105.8331585,21.0306993]]]}},{"type":"Feature","properties":{"id":"OCD-00953","so_to":16,"so_thua":953,"dia_chi":"","dien_tich":293,"osm_id":1306087195},"geometry":{"type":"Polygon","coordinates":[[[105.8335866,21.0306516],[105.8336165,21.0307416],[105.8336359,21.0308005],[105.833676,21.0309192],[105.8337064,21.0310099],[105.8337712,21.030991],[105.8336512,21.0306327],[105.8335866,21.0306516]]]}},{"type":"Feature","properties":{"id":"OCD-00954","so_to":16,"so_thua":954,"dia_chi":"","dien_tich":539.9,"osm_id":1306087197},"geometry":{"type":"Polygon","coordinates":[[[105.8332087,21.0307207],[105.8332452,21.0308309],[105.8332755,21.0308221],[105.8333045,21.0308138],[105.8333344,21.0308051],[105.8333648,21.0307963],[105.8333951,21.0307876],[105.833423,21.0307796],[105.8334532,21.0307708],[105.8334587,21.0307872],[105.833523,21.0307686],[105.8335861,21.0307504],[105.8336165,21.0307416],[105.8335866,21.0306516],[105.8335745,21.030615],[105.8332087,21.0307207]]]}},{"type":"Feature","properties":{"id":"OCD-00955","so_to":16,"so_thua":955,"dia_chi":"","dien_tich":28.8,"osm_id":1306087198},"geometry":{"type":"Polygon","coordinates":[[[105.8332709,21.0309072],[105.8332452,21.0308309],[105.8332755,21.0308221],[105.8333004,21.0308989],[105.8332709,21.0309072]]]}},{"type":"Feature","properties":{"id":"OCD-00956","so_to":16,"so_thua":956,"dia_chi":"","dien_tich":27.9,"osm_id":1306087199},"geometry":{"type":"Polygon","coordinates":[[[105.8333004,21.0308989],[105.8333219,21.0308928],[105.8333293,21.0308907],[105.8333045,21.0308138],[105.8332755,21.0308221],[105.8333004,21.0308989]]]}},{"type":"Feature","properties":{"id":"OCD-00957","so_to":16,"so_thua":957,"dia_chi":"","dien_tich":28.7,"osm_id":1306087200},"geometry":{"type":"Polygon","coordinates":[[[105.8333589,21.0308823],[105.8333344,21.0308051],[105.8333045,21.0308138],[105.8333293,21.0308907],[105.8333589,21.0308823]]]}},{"type":"Feature","properties":{"id":"OCD-00958","so_to":16,"so_thua":958,"dia_chi":"","dien_tich":29.5,"osm_id":1306087201},"geometry":{"type":"Polygon","coordinates":[[[105.8333589,21.0308823],[105.8333895,21.0308736],[105.8333648,21.0307963],[105.8333344,21.0308051],[105.8333589,21.0308823]]]}},{"type":"Feature","properties":{"id":"OCD-00959","so_to":16,"so_thua":959,"dia_chi":"","dien_tich":29.4,"osm_id":1306087202},"geometry":{"type":"Polygon","coordinates":[[[105.8333895,21.0308736],[105.8334199,21.0308652],[105.8333951,21.0307876],[105.8333648,21.0307963],[105.8333895,21.0308736]]]}},{"type":"Feature","properties":{"id":"OCD-00960","so_to":16,"so_thua":960,"dia_chi":"","dien_tich":27.1,"osm_id":1306087203},"geometry":{"type":"Polygon","coordinates":[[[105.8334199,21.0308652],[105.8334477,21.0308572],[105.833423,21.0307796],[105.8333951,21.0307876],[105.8334199,21.0308652]]]}},{"type":"Feature","properties":{"id":"OCD-00961","so_to":16,"so_thua":961,"dia_chi":"","dien_tich":29.8,"osm_id":1306087204},"geometry":{"type":"Polygon","coordinates":[[[105.8334781,21.0308486],[105.8334746,21.0308364],[105.8334587,21.0307872],[105.8334532,21.0307708],[105.833423,21.0307796],[105.8334477,21.0308572],[105.8334781,21.0308486]]]}},{"type":"Feature","properties":{"id":"OCD-00962","so_to":16,"so_thua":962,"dia_chi":"","dien_tich":39.8,"osm_id":1306087205},"geometry":{"type":"Polygon","coordinates":[[[105.8334587,21.0307872],[105.833523,21.0307686],[105.8335393,21.0308176],[105.8334746,21.0308364],[105.8334587,21.0307872]]]}},{"type":"Feature","properties":{"id":"OCD-00963","so_to":16,"so_thua":963,"dia_chi":"","dien_tich":22.5,"osm_id":1306087206},"geometry":{"type":"Polygon","coordinates":[[[105.8336056,21.0308093],[105.8336023,21.0307994],[105.8335861,21.0307504],[105.8336165,21.0307416],[105.8336359,21.0308005],[105.8336056,21.0308093]]]}},{"type":"Feature","properties":{"id":"OCD-00964","so_to":16,"so_thua":964,"dia_chi":"","dien_tich":38.9,"osm_id":1306087207},"geometry":{"type":"Polygon","coordinates":[[[105.8336023,21.0307994],[105.8335393,21.0308176],[105.833523,21.0307686],[105.8335861,21.0307504],[105.8336023,21.0307994]]]}},{"type":"Feature","properties":{"id":"OCD-00965","so_to":16,"so_thua":965,"dia_chi":"","dien_tich":82.5,"osm_id":1315344008},"geometry":{"type":"Polygon","coordinates":[[[105.8328371,21.0288747],[105.8329497,21.0288486],[105.8329657,21.0289087],[105.8328531,21.0289348],[105.8328371,21.0288747]]]}},{"type":"Feature","properties":{"id":"OCD-00966","so_to":16,"so_thua":966,"dia_chi":"","dien_tich":85,"osm_id":1315344009},"geometry":{"type":"Polygon","coordinates":[[[105.8325439,21.0288371],[105.8326086,21.028824],[105.8326339,21.0289333],[105.8325692,21.0289464],[105.8325439,21.0288371]]]}},{"type":"Feature","properties":{"id":"OCD-00967","so_to":16,"so_thua":967,"dia_chi":"","dien_tich":66.6,"osm_id":1315344010},"geometry":{"type":"Polygon","coordinates":[[[105.8329602,21.0287978],[105.8330152,21.0287847],[105.8329882,21.0286858],[105.8329332,21.0286988],[105.8329602,21.0287978]]]}},{"type":"Feature","properties":{"id":"OCD-00968","so_to":16,"so_thua":968,"dia_chi":"","dien_tich":95.8,"osm_id":1315344011},"geometry":{"type":"Polygon","coordinates":[[[105.8329462,21.0288086],[105.8329752,21.0289193],[105.8330463,21.0289031],[105.8330333,21.0288535],[105.8330173,21.0287923],[105.8329462,21.0288086]]]}},{"type":"Feature","properties":{"id":"OCD-00969","so_to":16,"so_thua":969,"dia_chi":"190 Phố Tôn Đức Thắng","dien_tich":117.3,"osm_id":1315344014},"geometry":{"type":"Polygon","coordinates":[[[105.831564,21.0226473],[105.8316201,21.0227193],[105.8315491,21.0227675],[105.8315342,21.0227484],[105.8314876,21.0227801],[105.831461,21.0227459],[105.8315091,21.0227133],[105.8314944,21.0226945],[105.831564,21.0226473]]]}},{"type":"Feature","properties":{"id":"OCD-00970","so_to":16,"so_thua":970,"dia_chi":"","dien_tich":16.3,"osm_id":1315344016},"geometry":{"type":"Polygon","coordinates":[[[105.8316895,21.022675],[105.8316511,21.0227034],[105.8316318,21.0226807],[105.8316702,21.0226523],[105.8316895,21.022675]]]}},{"type":"Feature","properties":{"id":"OCD-00971","so_to":16,"so_thua":971,"dia_chi":"107 Ngõ Văn Hương","dien_tich":92.4,"osm_id":1315344017},"geometry":{"type":"Polygon","coordinates":[[[105.8354547,21.0237526],[105.835422,21.0237839],[105.8354436,21.0238036],[105.8353933,21.0238517],[105.835429,21.0238843],[105.835476,21.0238394],[105.8354936,21.0238555],[105.8355296,21.023821],[105.8354547,21.0237526]]]}},{"type":"Feature","properties":{"id":"OCD-00972","so_to":16,"so_thua":972,"dia_chi":"","dien_tich":142.8,"osm_id":1317395350},"geometry":{"type":"Polygon","coordinates":[[[105.8294963,21.0203186],[105.8296552,21.020227],[105.8296174,21.0201699],[105.8294597,21.0202617],[105.8294963,21.0203186]]]}},{"type":"Feature","properties":{"id":"OCD-00973","so_to":16,"so_thua":973,"dia_chi":"","dien_tich":132.3,"osm_id":1317395351},"geometry":{"type":"Polygon","coordinates":[[[105.8294125,21.0202883],[105.8294597,21.0202617],[105.8293438,21.020083],[105.8292966,21.0201096],[105.8294125,21.0202883]]]}},{"type":"Feature","properties":{"id":"OCD-00974","so_to":16,"so_thua":974,"dia_chi":"","dien_tich":862.4,"osm_id":1317395354},"geometry":{"type":"Polygon","coordinates":[[[105.8292689,21.0215462],[105.8298584,21.0212636],[105.8299203,21.0213762],[105.829831,21.0214189],[105.8298154,21.0213905],[105.8297755,21.0214097],[105.8297866,21.0214298],[105.8296372,21.0215014],[105.829623,21.0214756],[105.8295986,21.0214873],[105.8296055,21.0214998],[105.8295851,21.0215096],[105.8295933,21.0215244],[105.8294537,21.0215912],[105.8294344,21.0215561],[105.8293941,21.0215754],[105.8294052,21.0215956],[105.8293917,21.0216021],[105.8294009,21.0216189],[105.8293281,21.0216538],[105.8292689,21.0215462]]]}},{"type":"Feature","properties":{"id":"OCD-00975","so_to":16,"so_thua":975,"dia_chi":"252 Phố Tôn Đức Thắng","dien_tich":121.9,"osm_id":1320747028},"geometry":{"type":"Polygon","coordinates":[[[105.8305632,21.0208566],[105.8307975,21.020739],[105.8307773,21.0207038],[105.830543,21.0208215],[105.8305632,21.0208566]]]}},{"type":"Feature","properties":{"id":"OCD-00976","so_to":16,"so_thua":976,"dia_chi":"63 Phố Hoàng Cầu","dien_tich":377,"osm_id":1350645039},"geometry":{"type":"Polygon","coordinates":[[[105.8240354,21.0168258],[105.8241729,21.0167624],[105.8242744,21.0169543],[105.8241369,21.0170177],[105.8240354,21.0168258]]]}},{"type":"Feature","properties":{"id":"OCD-00977","so_to":16,"so_thua":977,"dia_chi":"","dien_tich":2275.5,"osm_id":1352528807},"geometry":{"type":"Polygon","coordinates":[[[105.8201267,21.0209895],[105.8201265,21.0209387],[105.8199991,21.0209391],[105.8199993,21.0209918],[105.8199547,21.0209919],[105.8199537,21.0206939],[105.8201607,21.0206933],[105.8201604,21.0206109],[105.8202042,21.0206108],[105.820204,21.020545],[105.8203767,21.0205444],[105.8203779,21.0208988],[105.8204033,21.0208987],[105.820403,21.0208315],[105.8209648,21.0208297],[105.8209652,21.0209285],[105.8208677,21.0209288],[105.8208197,21.0209289],[105.8204464,21.02093],[105.8204466,21.0209848],[105.8203687,21.020985],[105.8203686,21.0209311],[105.8201938,21.0209316],[105.820194,21.0209894],[105.8201644,21.0209894],[105.8201267,21.0209895]]]}},{"type":"Feature","properties":{"id":"OCD-00978","so_to":16,"so_thua":978,"dia_chi":"","dien_tich":438.2,"osm_id":1352528808},"geometry":{"type":"Polygon","coordinates":[[[105.8201938,21.0213263],[105.8201398,21.0213263],[105.8201399,21.0212626],[105.8201072,21.0212625],[105.8201068,21.0211401],[105.8200972,21.0211429],[105.8200699,21.0211419],[105.8200446,21.0211324],[105.8200242,21.0211155],[105.820011,21.0210933],[105.8200066,21.0210681],[105.8200114,21.0210431],[105.820025,21.021021],[105.8200443,21.0210053],[105.8200679,21.020996],[105.8200934,21.0209942],[105.8201182,21.021],[105.8201398,21.0210127],[105.8201482,21.0210223],[105.8201649,21.021022],[105.8201644,21.0209894],[105.820194,21.0209894],[105.8201938,21.0213263]]]}},{"type":"Feature","properties":{"id":"OCD-00979","so_to":16,"so_thua":979,"dia_chi":"","dien_tich":585.1,"osm_id":1352528809},"geometry":{"type":"Polygon","coordinates":[[[105.820746,21.0211252],[105.820745,21.0209602],[105.8208199,21.0209598],[105.8208197,21.0209289],[105.8208677,21.0209288],[105.8208679,21.0209584],[105.8210273,21.0209575],[105.8210284,21.0211231],[105.8208681,21.021124],[105.8208685,21.0211836],[105.8208215,21.0211839],[105.8208211,21.0211248],[105.820746,21.0211252]]]}},{"type":"Feature","properties":{"id":"OCD-00980","so_to":16,"so_thua":980,"dia_chi":"","dien_tich":1238.6,"osm_id":1352528810},"geometry":{"type":"Polygon","coordinates":[[[105.8210015,21.0211584],[105.8209114,21.0211588],[105.8209119,21.0212347],[105.8208688,21.0212349],[105.8208685,21.0211836],[105.8208215,21.0211839],[105.8207555,21.0211842],[105.8207553,21.0211621],[105.8203451,21.0211642],[105.8203453,21.0212041],[105.8203216,21.0212042],[105.8203223,21.0213322],[105.8210025,21.0213288],[105.8210015,21.0211584]]]}},{"type":"Feature","properties":{"id":"OCD-00981","so_to":16,"so_thua":981,"dia_chi":"71 Phố Tôn Đức Thắng","dien_tich":116.8,"osm_id":1362845752},"geometry":{"type":"Polygon","coordinates":[[[105.8334031,21.025676],[105.8334484,21.0256542],[105.8334422,21.0256431],[105.8335026,21.0256115],[105.8335422,21.0256693],[105.8335463,21.0256672],[105.8335651,21.025697],[105.8335201,21.0257214],[105.8335118,21.0257081],[105.8334857,21.0257206],[105.8334761,21.0257032],[105.8334303,21.0257252],[105.8334031,21.025676]]]}},{"type":"Feature","properties":{"id":"OCD-00982","so_to":16,"so_thua":982,"dia_chi":"2 Phố Hoàng Cầu","dien_tich":1513.5,"osm_id":1367258848},"geometry":{"type":"Polygon","coordinates":[[[105.8249261,21.020868],[105.8248415,21.0207302],[105.8247574,21.0205931],[105.8245819,21.0203071],[105.8247218,21.0202323],[105.8248956,21.0205156],[105.8249799,21.0206529],[105.8251277,21.0205738],[105.8252138,21.0207142],[105.8249261,21.020868]]]}},{"type":"Feature","properties":{"id":"OCD-00983","so_to":16,"so_thua":983,"dia_chi":"","dien_tich":162.1,"osm_id":1421773642},"geometry":{"type":"Polygon","coordinates":[[[105.8353054,21.025555],[105.8354267,21.0255826],[105.8354321,21.0256414],[105.8354878,21.0256464],[105.8354907,21.0255438],[105.8352953,21.0254906],[105.8353054,21.025555]]]}},{"type":"Feature","properties":{"id":"OCD-00984","so_to":16,"so_thua":984,"dia_chi":"","dien_tich":699.1,"osm_id":1421773643},"geometry":{"type":"Polygon","coordinates":[[[105.8351874,21.0257935],[105.8352625,21.0258887],[105.8353651,21.0258292],[105.8353825,21.0258574],[105.8356648,21.0257409],[105.8356071,21.0256458],[105.8355159,21.0256815],[105.8353617,21.0256414],[105.8353838,21.0256727],[105.8352631,21.025724],[105.8352725,21.0257409],[105.8351874,21.0257935]]]}},{"type":"Feature","properties":{"id":"OCD-00985","so_to":16,"so_thua":985,"dia_chi":"","dien_tich":74.8,"osm_id":1425066490},"geometry":{"type":"Polygon","coordinates":[[[105.8244588,21.0148571],[105.8244125,21.0147831],[105.8244856,21.0147432],[105.8245167,21.0147928],[105.8244937,21.0148053],[105.824509,21.0148298],[105.8244588,21.0148571]]]}},{"type":"Feature","properties":{"id":"OCD-00986","so_to":16,"so_thua":986,"dia_chi":"","dien_tich":36.7,"osm_id":1425066491},"geometry":{"type":"Polygon","coordinates":[[[105.8243578,21.0148415],[105.8243834,21.0148812],[105.8244424,21.014848],[105.8244168,21.0148083],[105.8243578,21.0148415]]]}},{"type":"Feature","properties":{"id":"OCD-00987","so_to":16,"so_thua":987,"dia_chi":"","dien_tich":163.7,"osm_id":1425066492},"geometry":{"type":"Polygon","coordinates":[[[105.8243329,21.0148418],[105.8243206,21.0148217],[105.8243021,21.0148316],[105.8242647,21.0147709],[105.8243095,21.0147468],[105.8244136,21.0146909],[105.8244173,21.0146889],[105.824452,21.0147453],[105.8244007,21.0147728],[105.8244158,21.0147973],[105.8243329,21.0148418]]]}},{"type":"Feature","properties":{"id":"OCD-00988","so_to":16,"so_thua":988,"dia_chi":"","dien_tich":83.4,"osm_id":1425066493},"geometry":{"type":"Polygon","coordinates":[[[105.8243095,21.0147468],[105.8242772,21.0146944],[105.8243755,21.0146415],[105.8243812,21.0146385],[105.8244136,21.0146909],[105.8243095,21.0147468]]]}},{"type":"Feature","properties":{"id":"OCD-00989","so_to":16,"so_thua":989,"dia_chi":"","dien_tich":90.3,"osm_id":1425066494},"geometry":{"type":"Polygon","coordinates":[[[105.8242529,21.0147074],[105.8242232,21.0146592],[105.8242383,21.0146511],[105.8243458,21.0145934],[105.8243755,21.0146415],[105.8242772,21.0146944],[105.8242529,21.0147074]]]}},{"type":"Feature","properties":{"id":"OCD-00990","so_to":16,"so_thua":990,"dia_chi":"","dien_tich":102.3,"osm_id":1425066495},"geometry":{"type":"Polygon","coordinates":[[[105.8242383,21.0146511],[105.8242051,21.0145972],[105.8242205,21.0145889],[105.8243335,21.0145282],[105.8243521,21.0145583],[105.8243423,21.0145636],[105.8243569,21.0145874],[105.8243458,21.0145934],[105.8242383,21.0146511]]]}},{"type":"Feature","properties":{"id":"OCD-00991","so_to":16,"so_thua":991,"dia_chi":"","dien_tich":127.6,"osm_id":1425066496},"geometry":{"type":"Polygon","coordinates":[[[105.8243427,21.0145233],[105.8243335,21.0145282],[105.8242205,21.0145889],[105.8241863,21.0145334],[105.8242107,21.0145203],[105.8241984,21.0145004],[105.8242671,21.0144634],[105.8242752,21.0144766],[105.8243043,21.014461],[105.8243427,21.0145233]]]}},{"type":"Feature","properties":{"id":"OCD-00992","so_to":16,"so_thua":992,"dia_chi":"","dien_tich":276.1,"osm_id":1425066497},"geometry":{"type":"Polygon","coordinates":[[[105.8242054,21.015027],[105.8241226,21.0149024],[105.8241623,21.0148794],[105.8242618,21.0148217],[105.8243447,21.0149463],[105.8242054,21.015027]]]}},{"type":"Feature","properties":{"id":"OCD-00993","so_to":16,"so_thua":993,"dia_chi":"","dien_tich":55.3,"osm_id":1425066498},"geometry":{"type":"Polygon","coordinates":[[[105.8241623,21.0148794],[105.8241391,21.0148445],[105.8242386,21.0147868],[105.8242618,21.0148217],[105.8241623,21.0148794]]]}},{"type":"Feature","properties":{"id":"OCD-00994","so_to":16,"so_thua":994,"dia_chi":"","dien_tich":118.9,"osm_id":1425066499},"geometry":{"type":"Polygon","coordinates":[[[105.8242041,21.0147349],[105.8240728,21.0148109],[105.8240799,21.0148216],[105.8240641,21.0148307],[105.8240916,21.014872],[105.8241391,21.0148445],[105.8242386,21.0147868],[105.8242041,21.0147349]]]}},{"type":"Feature","properties":{"id":"OCD-00995","so_to":16,"so_thua":995,"dia_chi":"","dien_tich":119.3,"osm_id":1425066500},"geometry":{"type":"Polygon","coordinates":[[[105.8242041,21.0147349],[105.8240728,21.0148109],[105.8240416,21.0147639],[105.8240528,21.0147574],[105.8240455,21.0147464],[105.8240525,21.0147423],[105.8241655,21.0146768],[105.8242041,21.0147349]]]}},{"type":"Feature","properties":{"id":"OCD-00996","so_to":16,"so_thua":996,"dia_chi":"","dien_tich":41.3,"osm_id":1425071267},"geometry":{"type":"Polygon","coordinates":[[[105.8234424,21.0158919],[105.8234073,21.0159083],[105.8233634,21.0158264],[105.8233985,21.01581],[105.8234424,21.0158919]]]}},{"type":"Feature","properties":{"id":"OCD-00997","so_to":16,"so_thua":997,"dia_chi":"","dien_tich":14.8,"osm_id":1425071268},"geometry":{"type":"Polygon","coordinates":[[[105.8234581,21.0159213],[105.823423,21.0159376],[105.8234073,21.0159083],[105.8234424,21.0158919],[105.8234581,21.0159213]]]}},{"type":"Feature","properties":{"id":"OCD-00998","so_to":16,"so_thua":998,"dia_chi":"","dien_tich":83.5,"osm_id":1425071269},"geometry":{"type":"Polygon","coordinates":[[[105.8233204,21.0158758],[105.8232929,21.0158899],[105.8232821,21.0158716],[105.8233551,21.0158342],[105.8234209,21.0159461],[105.8233755,21.0159694],[105.8233671,21.0159551],[105.8233204,21.0158758]]]}},{"type":"Feature","properties":{"id":"OCD-00999","so_to":16,"so_thua":999,"dia_chi":"","dien_tich":69.9,"osm_id":1425071270},"geometry":{"type":"Polygon","coordinates":[[[105.8232945,21.01602],[105.8233118,21.0160515],[105.8233449,21.0161115],[105.8233598,21.0161043],[105.8233663,21.0161161],[105.8233997,21.0161001],[105.8233427,21.0159968],[105.8232945,21.01602]]]}},{"type":"Feature","properties":{"id":"OCD-01000","so_to":16,"so_thua":1000,"dia_chi":"","dien_tich":74.8,"osm_id":1425071271},"geometry":{"type":"Polygon","coordinates":[[[105.8233514,21.0161233],[105.8232904,21.0161526],[105.8232411,21.0160632],[105.8232848,21.0160422],[105.8232945,21.0160598],[105.8233118,21.0160515],[105.8233449,21.0161115],[105.8233514,21.0161233]]]}},{"type":"Feature","properties":{"id":"OCD-01001","so_to":16,"so_thua":1001,"dia_chi":"","dien_tich":109,"osm_id":1425071272},"geometry":{"type":"Polygon","coordinates":[[[105.8233671,21.0159551],[105.8233327,21.0159728],[105.8233405,21.0159861],[105.8232963,21.0160088],[105.823236,21.0159062],[105.8232828,21.0158822],[105.8232887,21.0158921],[105.8232929,21.0158899],[105.8233204,21.0158758],[105.8233671,21.0159551]]]}},{"type":"Feature","properties":{"id":"OCD-01002","so_to":16,"so_thua":1002,"dia_chi":"","dien_tich":74.9,"osm_id":1425071273},"geometry":{"type":"Polygon","coordinates":[[[105.8231556,21.0162181],[105.823216,21.0161837],[105.8231865,21.0161298],[105.8232509,21.0160948],[105.8232348,21.0160622],[105.8231556,21.0161136],[105.8231556,21.0162181]]]}},{"type":"Feature","properties":{"id":"OCD-01003","so_to":16,"so_thua":1003,"dia_chi":"","dien_tich":122.2,"osm_id":1425071274},"geometry":{"type":"Polygon","coordinates":[[[105.8230458,21.0160917],[105.8230429,21.0162092],[105.8230834,21.0162101],[105.8230831,21.0162226],[105.8231283,21.0162236],[105.8231314,21.0160936],[105.8230458,21.0160917]]]}},{"type":"Feature","properties":{"id":"OCD-01004","so_to":16,"so_thua":1004,"dia_chi":"","dien_tich":123.9,"osm_id":1425071275},"geometry":{"type":"Polygon","coordinates":[[[105.8233674,21.0159908],[105.8234535,21.0159464],[105.8235103,21.0160424],[105.8234242,21.0160868],[105.8233674,21.0159908]]]}},{"type":"Feature","properties":{"id":"OCD-01005","so_to":16,"so_thua":1005,"dia_chi":"","dien_tich":110.7,"osm_id":1425071276},"geometry":{"type":"Polygon","coordinates":[[[105.8229337,21.0160314],[105.8229384,21.0159248],[105.8230186,21.0159279],[105.8230129,21.0160578],[105.8229671,21.0160561],[105.8229681,21.0160327],[105.8229337,21.0160314]]]}},{"type":"Feature","properties":{"id":"OCD-01006","so_to":16,"so_thua":1006,"dia_chi":"","dien_tich":68.2,"osm_id":1425071277},"geometry":{"type":"Polygon","coordinates":[[[105.8230427,21.0162184],[105.8229958,21.0162174],[105.8229988,21.0160967],[105.8229989,21.0160907],[105.8230458,21.0160917],[105.8230429,21.0162092],[105.8230427,21.0162184]]]}},{"type":"Feature","properties":{"id":"OCD-01007","so_to":16,"so_thua":1007,"dia_chi":"","dien_tich":196.3,"osm_id":1425071278},"geometry":{"type":"Polygon","coordinates":[[[105.823055,21.0159247],[105.8231361,21.0159266],[105.8231349,21.0159721],[105.8231692,21.0159729],[105.8231669,21.0160614],[105.8230221,21.016058],[105.823025,21.0159499],[105.8230543,21.0159505],[105.823055,21.0159247]]]}},{"type":"Feature","properties":{"id":"OCD-01008","so_to":16,"so_thua":1008,"dia_chi":"","dien_tich":41.6,"osm_id":1425071279},"geometry":{"type":"Polygon","coordinates":[[[105.8228123,21.0159237],[105.8228114,21.0159729],[105.8228846,21.015975],[105.8228862,21.0159259],[105.8228123,21.0159237]]]}},{"type":"Feature","properties":{"id":"OCD-01009","so_to":16,"so_thua":1009,"dia_chi":"","dien_tich":31.8,"osm_id":1425071280},"geometry":{"type":"Polygon","coordinates":[[[105.8228702,21.0160396],[105.8228101,21.0160386],[105.8228103,21.0160281],[105.822811,21.0159926],[105.8228711,21.0159936],[105.8228702,21.0160396]]]}},{"type":"Feature","properties":{"id":"OCD-01010","so_to":16,"so_thua":1010,"dia_chi":"","dien_tich":45.3,"osm_id":1425071281},"geometry":{"type":"Polygon","coordinates":[[[105.8228103,21.0160281],[105.8227725,21.0160275],[105.822774,21.0159529],[105.8227746,21.0159232],[105.8228123,21.0159237],[105.8228114,21.0159729],[105.822811,21.0159926],[105.8228103,21.0160281]]]}},{"type":"Feature","properties":{"id":"OCD-01011","so_to":16,"so_thua":1011,"dia_chi":"","dien_tich":50.1,"osm_id":1425071282},"geometry":{"type":"Polygon","coordinates":[[[105.8227292,21.016054],[105.8227312,21.0159521],[105.822774,21.0159529],[105.8227725,21.0160275],[105.822772,21.0160547],[105.8227292,21.016054]]]}},{"type":"Feature","properties":{"id":"OCD-01012","so_to":16,"so_thua":1012,"dia_chi":"","dien_tich":19.4,"osm_id":1425071283},"geometry":{"type":"Polygon","coordinates":[[[105.8227271,21.0159837],[105.8227212,21.0159837],[105.8226936,21.0159836],[105.8226937,21.0159331],[105.8227272,21.0159332],[105.8227271,21.0159837]]]}},{"type":"Feature","properties":{"id":"OCD-01013","so_to":16,"so_thua":1013,"dia_chi":"","dien_tich":26.1,"osm_id":1425071284},"geometry":{"type":"Polygon","coordinates":[[[105.822721,21.0160551],[105.8226892,21.016055],[105.8226892,21.01605],[105.8226894,21.0159836],[105.8226936,21.0159836],[105.8227212,21.0159837],[105.822721,21.0160551]]]}},{"type":"Feature","properties":{"id":"OCD-01014","so_to":16,"so_thua":1014,"dia_chi":"","dien_tich":52.7,"osm_id":1425071285},"geometry":{"type":"Polygon","coordinates":[[[105.8226892,21.01605],[105.8226497,21.0160499],[105.82265,21.0159339],[105.8226895,21.015934],[105.8226894,21.0159836],[105.8226892,21.01605]]]}},{"type":"Feature","properties":{"id":"OCD-01015","so_to":16,"so_thua":1015,"dia_chi":"","dien_tich":51.8,"osm_id":1425071286},"geometry":{"type":"Polygon","coordinates":[[[105.8226128,21.0160561],[105.8226131,21.0159338],[105.82265,21.0159339],[105.8226497,21.0160499],[105.8226496,21.0160562],[105.8226128,21.0160561]]]}},{"type":"Feature","properties":{"id":"OCD-01016","so_to":16,"so_thua":1016,"dia_chi":"","dien_tich":82.1,"osm_id":1425071287},"geometry":{"type":"Polygon","coordinates":[[[105.8228681,21.0161553],[105.8228761,21.0161554],[105.8228766,21.0161318],[105.822869,21.0161316],[105.8228693,21.0161175],[105.822846,21.0161171],[105.8228467,21.0160841],[105.8227607,21.0160826],[105.8227592,21.0161533],[105.8228681,21.0161553]]]}},{"type":"Feature","properties":{"id":"OCD-01017","so_to":16,"so_thua":1017,"dia_chi":"","dien_tich":63.6,"osm_id":1425071288},"geometry":{"type":"Polygon","coordinates":[[[105.8227582,21.0161998],[105.8227592,21.0161533],[105.8228681,21.0161553],[105.8228675,21.0161808],[105.8228586,21.0161806],[105.8228579,21.0162147],[105.8228075,21.0162137],[105.8228077,21.0162007],[105.8227582,21.0161998]]]}},{"type":"Feature","properties":{"id":"OCD-01018","so_to":16,"so_thua":1018,"dia_chi":"","dien_tich":51.6,"osm_id":1425071289},"geometry":{"type":"Polygon","coordinates":[[[105.8227533,21.0161847],[105.8226848,21.0161839],[105.8226852,21.0161584],[105.8227142,21.0161587],[105.8227152,21.0160892],[105.8227546,21.0160897],[105.8227533,21.0161847]]]}},{"type":"Feature","properties":{"id":"OCD-01019","so_to":16,"so_thua":1019,"dia_chi":"","dien_tich":55.7,"osm_id":1425071290},"geometry":{"type":"Polygon","coordinates":[[[105.8226861,21.0160886],[105.8226852,21.0161584],[105.8226157,21.0161575],[105.8226167,21.0160878],[105.8226861,21.0160886]]]}},{"type":"Feature","properties":{"id":"OCD-01020","so_to":16,"so_thua":1020,"dia_chi":"","dien_tich":234.6,"osm_id":1425071291},"geometry":{"type":"Polygon","coordinates":[[[105.8225632,21.0160732],[105.8224721,21.0160719],[105.8224741,21.0159522],[105.8224611,21.015952],[105.8224618,21.0159124],[105.8225745,21.0159141],[105.8225741,21.0159378],[105.8226055,21.0159383],[105.8226033,21.016068],[105.8225633,21.0160674],[105.8225632,21.0160732]]]}},{"type":"Feature","properties":{"id":"OCD-01021","so_to":16,"so_thua":1021,"dia_chi":"","dien_tich":52.2,"osm_id":1425071292},"geometry":{"type":"Polygon","coordinates":[[[105.8226062,21.0161809],[105.8225641,21.0161801],[105.8225665,21.0160799],[105.8225667,21.0160721],[105.8226088,21.016073],[105.8226062,21.0161809]]]}},{"type":"Feature","properties":{"id":"OCD-01022","so_to":16,"so_thua":1022,"dia_chi":"","dien_tich":54.7,"osm_id":1425071293},"geometry":{"type":"Polygon","coordinates":[[[105.822564,21.016185],[105.8225187,21.0161841],[105.8225212,21.0160789],[105.8225665,21.0160799],[105.8225641,21.0161801],[105.822564,21.016185]]]}},{"type":"Feature","properties":{"id":"OCD-01023","so_to":16,"so_thua":1023,"dia_chi":"","dien_tich":53.9,"osm_id":1425071294},"geometry":{"type":"Polygon","coordinates":[[[105.8225187,21.0161841],[105.8224741,21.0161831],[105.8224766,21.016078],[105.8225212,21.0160789],[105.8225187,21.0161841]]]}},{"type":"Feature","properties":{"id":"OCD-01024","so_to":16,"so_thua":1024,"dia_chi":"","dien_tich":99.2,"osm_id":1425071295},"geometry":{"type":"Polygon","coordinates":[[[105.8224525,21.0161009],[105.8224567,21.0159556],[105.8224012,21.0159542],[105.8223992,21.0160233],[105.8223918,21.0160231],[105.8223896,21.0160993],[105.8224525,21.0161009]]]}},{"type":"Feature","properties":{"id":"OCD-01025","so_to":16,"so_thua":1025,"dia_chi":"","dien_tich":60.5,"osm_id":1425071296},"geometry":{"type":"Polygon","coordinates":[[[105.8224673,21.0161674],[105.8223876,21.0161654],[105.8223896,21.0160993],[105.8224525,21.0161009],[105.8224693,21.0161014],[105.8224673,21.0161674]]]}},{"type":"Feature","properties":{"id":"OCD-01026","so_to":16,"so_thua":1026,"dia_chi":"","dien_tich":41,"osm_id":1425071297},"geometry":{"type":"Polygon","coordinates":[[[105.8223764,21.0161754],[105.822313,21.0161738],[105.8223147,21.0161175],[105.822378,21.0161191],[105.8223764,21.0161754]]]}},{"type":"Feature","properties":{"id":"OCD-01027","so_to":16,"so_thua":1027,"dia_chi":"","dien_tich":48.1,"osm_id":1425071298},"geometry":{"type":"Polygon","coordinates":[[[105.8223035,21.0161172],[105.8223052,21.016061],[105.8223797,21.0160629],[105.822378,21.0161191],[105.8223147,21.0161175],[105.8223035,21.0161172]]]}},{"type":"Feature","properties":{"id":"OCD-01028","so_to":16,"so_thua":1028,"dia_chi":"","dien_tich":49.9,"osm_id":1425071299},"geometry":{"type":"Polygon","coordinates":[[[105.8223042,21.0160473],[105.8223061,21.0159881],[105.8223142,21.0159883],[105.8223794,21.0159902],[105.8223774,21.0160494],[105.8223042,21.0160473]]]}},{"type":"Feature","properties":{"id":"OCD-01029","so_to":16,"so_thua":1029,"dia_chi":"","dien_tich":97.6,"osm_id":1425074335},"geometry":{"type":"Polygon","coordinates":[[[105.8233956,21.0156377],[105.8233472,21.0156631],[105.8233291,21.0156332],[105.8232894,21.0156541],[105.8232552,21.0155973],[105.8233432,21.015551],[105.8233956,21.0156377]]]}},{"type":"Feature","properties":{"id":"OCD-01030","so_to":16,"so_thua":1030,"dia_chi":"","dien_tich":75.6,"osm_id":1425074336},"geometry":{"type":"Polygon","coordinates":[[[105.8234404,21.0157129],[105.8233651,21.0157542],[105.8233242,21.0156892],[105.8233994,21.0156479],[105.8234404,21.0157129]]]}},{"type":"Feature","properties":{"id":"OCD-01031","so_to":16,"so_thua":1031,"dia_chi":"","dien_tich":42.7,"osm_id":1425074337},"geometry":{"type":"Polygon","coordinates":[[[105.8235195,21.0156691],[105.8234708,21.0155932],[105.8235194,21.015566],[105.8235403,21.0155985],[105.8235183,21.0156109],[105.8235461,21.0156542],[105.8235195,21.0156691]]]}},{"type":"Feature","properties":{"id":"OCD-01032","so_to":16,"so_thua":1032,"dia_chi":"","dien_tich":18.5,"osm_id":1425074338},"geometry":{"type":"Polygon","coordinates":[[[105.8234653,21.0155827],[105.8234439,21.015551],[105.8234803,21.0155296],[105.8235017,21.0155613],[105.8234653,21.0155827]]]}},{"type":"Feature","properties":{"id":"OCD-01033","so_to":16,"so_thua":1033,"dia_chi":"","dien_tich":25.9,"osm_id":1425074339},"geometry":{"type":"Polygon","coordinates":[[[105.8234085,21.0156227],[105.8233862,21.0155906],[105.8234356,21.0155607],[105.8234579,21.0155928],[105.8234085,21.0156227]]]}},{"type":"Feature","properties":{"id":"OCD-01034","so_to":16,"so_thua":1034,"dia_chi":"","dien_tich":51.2,"osm_id":1425074340},"geometry":{"type":"Polygon","coordinates":[[[105.8234644,21.0155264],[105.8233859,21.0155687],[105.8233595,21.0155262],[105.823438,21.0154838],[105.8234644,21.0155264]]]}},{"type":"Feature","properties":{"id":"OCD-01035","so_to":16,"so_thua":1035,"dia_chi":"","dien_tich":3.9,"osm_id":1425074341},"geometry":{"type":"Polygon","coordinates":[[[105.8235053,21.0156858],[105.8234935,21.0156925],[105.8234796,21.0156713],[105.8234914,21.0156646],[105.8235053,21.0156858]]]}},{"type":"Feature","properties":{"id":"OCD-01036","so_to":16,"so_thua":1036,"dia_chi":"","dien_tich":39.7,"osm_id":1425074342},"geometry":{"type":"Polygon","coordinates":[[[105.823489,21.0157017],[105.8234556,21.0157202],[105.8234154,21.0156568],[105.8234644,21.0156297],[105.8234822,21.0156577],[105.8234666,21.0156663],[105.823489,21.0157017]]]}},{"type":"Feature","properties":{"id":"OCD-01037","so_to":16,"so_thua":1037,"dia_chi":"","dien_tich":20.7,"osm_id":1425074343},"geometry":{"type":"Polygon","coordinates":[[[105.8227943,21.015823],[105.8227525,21.0158215],[105.8227542,21.0157785],[105.8227961,21.01578],[105.8227943,21.015823]]]}},{"type":"Feature","properties":{"id":"OCD-01038","so_to":16,"so_thua":1038,"dia_chi":"","dien_tich":29.2,"osm_id":1425074344},"geometry":{"type":"Polygon","coordinates":[[[105.8228737,21.0158175],[105.8228254,21.0158175],[105.8228254,21.0157649],[105.8228737,21.0157649],[105.8228737,21.0158175]]]}},{"type":"Feature","properties":{"id":"OCD-01039","so_to":16,"so_thua":1039,"dia_chi":"","dien_tich":94.8,"osm_id":1425074345},"geometry":{"type":"Polygon","coordinates":[[[105.8228729,21.0158988],[105.8227493,21.0158965],[105.8227507,21.0158297],[105.8228744,21.0158321],[105.8228729,21.0158988]]]}},{"type":"Feature","properties":{"id":"OCD-01040","so_to":16,"so_thua":1040,"dia_chi":"","dien_tich":93.2,"osm_id":1425074346},"geometry":{"type":"Polygon","coordinates":[[[105.8228702,21.0157249],[105.8227562,21.0157206],[105.8227587,21.0156619],[105.8228151,21.015664],[105.8228162,21.0156395],[105.8228737,21.0156416],[105.8228702,21.0157249]]]}},{"type":"Feature","properties":{"id":"OCD-01041","so_to":16,"so_thua":1041,"dia_chi":"","dien_tich":66.2,"osm_id":1425074347},"geometry":{"type":"Polygon","coordinates":[[[105.8227057,21.0157939],[105.8226632,21.0157924],[105.8226633,21.015789],[105.8226668,21.0157053],[105.8226689,21.0156572],[105.8227114,21.0156587],[105.8227057,21.0157939]]]}},{"type":"Feature","properties":{"id":"OCD-01042","so_to":16,"so_thua":1042,"dia_chi":"","dien_tich":35.2,"osm_id":1425074348},"geometry":{"type":"Polygon","coordinates":[[[105.8226633,21.015789],[105.8226267,21.0157877],[105.8226302,21.015704],[105.8226668,21.0157053],[105.8226633,21.015789]]]}},{"type":"Feature","properties":{"id":"OCD-01043","so_to":16,"so_thua":1043,"dia_chi":"","dien_tich":57.3,"osm_id":1425074349},"geometry":{"type":"Polygon","coordinates":[[[105.8226267,21.0157877],[105.8225885,21.0157863],[105.822594,21.0156558],[105.8226322,21.0156572],[105.8226302,21.015704],[105.8226267,21.0157877]]]}},{"type":"Feature","properties":{"id":"OCD-01044","so_to":16,"so_thua":1044,"dia_chi":"","dien_tich":38.3,"osm_id":1425074351},"geometry":{"type":"Polygon","coordinates":[[[105.8225854,21.0157817],[105.8225518,21.0157807],[105.8225551,21.0156815],[105.8225887,21.0156825],[105.8225854,21.0157817]]]}},{"type":"Feature","properties":{"id":"OCD-01045","so_to":16,"so_thua":1045,"dia_chi":"","dien_tich":14.2,"osm_id":1425074352},"geometry":{"type":"Polygon","coordinates":[[[105.8226719,21.0158349],[105.8226295,21.0158343],[105.82263,21.0158052],[105.8226724,21.0158059],[105.8226719,21.0158349]]]}},{"type":"Feature","properties":{"id":"OCD-01046","so_to":16,"so_thua":1046,"dia_chi":"","dien_tich":11.6,"osm_id":1425074353},"geometry":{"type":"Polygon","coordinates":[[[105.8226645,21.0158855],[105.8226391,21.0158841],[105.8226416,21.0158446],[105.822667,21.015846],[105.8226645,21.0158855]]]}},{"type":"Feature","properties":{"id":"OCD-01047","so_to":16,"so_thua":1047,"dia_chi":"","dien_tich":20.6,"osm_id":1425074354},"geometry":{"type":"Polygon","coordinates":[[[105.8226289,21.0158408],[105.8225897,21.0158393],[105.8225918,21.0157935],[105.8226309,21.0157951],[105.82263,21.0158052],[105.8226295,21.0158343],[105.8226289,21.0158408]]]}},{"type":"Feature","properties":{"id":"OCD-01048","so_to":16,"so_thua":1048,"dia_chi":"","dien_tich":15.8,"osm_id":1425074355},"geometry":{"type":"Polygon","coordinates":[[[105.8226288,21.0159006],[105.8225894,21.0158993],[105.8225908,21.0158644],[105.8226302,21.0158658],[105.8226288,21.0159006]]]}},{"type":"Feature","properties":{"id":"OCD-01049","so_to":16,"so_thua":1049,"dia_chi":"","dien_tich":69,"osm_id":1425074356},"geometry":{"type":"Polygon","coordinates":[[[105.8225894,21.0158993],[105.8225262,21.0158971],[105.8225305,21.01579],[105.822583,21.0157919],[105.8225802,21.0158641],[105.8225908,21.0158644],[105.8225894,21.0158993]]]}},{"type":"Feature","properties":{"id":"OCD-01050","so_to":17,"so_thua":1050,"dia_chi":"","dien_tich":30.1,"osm_id":1425074357},"geometry":{"type":"Polygon","coordinates":[[[105.8225262,21.0158971],[105.8225018,21.0158962],[105.822506,21.0157892],[105.8225305,21.01579],[105.8225262,21.0158971]]]}},{"type":"Feature","properties":{"id":"OCD-01051","so_to":17,"so_thua":1051,"dia_chi":"","dien_tich":25.4,"osm_id":1425074362},"geometry":{"type":"Polygon","coordinates":[[[105.8224833,21.0158989],[105.8224497,21.0158976],[105.8224526,21.0158319],[105.8224794,21.0158329],[105.8224861,21.0158331],[105.8224833,21.0158989]]]}},{"type":"Feature","properties":{"id":"OCD-01052","so_to":17,"so_thua":1052,"dia_chi":"","dien_tich":71.5,"osm_id":1425074368},"geometry":{"type":"Polygon","coordinates":[[[105.8236415,21.0158105],[105.823579,21.0158443],[105.8235192,21.0157479],[105.8235594,21.0157262],[105.8235973,21.0157872],[105.8236195,21.0157751],[105.8236415,21.0158105]]]}},{"type":"Feature","properties":{"id":"OCD-01053","so_to":17,"so_thua":1053,"dia_chi":"","dien_tich":57.6,"osm_id":1425074369},"geometry":{"type":"Polygon","coordinates":[[[105.82365,21.0159501],[105.8236114,21.0159711],[105.8235509,21.0158742],[105.8235895,21.0158532],[105.82365,21.0159501]]]}},{"type":"Feature","properties":{"id":"OCD-01054","so_to":17,"so_thua":1054,"dia_chi":"","dien_tich":22.9,"osm_id":1425074370},"geometry":{"type":"Polygon","coordinates":[[[105.8235689,21.0159873],[105.8235415,21.0159436],[105.8235755,21.015925],[105.8236029,21.0159687],[105.8235689,21.0159873]]]}},{"type":"Feature","properties":{"id":"OCD-01055","so_to":17,"so_thua":1055,"dia_chi":"","dien_tich":37.3,"osm_id":1425074371},"geometry":{"type":"Polygon","coordinates":[[[105.8235569,21.0159896],[105.8235263,21.0160046],[105.8234796,21.0159214],[105.8235102,21.0159064],[105.8235569,21.0159896]]]}},{"type":"Feature","properties":{"id":"OCD-01056","so_to":17,"so_thua":1056,"dia_chi":"","dien_tich":47.7,"osm_id":1425074372},"geometry":{"type":"Polygon","coordinates":[[[105.8234944,21.0159034],[105.8234618,21.0159182],[105.8234081,21.0158152],[105.8234407,21.0158004],[105.8234944,21.0159034]]]}},{"type":"Feature","properties":{"id":"OCD-01057","so_to":17,"so_thua":1057,"dia_chi":"","dien_tich":134.9,"osm_id":1425075963},"geometry":{"type":"Polygon","coordinates":[[[105.8246445,21.0149989],[105.8245326,21.0150563],[105.8244851,21.0149758],[105.824597,21.0149183],[105.8246445,21.0149989]]]}},{"type":"Feature","properties":{"id":"OCD-01058","so_to":17,"so_thua":1058,"dia_chi":"","dien_tich":110.7,"osm_id":1425075964},"geometry":{"type":"Polygon","coordinates":[[[105.8245999,21.0153651],[105.8246632,21.0153304],[105.8246724,21.0153451],[105.8246919,21.0153344],[105.8246998,21.0153469],[105.8247255,21.0153877],[105.8247078,21.0153974],[105.8247253,21.0154254],[105.8246602,21.0154611],[105.8245999,21.0153651]]]}},{"type":"Feature","properties":{"id":"OCD-01059","so_to":17,"so_thua":1059,"dia_chi":"","dien_tich":24.7,"osm_id":1425075965},"geometry":{"type":"Polygon","coordinates":[[[105.8245933,21.0153712],[105.8245448,21.0153982],[105.8245239,21.0153656],[105.8245724,21.0153385],[105.8245933,21.0153712]]]}},{"type":"Feature","properties":{"id":"OCD-01060","so_to":17,"so_thua":1060,"dia_chi":"","dien_tich":23.3,"osm_id":1425075966},"geometry":{"type":"Polygon","coordinates":[[[105.8244544,21.0153418],[105.8244238,21.0153585],[105.8244414,21.0153868],[105.8244637,21.0153747],[105.8244716,21.0153873],[105.824498,21.015373],[105.8244869,21.0153551],[105.8244782,21.0153598],[105.8244638,21.0153367],[105.8244544,21.0153418]]]}},{"type":"Feature","properties":{"id":"OCD-01061","so_to":17,"so_thua":1061,"dia_chi":"","dien_tich":46.2,"osm_id":1425075967},"geometry":{"type":"Polygon","coordinates":[[[105.8244192,21.0152853],[105.8244544,21.0153418],[105.8244238,21.0153585],[105.8244079,21.0153671],[105.8243961,21.0153483],[105.8243861,21.0153537],[105.8243627,21.015316],[105.8244192,21.0152853]]]}},{"type":"Feature","properties":{"id":"OCD-01062","so_to":17,"so_thua":1062,"dia_chi":"","dien_tich":66.1,"osm_id":1425075968},"geometry":{"type":"Polygon","coordinates":[[[105.8230425,21.0156492],[105.8230381,21.0157707],[105.8229908,21.0157692],[105.8229946,21.0156639],[105.8229952,21.0156477],[105.8230425,21.0156492]]]}},{"type":"Feature","properties":{"id":"OCD-01063","so_to":17,"so_thua":1063,"dia_chi":"","dien_tich":13.4,"osm_id":1425075969},"geometry":{"type":"Polygon","coordinates":[[[105.8231777,21.0158565],[105.8231605,21.0158307],[105.8231932,21.0158117],[105.8232104,21.0158375],[105.8231777,21.0158565]]]}},{"type":"Feature","properties":{"id":"OCD-01064","so_to":17,"so_thua":1064,"dia_chi":"","dien_tich":37.7,"osm_id":1425075970},"geometry":{"type":"Polygon","coordinates":[[[105.8230956,21.0156885],[105.8230984,21.0156336],[105.823158,21.0156363],[105.8231552,21.0156912],[105.8230956,21.0156885]]]}},{"type":"Feature","properties":{"id":"OCD-01065","so_to":17,"so_thua":1065,"dia_chi":"","dien_tich":52.2,"osm_id":1425075971},"geometry":{"type":"Polygon","coordinates":[[[105.8231433,21.0157385],[105.8231425,21.0157604],[105.8230946,21.0157588],[105.8230967,21.0157004],[105.8231921,21.0157035],[105.8231908,21.0157401],[105.8231433,21.0157385]]]}},{"type":"Feature","properties":{"id":"OCD-01066","so_to":17,"so_thua":1066,"dia_chi":"","dien_tich":113.7,"osm_id":1425075972},"geometry":{"type":"Polygon","coordinates":[[[105.8231485,21.0157734],[105.8231454,21.0158926],[105.8230897,21.0158913],[105.8230902,21.0158717],[105.8230552,21.0158709],[105.8230576,21.015778],[105.8230925,21.0157788],[105.8230926,21.0157721],[105.8231485,21.0157734]]]}},{"type":"Feature","properties":{"id":"OCD-01067","so_to":17,"so_thua":1067,"dia_chi":"","dien_tich":50.9,"osm_id":1425075973},"geometry":{"type":"Polygon","coordinates":[[[105.8232668,21.0158236],[105.8232304,21.0158443],[105.8232005,21.0157988],[105.8231664,21.0158182],[105.8231519,21.015796],[105.8232223,21.0157558],[105.8232668,21.0158236]]]}},{"type":"Feature","properties":{"id":"OCD-01068","so_to":17,"so_thua":1068,"dia_chi":"","dien_tich":36.7,"osm_id":1425075974},"geometry":{"type":"Polygon","coordinates":[[[105.8231882,21.0156781],[105.8231691,21.0156499],[105.8232502,21.0156022],[105.8232692,21.0156305],[105.8231882,21.0156781]]]}},{"type":"Feature","properties":{"id":"OCD-01069","so_to":17,"so_thua":1069,"dia_chi":"","dien_tich":43.4,"osm_id":1425075975},"geometry":{"type":"Polygon","coordinates":[[[105.8232903,21.0156829],[105.8232231,21.0157213],[105.8231963,21.0156805],[105.8232635,21.015642],[105.8232903,21.0156829]]]}},{"type":"Feature","properties":{"id":"OCD-01070","so_to":17,"so_thua":1070,"dia_chi":"","dien_tich":74.7,"osm_id":1425075976},"geometry":{"type":"Polygon","coordinates":[[[105.8232325,21.0157259],[105.8232631,21.0157074],[105.8232723,21.0157207],[105.8233107,21.0156975],[105.8233419,21.0157425],[105.8233085,21.0157626],[105.8233206,21.01578],[105.823275,21.0158075],[105.823243,21.0157613],[105.8232529,21.0157553],[105.8232325,21.0157259]]]}},{"type":"Feature","properties":{"id":"OCD-01071","so_to":17,"so_thua":1071,"dia_chi":"33 Ngõ Giếng","dien_tich":581.5,"osm_id":1431638823},"geometry":{"type":"Polygon","coordinates":[[[105.8272026,21.0184197],[105.8270624,21.0182375],[105.8268791,21.0183603],[105.8270194,21.0185426],[105.8272026,21.0184197]]]}},{"type":"Feature","properties":{"id":"OCD-01072","so_to":17,"so_thua":1072,"dia_chi":"","dien_tich":57.7,"osm_id":1459832134},"geometry":{"type":"Polygon","coordinates":[[[105.8347656,21.0265007],[105.8348388,21.0264088],[105.8348036,21.0263844],[105.8347304,21.0264763],[105.8347656,21.0265007]]]}},{"type":"Feature","properties":{"id":"OCD-01073","so_to":17,"so_thua":1073,"dia_chi":"10-12 Ngõ 168 Phố Hào Nam","dien_tich":224.4,"osm_id":1510534495},"geometry":{"type":"Polygon","coordinates":[[[105.828349,21.0258024],[105.8282489,21.0258292],[105.8283043,21.0260095],[105.8284044,21.0259827],[105.828349,21.0258024]]]}},{"type":"Feature","properties":{"id":"OCD-01074","so_to":17,"so_thua":1074,"dia_chi":"","dien_tich":231.3,"osm_id":1548790952},"geometry":{"type":"Polygon","coordinates":[[[105.8271797,21.0255173],[105.8270638,21.0255458],[105.827076,21.0255891],[105.8270315,21.0256],[105.82706,21.0257008],[105.8272184,21.0256617],[105.8272087,21.0256273],[105.8271576,21.0256399],[105.8271455,21.025597],[105.8271985,21.0255839],[105.8271797,21.0255173]]]}},{"type":"Feature","properties":{"id":"OCD-01075","so_to":17,"so_thua":1075,"dia_chi":"","dien_tich":186.8,"osm_id":1550770742},"geometry":{"type":"Polygon","coordinates":[[[105.8329873,21.0310154],[105.8330317,21.0311455],[105.83315,21.0311103],[105.8331246,21.031036],[105.8331134,21.0310393],[105.8330944,21.0309835],[105.8329873,21.0310154]]]}},{"type":"Feature","properties":{"id":"OCD-01076","so_to":17,"so_thua":1076,"dia_chi":"","dien_tich":117.4,"osm_id":1550770743},"geometry":{"type":"Polygon","coordinates":[[[105.8328746,21.0310542],[105.8329126,21.0311654],[105.832996,21.0311405],[105.832958,21.0310293],[105.8328746,21.0310542]]]}},{"type":"Feature","properties":{"id":"OCD-01077","so_to":17,"so_thua":1077,"dia_chi":"","dien_tich":129.8,"osm_id":1550770744},"geometry":{"type":"Polygon","coordinates":[[[105.8327935,21.0312344],[105.8328884,21.0312062],[105.8328535,21.0311042],[105.8327586,21.0311324],[105.8327668,21.0311564],[105.8327527,21.0311606],[105.8327666,21.0312015],[105.8327808,21.0311973],[105.8327935,21.0312344]]]}},{"type":"Feature","properties":{"id":"OCD-01078","so_to":17,"so_thua":1078,"dia_chi":"","dien_tich":96,"osm_id":1557512918},"geometry":{"type":"Polygon","coordinates":[[[105.8341152,21.0268058],[105.8340196,21.0268371],[105.8340488,21.0269149],[105.8341445,21.0268836],[105.8341152,21.0268058]]]}},{"type":"Feature","properties":{"id":"OCD-01079","so_to":17,"so_thua":1079,"dia_chi":"","dien_tich":17,"osm_id":1557512925},"geometry":{"type":"Polygon","coordinates":[[[105.8218345,21.0212922],[105.8217986,21.0213225],[105.8218206,21.0213452],[105.8218565,21.021315],[105.8218345,21.0212922]]]}},{"type":"Feature","properties":{"id":"OCD-01080","so_to":17,"so_thua":1080,"dia_chi":"","dien_tich":71.5,"osm_id":1557512927},"geometry":{"type":"Polygon","coordinates":[[[105.822,21.02134],[105.8219311,21.0213901],[105.8219781,21.0214463],[105.8220469,21.0213962],[105.822,21.02134]]]}},{"type":"Feature","properties":{"id":"OCD-01081","so_to":17,"so_thua":1081,"dia_chi":"","dien_tich":192.8,"osm_id":1557512928},"geometry":{"type":"Polygon","coordinates":[[[105.8219589,21.0214806],[105.8220138,21.0215463],[105.8220411,21.0215265],[105.8220685,21.0215593],[105.8221411,21.0215064],[105.8221137,21.0214736],[105.8221363,21.0214571],[105.8220813,21.0213914],[105.8219589,21.0214806]]]}},{"type":"Feature","properties":{"id":"OCD-01082","so_to":17,"so_thua":1082,"dia_chi":"","dien_tich":77.7,"osm_id":1557512929},"geometry":{"type":"Polygon","coordinates":[[[105.8265663,21.0277345],[105.8266221,21.0276653],[105.8265653,21.0276254],[105.826553,21.0276406],[105.8265417,21.0276326],[105.8265141,21.0276668],[105.8265255,21.0276748],[105.8265095,21.0276945],[105.8265663,21.0277345]]]}},{"type":"Feature","properties":{"id":"OCD-01083","so_to":17,"so_thua":1083,"dia_chi":"","dien_tich":36.5,"osm_id":1557512930},"geometry":{"type":"Polygon","coordinates":[[[105.8264294,21.027032],[105.8264765,21.0270518],[105.8265035,21.0269956],[105.8264564,21.0269759],[105.8264294,21.027032]]]}}]}